{
  "ABIRoot": {
    "kind": "Root",
    "name": "TopLevel",
    "printedName": "TopLevel",
    "children": [
      {
        "kind": "Import",
        "name": "UIKit",
        "printedName": "UIKit",
        "declKind": "Import",
        "moduleName": "MWLogsPlugin",
        "declAttributes": [
          "RawDocComment"
        ]
      },
      {
        "kind": "Import",
        "name": "MobileWorkflowCore",
        "printedName": "MobileWorkflowCore",
        "declKind": "Import",
        "moduleName": "MWLogsPlugin"
      },
      {
        "kind": "Import",
        "name": "Foundation",
        "printedName": "Foundation",
        "declKind": "Import",
        "moduleName": "MWLogsPlugin",
        "declAttributes": [
          "RawDocComment"
        ]
      },
      {
        "kind": "TypeDecl",
        "name": "ARLoggerConfiguration",
        "printedName": "ARLoggerConfiguration",
        "children": [
          {
            "kind": "Var",
            "name": "enableLogs",
            "printedName": "enableLogs",
            "children": [
              {
                "kind": "TypeNominal",
                "name": "Bool",
                "printedName": "Swift.Bool",
                "usr": "s:Sb"
              }
            ],
            "declKind": "Var",
            "usr": "s:12MWLogsPlugin21ARLoggerConfigurationV10enableLogsSbvp",
            "mangledName": "$s12MWLogsPlugin21ARLoggerConfigurationV10enableLogsSbvp",
            "moduleName": "MWLogsPlugin",
            "declAttributes": [
              "AccessControl"
            ],
            "accessors": [
              {
                "kind": "Accessor",
                "name": "Get",
                "printedName": "Get()",
                "children": [
                  {
                    "kind": "TypeNominal",
                    "name": "Bool",
                    "printedName": "Swift.Bool",
                    "usr": "s:Sb"
                  }
                ],
                "declKind": "Accessor",
                "usr": "s:12MWLogsPlugin21ARLoggerConfigurationV10enableLogsSbvg",
                "mangledName": "$s12MWLogsPlugin21ARLoggerConfigurationV10enableLogsSbvg",
                "moduleName": "MWLogsPlugin",
                "accessorKind": "get"
              },
              {
                "kind": "Accessor",
                "name": "Set",
                "printedName": "Set()",
                "children": [
                  {
                    "kind": "TypeNominal",
                    "name": "Void",
                    "printedName": "()"
                  },
                  {
                    "kind": "TypeNominal",
                    "name": "Bool",
                    "printedName": "Swift.Bool",
                    "usr": "s:Sb"
                  }
                ],
                "declKind": "Accessor",
                "usr": "s:12MWLogsPlugin21ARLoggerConfigurationV10enableLogsSbvs",
                "mangledName": "$s12MWLogsPlugin21ARLoggerConfigurationV10enableLogsSbvs",
                "moduleName": "MWLogsPlugin",
                "accessorKind": "set"
              },
              {
                "kind": "Accessor",
                "name": "Modify",
                "printedName": "Modify()",
                "children": [
                  {
                    "kind": "TypeNominal",
                    "name": "Void",
                    "printedName": "()"
                  }
                ],
                "declKind": "Accessor",
                "usr": "s:12MWLogsPlugin21ARLoggerConfigurationV10enableLogsSbvM",
                "mangledName": "$s12MWLogsPlugin21ARLoggerConfigurationV10enableLogsSbvM",
                "moduleName": "MWLogsPlugin",
                "implicit": true,
                "accessorKind": "_modify"
              }
            ]
          },
          {
            "kind": "Var",
            "name": "exportLogs",
            "printedName": "exportLogs",
            "children": [
              {
                "kind": "TypeNominal",
                "name": "Bool",
                "printedName": "Swift.Bool",
                "usr": "s:Sb"
              }
            ],
            "declKind": "Var",
            "usr": "s:12MWLogsPlugin21ARLoggerConfigurationV10exportLogsSbvp",
            "mangledName": "$s12MWLogsPlugin21ARLoggerConfigurationV10exportLogsSbvp",
            "moduleName": "MWLogsPlugin",
            "declAttributes": [
              "AccessControl"
            ],
            "accessors": [
              {
                "kind": "Accessor",
                "name": "Get",
                "printedName": "Get()",
                "children": [
                  {
                    "kind": "TypeNominal",
                    "name": "Bool",
                    "printedName": "Swift.Bool",
                    "usr": "s:Sb"
                  }
                ],
                "declKind": "Accessor",
                "usr": "s:12MWLogsPlugin21ARLoggerConfigurationV10exportLogsSbvg",
                "mangledName": "$s12MWLogsPlugin21ARLoggerConfigurationV10exportLogsSbvg",
                "moduleName": "MWLogsPlugin",
                "accessorKind": "get"
              },
              {
                "kind": "Accessor",
                "name": "Set",
                "printedName": "Set()",
                "children": [
                  {
                    "kind": "TypeNominal",
                    "name": "Void",
                    "printedName": "()"
                  },
                  {
                    "kind": "TypeNominal",
                    "name": "Bool",
                    "printedName": "Swift.Bool",
                    "usr": "s:Sb"
                  }
                ],
                "declKind": "Accessor",
                "usr": "s:12MWLogsPlugin21ARLoggerConfigurationV10exportLogsSbvs",
                "mangledName": "$s12MWLogsPlugin21ARLoggerConfigurationV10exportLogsSbvs",
                "moduleName": "MWLogsPlugin",
                "accessorKind": "set"
              },
              {
                "kind": "Accessor",
                "name": "Modify",
                "printedName": "Modify()",
                "children": [
                  {
                    "kind": "TypeNominal",
                    "name": "Void",
                    "printedName": "()"
                  }
                ],
                "declKind": "Accessor",
                "usr": "s:12MWLogsPlugin21ARLoggerConfigurationV10exportLogsSbvM",
                "mangledName": "$s12MWLogsPlugin21ARLoggerConfigurationV10exportLogsSbvM",
                "moduleName": "MWLogsPlugin",
                "implicit": true,
                "accessorKind": "_modify"
              }
            ]
          },
          {
            "kind": "Var",
            "name": "deleteLogs",
            "printedName": "deleteLogs",
            "children": [
              {
                "kind": "TypeNominal",
                "name": "Bool",
                "printedName": "Swift.Bool",
                "usr": "s:Sb"
              }
            ],
            "declKind": "Var",
            "usr": "s:12MWLogsPlugin21ARLoggerConfigurationV10deleteLogsSbvp",
            "mangledName": "$s12MWLogsPlugin21ARLoggerConfigurationV10deleteLogsSbvp",
            "moduleName": "MWLogsPlugin",
            "declAttributes": [
              "AccessControl"
            ],
            "accessors": [
              {
                "kind": "Accessor",
                "name": "Get",
                "printedName": "Get()",
                "children": [
                  {
                    "kind": "TypeNominal",
                    "name": "Bool",
                    "printedName": "Swift.Bool",
                    "usr": "s:Sb"
                  }
                ],
                "declKind": "Accessor",
                "usr": "s:12MWLogsPlugin21ARLoggerConfigurationV10deleteLogsSbvg",
                "mangledName": "$s12MWLogsPlugin21ARLoggerConfigurationV10deleteLogsSbvg",
                "moduleName": "MWLogsPlugin",
                "accessorKind": "get"
              },
              {
                "kind": "Accessor",
                "name": "Set",
                "printedName": "Set()",
                "children": [
                  {
                    "kind": "TypeNominal",
                    "name": "Void",
                    "printedName": "()"
                  },
                  {
                    "kind": "TypeNominal",
                    "name": "Bool",
                    "printedName": "Swift.Bool",
                    "usr": "s:Sb"
                  }
                ],
                "declKind": "Accessor",
                "usr": "s:12MWLogsPlugin21ARLoggerConfigurationV10deleteLogsSbvs",
                "mangledName": "$s12MWLogsPlugin21ARLoggerConfigurationV10deleteLogsSbvs",
                "moduleName": "MWLogsPlugin",
                "accessorKind": "set"
              },
              {
                "kind": "Accessor",
                "name": "Modify",
                "printedName": "Modify()",
                "children": [
                  {
                    "kind": "TypeNominal",
                    "name": "Void",
                    "printedName": "()"
                  }
                ],
                "declKind": "Accessor",
                "usr": "s:12MWLogsPlugin21ARLoggerConfigurationV10deleteLogsSbvM",
                "mangledName": "$s12MWLogsPlugin21ARLoggerConfigurationV10deleteLogsSbvM",
                "moduleName": "MWLogsPlugin",
                "implicit": true,
                "accessorKind": "_modify"
              }
            ]
          },
          {
            "kind": "Constructor",
            "name": "init",
            "printedName": "init(userDefaults:)",
            "children": [
              {
                "kind": "TypeNominal",
                "name": "ARLoggerConfiguration",
                "printedName": "MWLogsPlugin.ARLoggerConfiguration",
                "usr": "s:12MWLogsPlugin21ARLoggerConfigurationV"
              },
              {
                "kind": "TypeNominal",
                "name": "UserDefaults",
                "printedName": "Foundation.UserDefaults",
                "hasDefaultArg": true,
                "usr": "c:objc(cs)NSUserDefaults"
              }
            ],
            "declKind": "Constructor",
            "usr": "s:12MWLogsPlugin21ARLoggerConfigurationV12userDefaultsACSo06NSUserF0C_tcfc",
            "mangledName": "$s12MWLogsPlugin21ARLoggerConfigurationV12userDefaultsACSo06NSUserF0C_tcfc",
            "moduleName": "MWLogsPlugin",
            "declAttributes": [
              "AccessControl"
            ],
            "init_kind": "Designated"
          }
        ],
        "declKind": "Struct",
        "usr": "s:12MWLogsPlugin21ARLoggerConfigurationV",
        "mangledName": "$s12MWLogsPlugin21ARLoggerConfigurationV",
        "moduleName": "MWLogsPlugin",
        "declAttributes": [
          "AccessControl"
        ]
      },
      {
        "kind": "Import",
        "name": "Foundation",
        "printedName": "Foundation",
        "declKind": "Import",
        "moduleName": "MWLogsPlugin",
        "declAttributes": [
          "RawDocComment"
        ]
      },
      {
        "kind": "Import",
        "name": "UIKit",
        "printedName": "UIKit",
        "declKind": "Import",
        "moduleName": "MWLogsPlugin"
      },
      {
        "kind": "Import",
        "name": "MobileWorkflowCore",
        "printedName": "MobileWorkflowCore",
        "declKind": "Import",
        "moduleName": "MWLogsPlugin"
      },
      {
        "kind": "Function",
        "name": "debugPrint",
        "printedName": "debugPrint(_:separator:terminator:)",
        "children": [
          {
            "kind": "TypeNominal",
            "name": "Void",
            "printedName": "()"
          },
          {
            "kind": "TypeNominal",
            "name": "Array",
            "printedName": "[Any]",
            "children": [
              {
                "kind": "TypeNominal",
                "name": "ProtocolComposition",
                "printedName": "Any"
              }
            ],
            "usr": "s:Sa"
          },
          {
            "kind": "TypeNominal",
            "name": "String",
            "printedName": "Swift.String",
            "hasDefaultArg": true,
            "usr": "s:SS"
          },
          {
            "kind": "TypeNominal",
            "name": "String",
            "printedName": "Swift.String",
            "hasDefaultArg": true,
            "usr": "s:SS"
          }
        ],
        "declKind": "Func",
        "usr": "s:12MWLogsPlugin10debugPrint_9separator10terminatoryypd_S2StF",
        "mangledName": "$s12MWLogsPlugin10debugPrint_9separator10terminatoryypd_S2StF",
        "moduleName": "MWLogsPlugin",
        "declAttributes": [
          "AccessControl"
        ],
        "funcSelfKind": "NonMutating"
      },
      {
        "kind": "Function",
        "name": "print",
        "printedName": "print(_:separator:terminator:)",
        "children": [
          {
            "kind": "TypeNominal",
            "name": "Void",
            "printedName": "()"
          },
          {
            "kind": "TypeNominal",
            "name": "Array",
            "printedName": "[Any]",
            "children": [
              {
                "kind": "TypeNominal",
                "name": "ProtocolComposition",
                "printedName": "Any"
              }
            ],
            "usr": "s:Sa"
          },
          {
            "kind": "TypeNominal",
            "name": "String",
            "printedName": "Swift.String",
            "hasDefaultArg": true,
            "usr": "s:SS"
          },
          {
            "kind": "TypeNominal",
            "name": "String",
            "printedName": "Swift.String",
            "hasDefaultArg": true,
            "usr": "s:SS"
          }
        ],
        "declKind": "Func",
        "usr": "s:12MWLogsPlugin5print_9separator10terminatoryypd_S2StF",
        "mangledName": "$s12MWLogsPlugin5print_9separator10terminatoryypd_S2StF",
        "moduleName": "MWLogsPlugin",
        "declAttributes": [
          "AccessControl"
        ],
        "funcSelfKind": "NonMutating"
      },
      {
        "kind": "Import",
        "name": "Foundation",
        "printedName": "Foundation",
        "declKind": "Import",
        "moduleName": "MWLogsPlugin",
        "declAttributes": [
          "RawDocComment"
        ]
      },
      {
        "kind": "Import",
        "name": "MobileWorkflowCore",
        "printedName": "MobileWorkflowCore",
        "declKind": "Import",
        "moduleName": "MWLogsPlugin"
      },
      {
        "kind": "Import",
        "name": "CrashReporter",
        "printedName": "CrashReporter",
        "declKind": "Import",
        "moduleName": "MWLogsPlugin"
      },
      {
        "kind": "Import",
        "name": "Foundation",
        "printedName": "Foundation",
        "declKind": "Import",
        "moduleName": "MWLogsPlugin",
        "declAttributes": [
          "RawDocComment"
        ]
      },
      {
        "kind": "Import",
        "name": "MobileWorkflowCore",
        "printedName": "MobileWorkflowCore",
        "declKind": "Import",
        "moduleName": "MWLogsPlugin"
      },
      {
        "kind": "Import",
        "name": "Foundation",
        "printedName": "Foundation",
        "declKind": "Import",
        "moduleName": "MWLogsPlugin",
        "declAttributes": [
          "RawDocComment"
        ]
      },
      {
        "kind": "Import",
        "name": "Foundation",
        "printedName": "Foundation",
        "declKind": "Import",
        "moduleName": "MWLogsPlugin",
        "declAttributes": [
          "RawDocComment"
        ]
      },
      {
        "kind": "Import",
        "name": "MobileWorkflowCore",
        "printedName": "MobileWorkflowCore",
        "declKind": "Import",
        "moduleName": "MWLogsPlugin"
      },
      {
        "kind": "Import",
        "name": "Foundation",
        "printedName": "Foundation",
        "declKind": "Import",
        "moduleName": "MWLogsPlugin",
        "declAttributes": [
          "RawDocComment"
        ]
      },
      {
        "kind": "Import",
        "name": "MobileWorkflowCore",
        "printedName": "MobileWorkflowCore",
        "declKind": "Import",
        "moduleName": "MWLogsPlugin"
      },
      {
        "kind": "TypeDecl",
        "name": "LogConfigurationStep",
        "printedName": "LogConfigurationStep",
        "children": [
          {
            "kind": "Function",
            "name": "instantiateViewController",
            "printedName": "instantiateViewController()",
            "children": [
              {
                "kind": "TypeNominal",
                "name": "StepViewController",
                "printedName": "MobileWorkflowCore.StepViewController",
                "usr": "s:18MobileWorkflowCore18StepViewControllerP"
              }
            ],
            "declKind": "Func",
            "usr": "s:12MWLogsPlugin20LogConfigurationStepC25instantiateViewController18MobileWorkflowCore0egH0_pyF",
            "mangledName": "$s12MWLogsPlugin20LogConfigurationStepC25instantiateViewController18MobileWorkflowCore0egH0_pyF",
            "moduleName": "MWLogsPlugin",
            "overriding": true,
            "declAttributes": [
              "Override",
              "AccessControl"
            ],
            "funcSelfKind": "NonMutating"
          },
          {
            "kind": "Constructor",
            "name": "init",
            "printedName": "init(identifier:title:text:theme:links:navigationItems:)",
            "children": [
              {
                "kind": "TypeNominal",
                "name": "LogConfigurationStep",
                "printedName": "MWLogsPlugin.LogConfigurationStep",
                "usr": "s:12MWLogsPlugin20LogConfigurationStepC"
              },
              {
                "kind": "TypeNominal",
                "name": "String",
                "printedName": "Swift.String",
                "usr": "s:SS"
              },
              {
                "kind": "TypeNominal",
                "name": "Optional",
                "printedName": "Swift.String?",
                "children": [
                  {
                    "kind": "TypeNominal",
                    "name": "String",
                    "printedName": "Swift.String",
                    "usr": "s:SS"
                  }
                ],
                "hasDefaultArg": true,
                "usr": "s:Sq"
              },
              {
                "kind": "TypeNominal",
                "name": "Optional",
                "printedName": "Swift.String?",
                "children": [
                  {
                    "kind": "TypeNominal",
                    "name": "String",
                    "printedName": "Swift.String",
                    "usr": "s:SS"
                  }
                ],
                "hasDefaultArg": true,
                "usr": "s:Sq"
              },
              {
                "kind": "TypeNominal",
                "name": "Theme",
                "printedName": "MobileWorkflowCore.Theme",
                "hasDefaultArg": true,
                "usr": "s:18MobileWorkflowCore5ThemeV"
              },
              {
                "kind": "TypeNominal",
                "name": "Array",
                "printedName": "[MobileWorkflowCore.StepLink]",
                "children": [
                  {
                    "kind": "TypeNominal",
                    "name": "StepLink",
                    "printedName": "MobileWorkflowCore.StepLink",
                    "usr": "s:18MobileWorkflowCore8StepLinkV"
                  }
                ],
                "hasDefaultArg": true,
                "usr": "s:Sa"
              },
              {
                "kind": "TypeNominal",
                "name": "Array",
                "printedName": "[MobileWorkflowCore.StepNavigationItem]",
                "children": [
                  {
                    "kind": "TypeNominal",
                    "name": "StepNavigationItem",
                    "printedName": "MobileWorkflowCore.StepNavigationItem",
                    "usr": "s:18MobileWorkflowCore18StepNavigationItemV"
                  }
                ],
                "hasDefaultArg": true,
                "usr": "s:Sa"
              }
            ],
            "declKind": "Constructor",
            "usr": "s:12MWLogsPlugin20LogConfigurationStepC10identifier5title4text5theme5links15navigationItemsACSS_SSSgAJ18MobileWorkflowCore5ThemeVSayAK0E4LinkVGSayAK0E14NavigationItemVGtcfc",
            "mangledName": "$s12MWLogsPlugin20LogConfigurationStepC10identifier5title4text5theme5links15navigationItemsACSS_SSSgAJ18MobileWorkflowCore5ThemeVSayAK0E4LinkVGSayAK0E14NavigationItemVGtcfc",
            "moduleName": "MWLogsPlugin",
            "overriding": true,
            "implicit": true,
            "declAttributes": [
              "Override"
            ],
            "init_kind": "Designated"
          },
          {
            "kind": "Function",
            "name": "build",
            "printedName": "build(stepInfo:services:)",
            "children": [
              {
                "kind": "TypeNominal",
                "name": "Step",
                "printedName": "MobileWorkflowCore.Step",
                "usr": "s:18MobileWorkflowCore4StepP"
              },
              {
                "kind": "TypeNominal",
                "name": "StepInfo",
                "printedName": "MobileWorkflowCore.StepInfo",
                "usr": "s:18MobileWorkflowCore8StepInfoV"
              },
              {
                "kind": "TypeNominal",
                "name": "StepServices",
                "printedName": "MobileWorkflowCore.StepServices",
                "usr": "s:18MobileWorkflowCore12StepServicesC"
              }
            ],
            "declKind": "Func",
            "usr": "s:12MWLogsPlugin20LogConfigurationStepC5build8stepInfo8services18MobileWorkflowCore0E0_pAG0eH0V_AG0E8ServicesCtKFZ",
            "mangledName": "$s12MWLogsPlugin20LogConfigurationStepC5build8stepInfo8services18MobileWorkflowCore0E0_pAG0eH0V_AG0E8ServicesCtKFZ",
            "moduleName": "MWLogsPlugin",
            "static": true,
            "declAttributes": [
              "Final",
              "AccessControl"
            ],
            "isFromExtension": true,
            "throwing": true,
            "funcSelfKind": "NonMutating"
          }
        ],
        "declKind": "Class",
        "usr": "s:12MWLogsPlugin20LogConfigurationStepC",
        "mangledName": "$s12MWLogsPlugin20LogConfigurationStepC",
        "moduleName": "MWLogsPlugin",
        "declAttributes": [
          "AccessControl"
        ],
        "superclassUsr": "s:18MobileWorkflowCore6MWStepC",
        "hasMissingDesignatedInitializers": true,
        "superclassNames": [
          "MobileWorkflowCore.MWStep"
        ],
        "conformances": [
          {
            "kind": "Conformance",
            "name": "BuildableStep",
            "printedName": "BuildableStep",
            "usr": "s:18MobileWorkflowCore13BuildableStepP",
            "mangledName": "$s18MobileWorkflowCore13BuildableStepP"
          },
          {
            "kind": "Conformance",
            "name": "Step",
            "printedName": "Step",
            "usr": "s:18MobileWorkflowCore4StepP",
            "mangledName": "$s18MobileWorkflowCore4StepP"
          }
        ]
      },
      {
        "kind": "Import",
        "name": "UIKit",
        "printedName": "UIKit",
        "declKind": "Import",
        "moduleName": "MWLogsPlugin",
        "declAttributes": [
          "RawDocComment"
        ]
      },
      {
        "kind": "Import",
        "name": "MobileWorkflowCore",
        "printedName": "MobileWorkflowCore",
        "declKind": "Import",
        "moduleName": "MWLogsPlugin"
      },
      {
        "kind": "TypeDecl",
        "name": "LogConfigurationStepViewController",
        "printedName": "LogConfigurationStepViewController",
        "children": [
          {
            "kind": "Function",
            "name": "viewDidLoad",
            "printedName": "viewDidLoad()",
            "children": [
              {
                "kind": "TypeNominal",
                "name": "Void",
                "printedName": "()"
              }
            ],
            "declKind": "Func",
            "usr": "c:@M@MWLogsPlugin@objc(cs)LogConfigurationStepViewController(im)viewDidLoad",
            "mangledName": "$s12MWLogsPlugin34LogConfigurationStepViewControllerC11viewDidLoadyyF",
            "moduleName": "MWLogsPlugin",
            "overriding": true,
            "objc_name": "viewDidLoad",
            "declAttributes": [
              "Dynamic",
              "ObjC",
              "Custom",
              "Override",
              "AccessControl"
            ],
            "funcSelfKind": "NonMutating"
          },
          {
            "kind": "Constructor",
            "name": "init",
            "printedName": "init(step:nibName:bundle:)",
            "children": [
              {
                "kind": "TypeNominal",
                "name": "LogConfigurationStepViewController",
                "printedName": "MWLogsPlugin.LogConfigurationStepViewController",
                "usr": "c:@M@MWLogsPlugin@objc(cs)LogConfigurationStepViewController"
              },
              {
                "kind": "TypeNominal",
                "name": "Step",
                "printedName": "MobileWorkflowCore.Step",
                "usr": "s:18MobileWorkflowCore4StepP"
              },
              {
                "kind": "TypeNominal",
                "name": "Optional",
                "printedName": "Swift.String?",
                "children": [
                  {
                    "kind": "TypeNominal",
                    "name": "String",
                    "printedName": "Swift.String",
                    "usr": "s:SS"
                  }
                ],
                "usr": "s:Sq"
              },
              {
                "kind": "TypeNominal",
                "name": "Optional",
                "printedName": "Foundation.Bundle?",
                "children": [
                  {
                    "kind": "TypeNominal",
                    "name": "Bundle",
                    "printedName": "Foundation.Bundle",
                    "usr": "c:objc(cs)NSBundle"
                  }
                ],
                "usr": "s:Sq"
              }
            ],
            "declKind": "Constructor",
            "usr": "s:12MWLogsPlugin34LogConfigurationStepViewControllerC4step7nibName6bundleAC18MobileWorkflowCore0E0_p_SSSgSo8NSBundleCSgtcfc",
            "mangledName": "$s12MWLogsPlugin34LogConfigurationStepViewControllerC4step7nibName6bundleAC18MobileWorkflowCore0E0_p_SSSgSo8NSBundleCSgtcfc",
            "moduleName": "MWLogsPlugin",
            "overriding": true,
            "implicit": true,
            "declAttributes": [
              "Custom",
              "Override"
            ],
            "init_kind": "Designated"
          },
          {
            "kind": "Constructor",
            "name": "init",
            "printedName": "init(step:)",
            "children": [
              {
                "kind": "TypeNominal",
                "name": "LogConfigurationStepViewController",
                "printedName": "MWLogsPlugin.LogConfigurationStepViewController",
                "usr": "c:@M@MWLogsPlugin@objc(cs)LogConfigurationStepViewController"
              },
              {
                "kind": "TypeNominal",
                "name": "Step",
                "printedName": "MobileWorkflowCore.Step",
                "usr": "s:18MobileWorkflowCore4StepP"
              }
            ],
            "declKind": "Constructor",
            "usr": "s:12MWLogsPlugin34LogConfigurationStepViewControllerC4stepAC18MobileWorkflowCore0E0_p_tcfc",
            "mangledName": "$s12MWLogsPlugin34LogConfigurationStepViewControllerC4stepAC18MobileWorkflowCore0E0_p_tcfc",
            "moduleName": "MWLogsPlugin",
            "overriding": true,
            "implicit": true,
            "declAttributes": [
              "Custom",
              "Override"
            ],
            "init_kind": "Designated"
          },
          {
            "kind": "Constructor",
            "name": "init",
            "printedName": "init(coder:)",
            "children": [
              {
                "kind": "TypeNominal",
                "name": "Optional",
                "printedName": "MWLogsPlugin.LogConfigurationStepViewController?",
                "children": [
                  {
                    "kind": "TypeNominal",
                    "name": "LogConfigurationStepViewController",
                    "printedName": "MWLogsPlugin.LogConfigurationStepViewController",
                    "usr": "c:@M@MWLogsPlugin@objc(cs)LogConfigurationStepViewController"
                  }
                ],
                "usr": "s:Sq"
              },
              {
                "kind": "TypeNominal",
                "name": "NSCoder",
                "printedName": "Foundation.NSCoder",
                "usr": "c:objc(cs)NSCoder"
              }
            ],
            "declKind": "Constructor",
            "usr": "c:@M@MWLogsPlugin@objc(cs)LogConfigurationStepViewController(im)initWithCoder:",
            "mangledName": "$s12MWLogsPlugin34LogConfigurationStepViewControllerC5coderACSgSo7NSCoderC_tcfc",
            "moduleName": "MWLogsPlugin",
            "overriding": true,
            "implicit": true,
            "objc_name": "initWithCoder:",
            "declAttributes": [
              "Dynamic",
              "ObjC",
              "Custom",
              "Required"
            ],
            "init_kind": "Designated"
          },
          {
            "kind": "Function",
            "name": "numberOfSections",
            "printedName": "numberOfSections(in:)",
            "children": [
              {
                "kind": "TypeNominal",
                "name": "Int",
                "printedName": "Swift.Int",
                "usr": "s:Si"
              },
              {
                "kind": "TypeNominal",
                "name": "UITableView",
                "printedName": "UIKit.UITableView",
                "usr": "c:objc(cs)UITableView"
              }
            ],
            "declKind": "Func",
            "usr": "c:@CM@MWLogsPlugin@objc(cs)LogConfigurationStepViewController(im)numberOfSectionsInTableView:",
            "mangledName": "$s12MWLogsPlugin34LogConfigurationStepViewControllerC16numberOfSections2inSiSo07UITableF0C_tF",
            "moduleName": "MWLogsPlugin",
            "objc_name": "numberOfSectionsInTableView:",
            "declAttributes": [
              "Dynamic",
              "ObjC",
              "Custom",
              "AccessControl"
            ],
            "isFromExtension": true,
            "funcSelfKind": "NonMutating"
          },
          {
            "kind": "Function",
            "name": "tableView",
            "printedName": "tableView(_:numberOfRowsInSection:)",
            "children": [
              {
                "kind": "TypeNominal",
                "name": "Int",
                "printedName": "Swift.Int",
                "usr": "s:Si"
              },
              {
                "kind": "TypeNominal",
                "name": "UITableView",
                "printedName": "UIKit.UITableView",
                "usr": "c:objc(cs)UITableView"
              },
              {
                "kind": "TypeNominal",
                "name": "Int",
                "printedName": "Swift.Int",
                "usr": "s:Si"
              }
            ],
            "declKind": "Func",
            "usr": "c:@CM@MWLogsPlugin@objc(cs)LogConfigurationStepViewController(im)tableView:numberOfRowsInSection:",
            "mangledName": "$s12MWLogsPlugin34LogConfigurationStepViewControllerC05tableF0_21numberOfRowsInSectionSiSo07UITableF0C_SitF",
            "moduleName": "MWLogsPlugin",
            "objc_name": "tableView:numberOfRowsInSection:",
            "declAttributes": [
              "Dynamic",
              "ObjC",
              "Custom",
              "AccessControl"
            ],
            "isFromExtension": true,
            "funcSelfKind": "NonMutating"
          },
          {
            "kind": "Function",
            "name": "tableView",
            "printedName": "tableView(_:titleForHeaderInSection:)",
            "children": [
              {
                "kind": "TypeNominal",
                "name": "Optional",
                "printedName": "Swift.String?",
                "children": [
                  {
                    "kind": "TypeNominal",
                    "name": "String",
                    "printedName": "Swift.String",
                    "usr": "s:SS"
                  }
                ],
                "usr": "s:Sq"
              },
              {
                "kind": "TypeNominal",
                "name": "UITableView",
                "printedName": "UIKit.UITableView",
                "usr": "c:objc(cs)UITableView"
              },
              {
                "kind": "TypeNominal",
                "name": "Int",
                "printedName": "Swift.Int",
                "usr": "s:Si"
              }
            ],
            "declKind": "Func",
            "usr": "c:@CM@MWLogsPlugin@objc(cs)LogConfigurationStepViewController(im)tableView:titleForHeaderInSection:",
            "mangledName": "$s12MWLogsPlugin34LogConfigurationStepViewControllerC05tableF0_23titleForHeaderInSectionSSSgSo07UITableF0C_SitF",
            "moduleName": "MWLogsPlugin",
            "objc_name": "tableView:titleForHeaderInSection:",
            "declAttributes": [
              "Dynamic",
              "ObjC",
              "Custom",
              "AccessControl"
            ],
            "isFromExtension": true,
            "funcSelfKind": "NonMutating"
          },
          {
            "kind": "Function",
            "name": "tableView",
            "printedName": "tableView(_:cellForRowAt:)",
            "children": [
              {
                "kind": "TypeNominal",
                "name": "UITableViewCell",
                "printedName": "UIKit.UITableViewCell",
                "usr": "c:objc(cs)UITableViewCell"
              },
              {
                "kind": "TypeNominal",
                "name": "UITableView",
                "printedName": "UIKit.UITableView",
                "usr": "c:objc(cs)UITableView"
              },
              {
                "kind": "TypeNominal",
                "name": "IndexPath",
                "printedName": "Foundation.IndexPath",
                "usr": "s:10Foundation9IndexPathV"
              }
            ],
            "declKind": "Func",
            "usr": "c:@CM@MWLogsPlugin@objc(cs)LogConfigurationStepViewController(im)tableView:cellForRowAtIndexPath:",
            "mangledName": "$s12MWLogsPlugin34LogConfigurationStepViewControllerC05tableF0_12cellForRowAtSo07UITableF4CellCSo0mF0C_10Foundation9IndexPathVtF",
            "moduleName": "MWLogsPlugin",
            "objc_name": "tableView:cellForRowAtIndexPath:",
            "declAttributes": [
              "Dynamic",
              "ObjC",
              "Custom",
              "AccessControl"
            ],
            "isFromExtension": true,
            "funcSelfKind": "NonMutating"
          }
        ],
        "declKind": "Class",
        "usr": "c:@M@MWLogsPlugin@objc(cs)LogConfigurationStepViewController",
        "mangledName": "$s12MWLogsPlugin34LogConfigurationStepViewControllerC",
        "moduleName": "MWLogsPlugin",
        "declAttributes": [
          "Custom",
          "AccessControl",
          "ObjC"
        ],
        "superclassUsr": "c:@M@MobileWorkflowCore@objc(cs)MWStepViewController",
        "inheritsConvenienceInitializers": true,
        "superclassNames": [
          "MobileWorkflowCore.MWStepViewController",
          "UIKit.UIViewController",
          "UIKit.UIResponder",
          "ObjectiveC.NSObject"
        ],
        "conformances": [
          {
            "kind": "Conformance",
            "name": "StepViewController",
            "printedName": "StepViewController",
            "usr": "s:18MobileWorkflowCore18StepViewControllerP",
            "mangledName": "$s18MobileWorkflowCore18StepViewControllerP"
          },
          {
            "kind": "Conformance",
            "name": "Equatable",
            "printedName": "Equatable",
            "usr": "s:SQ",
            "mangledName": "$sSQ"
          },
          {
            "kind": "Conformance",
            "name": "Hashable",
            "printedName": "Hashable",
            "usr": "s:SH",
            "mangledName": "$sSH"
          },
          {
            "kind": "Conformance",
            "name": "CVarArg",
            "printedName": "CVarArg",
            "usr": "s:s7CVarArgP",
            "mangledName": "$ss7CVarArgP"
          },
          {
            "kind": "Conformance",
            "name": "_KeyValueCodingAndObservingPublishing",
            "printedName": "_KeyValueCodingAndObservingPublishing",
            "usr": "s:10Foundation37_KeyValueCodingAndObservingPublishingP",
            "mangledName": "$s10Foundation37_KeyValueCodingAndObservingPublishingP"
          },
          {
            "kind": "Conformance",
            "name": "_KeyValueCodingAndObserving",
            "printedName": "_KeyValueCodingAndObserving",
            "usr": "s:10Foundation27_KeyValueCodingAndObservingP",
            "mangledName": "$s10Foundation27_KeyValueCodingAndObservingP"
          },
          {
            "kind": "Conformance",
            "name": "CustomStringConvertible",
            "printedName": "CustomStringConvertible",
            "usr": "s:s23CustomStringConvertibleP",
            "mangledName": "$ss23CustomStringConvertibleP"
          },
          {
            "kind": "Conformance",
            "name": "CustomDebugStringConvertible",
            "printedName": "CustomDebugStringConvertible",
            "usr": "s:s28CustomDebugStringConvertibleP",
            "mangledName": "$ss28CustomDebugStringConvertibleP"
          },
          {
            "kind": "Conformance",
            "name": "Sendable",
            "printedName": "Sendable",
            "usr": "s:s8SendableP",
            "mangledName": "$ss8SendableP"
          }
        ]
      },
      {
        "kind": "Import",
        "name": "Foundation",
        "printedName": "Foundation",
        "declKind": "Import",
        "moduleName": "MWLogsPlugin",
        "declAttributes": [
          "RawDocComment"
        ]
      },
      {
        "kind": "Import",
        "name": "MobileWorkflowCore",
        "printedName": "MobileWorkflowCore",
        "declKind": "Import",
        "moduleName": "MWLogsPlugin"
      },
      {
        "kind": "TypeDecl",
        "name": "LogWritter",
        "printedName": "LogWritter",
        "children": [
          {
            "kind": "Var",
            "name": "logDirectory",
            "printedName": "logDirectory",
            "children": [
              {
                "kind": "TypeNominal",
                "name": "Optional",
                "printedName": "Foundation.URL?",
                "children": [
                  {
                    "kind": "TypeNominal",
                    "name": "URL",
                    "printedName": "Foundation.URL",
                    "usr": "s:10Foundation3URLV"
                  }
                ],
                "usr": "s:Sq"
              }
            ],
            "declKind": "Var",
            "usr": "s:12MWLogsPlugin10LogWritterC12logDirectory10Foundation3URLVSgvp",
            "mangledName": "$s12MWLogsPlugin10LogWritterC12logDirectory10Foundation3URLVSgvp",
            "moduleName": "MWLogsPlugin",
            "declAttributes": [
              "AccessControl"
            ],
            "accessors": [
              {
                "kind": "Accessor",
                "name": "Get",
                "printedName": "Get()",
                "children": [
                  {
                    "kind": "TypeNominal",
                    "name": "Optional",
                    "printedName": "Foundation.URL?",
                    "children": [
                      {
                        "kind": "TypeNominal",
                        "name": "URL",
                        "printedName": "Foundation.URL",
                        "usr": "s:10Foundation3URLV"
                      }
                    ],
                    "usr": "s:Sq"
                  }
                ],
                "declKind": "Accessor",
                "usr": "s:12MWLogsPlugin10LogWritterC12logDirectory10Foundation3URLVSgvg",
                "mangledName": "$s12MWLogsPlugin10LogWritterC12logDirectory10Foundation3URLVSgvg",
                "moduleName": "MWLogsPlugin",
                "accessorKind": "get"
              }
            ]
          },
          {
            "kind": "Var",
            "name": "logPath",
            "printedName": "logPath",
            "children": [
              {
                "kind": "TypeNominal",
                "name": "Optional",
                "printedName": "Swift.String?",
                "children": [
                  {
                    "kind": "TypeNominal",
                    "name": "String",
                    "printedName": "Swift.String",
                    "usr": "s:SS"
                  }
                ],
                "usr": "s:Sq"
              }
            ],
            "declKind": "Var",
            "usr": "s:12MWLogsPlugin10LogWritterC7logPathSSSgvp",
            "mangledName": "$s12MWLogsPlugin10LogWritterC7logPathSSSgvp",
            "moduleName": "MWLogsPlugin",
            "declAttributes": [
              "AccessControl"
            ],
            "accessors": [
              {
                "kind": "Accessor",
                "name": "Get",
                "printedName": "Get()",
                "children": [
                  {
                    "kind": "TypeNominal",
                    "name": "Optional",
                    "printedName": "Swift.String?",
                    "children": [
                      {
                        "kind": "TypeNominal",
                        "name": "String",
                        "printedName": "Swift.String",
                        "usr": "s:SS"
                      }
                    ],
                    "usr": "s:Sq"
                  }
                ],
                "declKind": "Accessor",
                "usr": "s:12MWLogsPlugin10LogWritterC7logPathSSSgvg",
                "mangledName": "$s12MWLogsPlugin10LogWritterC7logPathSSSgvg",
                "moduleName": "MWLogsPlugin",
                "accessorKind": "get"
              }
            ]
          },
          {
            "kind": "Constructor",
            "name": "init",
            "printedName": "init(fileManager:)",
            "children": [
              {
                "kind": "TypeNominal",
                "name": "LogWritter",
                "printedName": "MWLogsPlugin.LogWritter",
                "usr": "s:12MWLogsPlugin10LogWritterC"
              },
              {
                "kind": "TypeNominal",
                "name": "FileManager",
                "printedName": "Foundation.FileManager",
                "hasDefaultArg": true,
                "usr": "c:objc(cs)NSFileManager"
              }
            ],
            "declKind": "Constructor",
            "usr": "s:12MWLogsPlugin10LogWritterC11fileManagerACSo06NSFileF0C_tcfc",
            "mangledName": "$s12MWLogsPlugin10LogWritterC11fileManagerACSo06NSFileF0C_tcfc",
            "moduleName": "MWLogsPlugin",
            "declAttributes": [
              "AccessControl"
            ],
            "init_kind": "Designated"
          },
          {
            "kind": "Function",
            "name": "write",
            "printedName": "write(_:)",
            "children": [
              {
                "kind": "TypeNominal",
                "name": "Void",
                "printedName": "()"
              },
              {
                "kind": "TypeNominal",
                "name": "String",
                "printedName": "Swift.String",
                "usr": "s:SS"
              }
            ],
            "declKind": "Func",
            "usr": "s:12MWLogsPlugin10LogWritterC5writeyySSKF",
            "mangledName": "$s12MWLogsPlugin10LogWritterC5writeyySSKF",
            "moduleName": "MWLogsPlugin",
            "declAttributes": [
              "AccessControl"
            ],
            "throwing": true,
            "funcSelfKind": "NonMutating"
          }
        ],
        "declKind": "Class",
        "usr": "s:12MWLogsPlugin10LogWritterC",
        "mangledName": "$s12MWLogsPlugin10LogWritterC",
        "moduleName": "MWLogsPlugin",
        "declAttributes": [
          "AccessControl"
        ]
      },
      {
        "kind": "Import",
        "name": "Foundation",
        "printedName": "Foundation",
        "declKind": "Import",
        "moduleName": "MWLogsPlugin",
        "declAttributes": [
          "RawDocComment"
        ]
      },
      {
        "kind": "Import",
        "name": "MobileWorkflowCore",
        "printedName": "MobileWorkflowCore",
        "declKind": "Import",
        "moduleName": "MWLogsPlugin"
      },
      {
        "kind": "TypeDecl",
        "name": "MWLogsPluginStruct",
        "printedName": "MWLogsPluginStruct",
        "children": [
          {
            "kind": "Var",
            "name": "allStepsTypes",
            "printedName": "allStepsTypes",
            "children": [
              {
                "kind": "TypeNominal",
                "name": "Array",
                "printedName": "[MobileWorkflowCore.StepType]",
                "children": [
                  {
                    "kind": "TypeNominal",
                    "name": "StepType",
                    "printedName": "MobileWorkflowCore.StepType",
                    "usr": "s:18MobileWorkflowCore8StepTypeP"
                  }
                ],
                "usr": "s:Sa"
              }
            ],
            "declKind": "Var",
            "usr": "s:12MWLogsPlugin0aB6StructV13allStepsTypesSay18MobileWorkflowCore8StepType_pGvpZ",
            "mangledName": "$s12MWLogsPlugin0aB6StructV13allStepsTypesSay18MobileWorkflowCore8StepType_pGvpZ",
            "moduleName": "MWLogsPlugin",
            "static": true,
            "declAttributes": [
              "AccessControl"
            ],
            "accessors": [
              {
                "kind": "Accessor",
                "name": "Get",
                "printedName": "Get()",
                "children": [
                  {
                    "kind": "TypeNominal",
                    "name": "Array",
                    "printedName": "[MobileWorkflowCore.StepType]",
                    "children": [
                      {
                        "kind": "TypeNominal",
                        "name": "StepType",
                        "printedName": "MobileWorkflowCore.StepType",
                        "usr": "s:18MobileWorkflowCore8StepTypeP"
                      }
                    ],
                    "usr": "s:Sa"
                  }
                ],
                "declKind": "Accessor",
                "usr": "s:12MWLogsPlugin0aB6StructV13allStepsTypesSay18MobileWorkflowCore8StepType_pGvgZ",
                "mangledName": "$s12MWLogsPlugin0aB6StructV13allStepsTypesSay18MobileWorkflowCore8StepType_pGvgZ",
                "moduleName": "MWLogsPlugin",
                "static": true,
                "accessorKind": "get"
              }
            ]
          },
          {
            "kind": "Var",
            "name": "asyncTaskServices",
            "printedName": "asyncTaskServices",
            "children": [
              {
                "kind": "TypeNominal",
                "name": "Array",
                "printedName": "[MobileWorkflowCore.AsyncTaskService]",
                "children": [
                  {
                    "kind": "TypeNominal",
                    "name": "AsyncTaskService",
                    "printedName": "MobileWorkflowCore.AsyncTaskService",
                    "usr": "s:18MobileWorkflowCore16AsyncTaskServiceP"
                  }
                ],
                "usr": "s:Sa"
              }
            ],
            "declKind": "Var",
            "usr": "s:12MWLogsPlugin0aB6StructV17asyncTaskServicesSay18MobileWorkflowCore05AsyncE7Service_pGvpZ",
            "mangledName": "$s12MWLogsPlugin0aB6StructV17asyncTaskServicesSay18MobileWorkflowCore05AsyncE7Service_pGvpZ",
            "moduleName": "MWLogsPlugin",
            "static": true,
            "declAttributes": [
              "HasInitialValue",
              "HasStorage",
              "AccessControl"
            ],
            "hasStorage": true,
            "accessors": [
              {
                "kind": "Accessor",
                "name": "Get",
                "printedName": "Get()",
                "children": [
                  {
                    "kind": "TypeNominal",
                    "name": "Array",
                    "printedName": "[MobileWorkflowCore.AsyncTaskService]",
                    "children": [
                      {
                        "kind": "TypeNominal",
                        "name": "AsyncTaskService",
                        "printedName": "MobileWorkflowCore.AsyncTaskService",
                        "usr": "s:18MobileWorkflowCore16AsyncTaskServiceP"
                      }
                    ],
                    "usr": "s:Sa"
                  }
                ],
                "declKind": "Accessor",
                "usr": "s:12MWLogsPlugin0aB6StructV17asyncTaskServicesSay18MobileWorkflowCore05AsyncE7Service_pGvgZ",
                "mangledName": "$s12MWLogsPlugin0aB6StructV17asyncTaskServicesSay18MobileWorkflowCore05AsyncE7Service_pGvgZ",
                "moduleName": "MWLogsPlugin",
                "static": true,
                "implicit": true,
                "accessorKind": "get"
              },
              {
                "kind": "Accessor",
                "name": "Set",
                "printedName": "Set()",
                "children": [
                  {
                    "kind": "TypeNominal",
                    "name": "Void",
                    "printedName": "()"
                  },
                  {
                    "kind": "TypeNominal",
                    "name": "Array",
                    "printedName": "[MobileWorkflowCore.AsyncTaskService]",
                    "children": [
                      {
                        "kind": "TypeNominal",
                        "name": "AsyncTaskService",
                        "printedName": "MobileWorkflowCore.AsyncTaskService",
                        "usr": "s:18MobileWorkflowCore16AsyncTaskServiceP"
                      }
                    ],
                    "usr": "s:Sa"
                  }
                ],
                "declKind": "Accessor",
                "usr": "s:12MWLogsPlugin0aB6StructV17asyncTaskServicesSay18MobileWorkflowCore05AsyncE7Service_pGvsZ",
                "mangledName": "$s12MWLogsPlugin0aB6StructV17asyncTaskServicesSay18MobileWorkflowCore05AsyncE7Service_pGvsZ",
                "moduleName": "MWLogsPlugin",
                "static": true,
                "implicit": true,
                "accessorKind": "set"
              },
              {
                "kind": "Accessor",
                "name": "Modify",
                "printedName": "Modify()",
                "children": [
                  {
                    "kind": "TypeNominal",
                    "name": "Void",
                    "printedName": "()"
                  }
                ],
                "declKind": "Accessor",
                "usr": "s:12MWLogsPlugin0aB6StructV17asyncTaskServicesSay18MobileWorkflowCore05AsyncE7Service_pGvMZ",
                "mangledName": "$s12MWLogsPlugin0aB6StructV17asyncTaskServicesSay18MobileWorkflowCore05AsyncE7Service_pGvMZ",
                "moduleName": "MWLogsPlugin",
                "static": true,
                "implicit": true,
                "accessorKind": "_modify"
              }
            ]
          }
        ],
        "declKind": "Struct",
        "usr": "s:12MWLogsPlugin0aB6StructV",
        "mangledName": "$s12MWLogsPlugin0aB6StructV",
        "moduleName": "MWLogsPlugin",
        "declAttributes": [
          "AccessControl"
        ],
        "conformances": [
          {
            "kind": "Conformance",
            "name": "Plugin",
            "printedName": "Plugin",
            "usr": "s:18MobileWorkflowCore6PluginP",
            "mangledName": "$s18MobileWorkflowCore6PluginP"
          }
        ]
      },
      {
        "kind": "Import",
        "name": "Foundation",
        "printedName": "Foundation",
        "declKind": "Import",
        "moduleName": "MWLogsPlugin",
        "declAttributes": [
          "RawDocComment"
        ]
      },
      {
        "kind": "Import",
        "name": "UIKit",
        "printedName": "UIKit",
        "declKind": "Import",
        "moduleName": "MWLogsPlugin",
        "declAttributes": [
          "RawDocComment"
        ]
      },
      {
        "kind": "Import",
        "name": "MobileWorkflowCore",
        "printedName": "MobileWorkflowCore",
        "declKind": "Import",
        "moduleName": "MWLogsPlugin"
      }
    ],
    "json_format_version": 8
  },
  "ConstValues": [
    {
      "filePath": "\/Users\/vagrant\/git\/MWLogsPlugin\/MWLogsPlugin\/MWLogs\/Repostiory\/ARLoggerConfiguration.swift",
      "kind": "StringLiteral",
      "offset": 223,
      "length": 19,
      "value": "\"settingsExportLog\""
    },
    {
      "filePath": "\/Users\/vagrant\/git\/MWLogsPlugin\/MWLogsPlugin\/MWLogs\/Repostiory\/ARLoggerConfiguration.swift",
      "kind": "StringLiteral",
      "offset": 269,
      "length": 20,
      "value": "\"settingsEnableLogs\""
    },
    {
      "filePath": "\/Users\/vagrant\/git\/MWLogsPlugin\/MWLogsPlugin\/MWLogs\/Repostiory\/ARLoggerConfiguration.swift",
      "kind": "StringLiteral",
      "offset": 316,
      "length": 20,
      "value": "\"settingsDeleteLogs\""
    },
    {
      "filePath": "\/Users\/vagrant\/git\/MWLogsPlugin\/MWLogsPlugin\/MWLogs\/Repostiory\/ARLoggerConfiguration.swift",
      "kind": "StringLiteral",
      "offset": 223,
      "length": 19,
      "value": "\"settingsExportLog\""
    },
    {
      "filePath": "\/Users\/vagrant\/git\/MWLogsPlugin\/MWLogsPlugin\/MWLogs\/Repostiory\/ARLoggerConfiguration.swift",
      "kind": "StringLiteral",
      "offset": 269,
      "length": 20,
      "value": "\"settingsEnableLogs\""
    },
    {
      "filePath": "\/Users\/vagrant\/git\/MWLogsPlugin\/MWLogsPlugin\/MWLogs\/Repostiory\/ARLoggerConfiguration.swift",
      "kind": "StringLiteral",
      "offset": 316,
      "length": 20,
      "value": "\"settingsDeleteLogs\""
    },
    {
      "filePath": "\/Users\/vagrant\/git\/MWLogsPlugin\/MWLogsPlugin\/MWLogs\/Business\/Services\/ARLoggerService.swift",
      "kind": "StringLiteral",
      "offset": 214,
      "length": 3,
      "value": "\" \""
    },
    {
      "filePath": "\/Users\/vagrant\/git\/MWLogsPlugin\/MWLogsPlugin\/MWLogs\/Business\/Services\/ARLoggerService.swift",
      "kind": "StringLiteral",
      "offset": 240,
      "length": 4,
      "value": "\"\n\""
    },
    {
      "filePath": "\/Users\/vagrant\/git\/MWLogsPlugin\/MWLogsPlugin\/MWLogs\/Business\/Services\/ARLoggerService.swift",
      "kind": "StringLiteral",
      "offset": 304,
      "length": 3,
      "value": "\" \""
    },
    {
      "filePath": "\/Users\/vagrant\/git\/MWLogsPlugin\/MWLogsPlugin\/MWLogs\/Business\/Services\/ARLoggerService.swift",
      "kind": "StringLiteral",
      "offset": 330,
      "length": 4,
      "value": "\"\n\""
    },
    {
      "filePath": "\/Users\/vagrant\/git\/MWLogsPlugin\/MWLogsPlugin\/MWLogs\/Business\/Services\/ARLoggerService.swift",
      "kind": "StringLiteral",
      "offset": 779,
      "length": 13,
      "value": "\"en_US_POSIX\""
    },
    {
      "filePath": "\/Users\/vagrant\/git\/MWLogsPlugin\/MWLogsPlugin\/MWLogs\/Business\/Services\/ARLoggerService.swift",
      "kind": "StringLiteral",
      "offset": 825,
      "length": 26,
      "value": "\"yyyy-MM-dd'T'HH:mm:ssxxx\""
    },
    {
      "filePath": "\/Users\/vagrant\/git\/MWLogsPlugin\/MWLogsPlugin\/MWLogs\/Business\/CrashObserver.swift",
      "kind": "Array",
      "offset": 676,
      "length": 2,
      "value": "[]"
    },
    {
      "filePath": "\/Users\/vagrant\/git\/MWLogsPlugin\/MWLogsPlugin\/MWLogs\/Business\/CrashObserver.swift",
      "kind": "IntegerLiteral",
      "offset": 877,
      "length": 1,
      "value": "0"
    },
    {
      "filePath": "\/Users\/vagrant\/git\/MWLogsPlugin\/MWLogsPlugin\/MWLogs\/Business\/CrashObserver.swift",
      "kind": "StringLiteral",
      "offset": 1167,
      "length": 29,
      "value": "\"Unable to output crash logs\""
    },
    {
      "filePath": "\/Users\/vagrant\/git\/MWLogsPlugin\/MWLogsPlugin\/MWLogs\/Repostiory\/L10n.swift",
      "kind": "StringLiteral",
      "offset": 162,
      "length": 8,
      "value": "\"Export\""
    },
    {
      "filePath": "\/Users\/vagrant\/git\/MWLogsPlugin\/MWLogsPlugin\/MWLogs\/Repostiory\/L10n.swift",
      "kind": "StringLiteral",
      "offset": 203,
      "length": 13,
      "value": "\"Export Logs\""
    },
    {
      "filePath": "\/Users\/vagrant\/git\/MWLogsPlugin\/MWLogsPlugin\/MWLogs\/Repostiory\/L10n.swift",
      "kind": "StringLiteral",
      "offset": 249,
      "length": 13,
      "value": "\"Delete Logs\""
    },
    {
      "filePath": "\/Users\/vagrant\/git\/MWLogsPlugin\/MWLogsPlugin\/MWLogs\/Repostiory\/L10n.swift",
      "kind": "StringLiteral",
      "offset": 326,
      "length": 15,
      "value": "\"Configuration\""
    },
    {
      "filePath": "\/Users\/vagrant\/git\/MWLogsPlugin\/MWLogsPlugin\/MWLogs\/Repostiory\/L10n.swift",
      "kind": "StringLiteral",
      "offset": 374,
      "length": 13,
      "value": "\"Enable Logs\""
    },
    {
      "filePath": "\/Users\/vagrant\/git\/MWLogsPlugin\/MWLogsPlugin\/MWLogs\/Repostiory\/L10n.swift",
      "kind": "StringLiteral",
      "offset": 450,
      "length": 13,
      "value": "\"Log Deleted\""
    },
    {
      "filePath": "\/Users\/vagrant\/git\/MWLogsPlugin\/MWLogsPlugin\/MWLogs\/Repostiory\/L10n.swift",
      "kind": "StringLiteral",
      "offset": 500,
      "length": 23,
      "value": "\"No log file available\""
    },
    {
      "filePath": "\/Users\/vagrant\/git\/MWLogsPlugin\/MWLogsPlugin\/MWLogs\/Repostiory\/L10n.swift",
      "kind": "StringLiteral",
      "offset": 598,
      "length": 4,
      "value": "\"OK\""
    },
    {
      "filePath": "\/Users\/vagrant\/git\/MWLogsPlugin\/MWLogsPlugin\/MWLogs\/LogConfigurationStep.swift",
      "kind": "StringLiteral",
      "offset": 116,
      "length": 20,
      "value": "\"MWLogsPlugin.LogConfigurationStep\""
    },
    {
      "filePath": "\/Users\/vagrant\/git\/MWLogsPlugin\/MWLogsPlugin\/MWLogsPluginStruct.swift",
      "kind": "StringLiteral",
      "offset": 537,
      "length": 35,
      "value": "\"io.apprail.logs.log-configuration\""
    },
    {
      "filePath": "\/Users\/vagrant\/git\/MWLogsPlugin\/MWLogsPlugin\/MWLogsPluginStruct.swift",
      "kind": "StringLiteral",
      "offset": 537,
      "length": 35,
      "value": "\"io.apprail.logs.log-configuration\""
    },
    {
      "filePath": "\/Users\/vagrant\/git\/MWLogsPlugin\/MWLogsPlugin\/MWLogs\/Model\/SettingsCategories.swift",
      "kind": "IntegerLiteral",
      "offset": 181,
      "length": 1,
      "value": "0"
    },
    {
      "filePath": "\/Users\/vagrant\/git\/MWLogsPlugin\/MWLogsPlugin\/MWLogs\/Model\/SettingsCategories.swift",
      "kind": "IntegerLiteral",
      "offset": 181,
      "length": 1,
      "value": "0"
    },
    {
      "filePath": "\/Users\/vagrant\/git\/MWLogsPlugin\/MWLogsPlugin\/MWLogs\/Model\/SettingsCategories.swift",
      "kind": "IntegerLiteral",
      "offset": 181,
      "length": 1,
      "value": "0"
    },
    {
      "filePath": "\/Users\/vagrant\/git\/MWLogsPlugin\/MWLogsPlugin\/MWLogs\/Model\/SettingsCategories.swift",
      "kind": "IntegerLiteral",
      "offset": 376,
      "length": 1,
      "value": "0"
    },
    {
      "filePath": "\/Users\/vagrant\/git\/MWLogsPlugin\/MWLogsPlugin\/MWLogs\/Model\/SettingsCategories.swift",
      "kind": "IntegerLiteral",
      "offset": 400,
      "length": 1,
      "value": "1"
    },
    {
      "filePath": "\/Users\/vagrant\/git\/MWLogsPlugin\/MWLogsPlugin\/MWLogs\/Model\/SettingsCategories.swift",
      "kind": "IntegerLiteral",
      "offset": 376,
      "length": 1,
      "value": "0"
    },
    {
      "filePath": "\/Users\/vagrant\/git\/MWLogsPlugin\/MWLogsPlugin\/MWLogs\/Model\/SettingsCategories.swift",
      "kind": "IntegerLiteral",
      "offset": 400,
      "length": 1,
      "value": "1"
    },
    {
      "filePath": "\/Users\/vagrant\/git\/MWLogsPlugin\/MWLogsPlugin\/MWLogs\/Model\/SettingsCategories.swift",
      "kind": "IntegerLiteral",
      "offset": 376,
      "length": 1,
      "value": "0"
    },
    {
      "filePath": "\/Users\/vagrant\/git\/MWLogsPlugin\/MWLogsPlugin\/MWLogs\/Model\/SettingsCategories.swift",
      "kind": "IntegerLiteral",
      "offset": 400,
      "length": 1,
      "value": "1"
    },
    {
      "filePath": "\/Users\/vagrant\/git\/MWLogsPlugin\/MWLogsPlugin\/MWLogs\/Model\/SettingsCategories.swift",
      "kind": "IntegerLiteral",
      "offset": 644,
      "length": 1,
      "value": "0"
    },
    {
      "filePath": "\/Users\/vagrant\/git\/MWLogsPlugin\/MWLogsPlugin\/MWLogs\/Model\/SettingsCategories.swift",
      "kind": "IntegerLiteral",
      "offset": 664,
      "length": 1,
      "value": "1"
    },
    {
      "filePath": "\/Users\/vagrant\/git\/MWLogsPlugin\/MWLogsPlugin\/MWLogs\/Model\/SettingsCategories.swift",
      "kind": "IntegerLiteral",
      "offset": 644,
      "length": 1,
      "value": "0"
    },
    {
      "filePath": "\/Users\/vagrant\/git\/MWLogsPlugin\/MWLogsPlugin\/MWLogs\/Model\/SettingsCategories.swift",
      "kind": "IntegerLiteral",
      "offset": 664,
      "length": 1,
      "value": "1"
    },
    {
      "filePath": "\/Users\/vagrant\/git\/MWLogsPlugin\/MWLogsPlugin\/MWLogs\/Model\/SettingsCategories.swift",
      "kind": "IntegerLiteral",
      "offset": 644,
      "length": 1,
      "value": "0"
    },
    {
      "filePath": "\/Users\/vagrant\/git\/MWLogsPlugin\/MWLogsPlugin\/MWLogs\/Model\/SettingsCategories.swift",
      "kind": "IntegerLiteral",
      "offset": 664,
      "length": 1,
      "value": "1"
    }
  ]
}