{
  "ABIRoot": {
    "kind": "Root",
    "name": "TopLevel",
    "printedName": "TopLevel",
    "children": [
      {
        "kind": "Import",
        "name": "Foundation",
        "printedName": "Foundation",
        "declKind": "Import",
        "moduleName": "MWConstructionPlugin",
        "declAttributes": [
          "RawDocComment"
        ]
      },
      {
        "kind": "Import",
        "name": "MobileWorkflowCore",
        "printedName": "MobileWorkflowCore",
        "declKind": "Import",
        "moduleName": "MWConstructionPlugin"
      },
      {
        "kind": "Import",
        "name": "Foundation",
        "printedName": "Foundation",
        "declKind": "Import",
        "moduleName": "MWConstructionPlugin",
        "declAttributes": [
          "RawDocComment"
        ]
      },
      {
        "kind": "Import",
        "name": "UIKit",
        "printedName": "UIKit",
        "declKind": "Import",
        "moduleName": "MWConstructionPlugin"
      },
      {
        "kind": "Import",
        "name": "Foundation",
        "printedName": "Foundation",
        "declKind": "Import",
        "moduleName": "MWConstructionPlugin",
        "declAttributes": [
          "RawDocComment"
        ]
      },
      {
        "kind": "Import",
        "name": "MobileWorkflowCore",
        "printedName": "MobileWorkflowCore",
        "declKind": "Import",
        "moduleName": "MWConstructionPlugin"
      },
      {
        "kind": "TypeDecl",
        "name": "MWConstructionDepthMeasurementStep",
        "printedName": "MWConstructionDepthMeasurementStep",
        "children": [
          {
            "kind": "Constructor",
            "name": "init",
            "printedName": "init(identifier:)",
            "children": [
              {
                "kind": "TypeNominal",
                "name": "MWConstructionDepthMeasurementStep",
                "printedName": "MWConstructionPlugin.MWConstructionDepthMeasurementStep",
                "usr": "s:20MWConstructionPlugin0A20DepthMeasurementStepC"
              },
              {
                "kind": "TypeNominal",
                "name": "String",
                "printedName": "Swift.String",
                "usr": "s:SS"
              }
            ],
            "declKind": "Constructor",
            "usr": "s:20MWConstructionPlugin0A20DepthMeasurementStepC10identifierACSS_tcfc",
            "mangledName": "$s20MWConstructionPlugin0A20DepthMeasurementStepC10identifierACSS_tcfc",
            "moduleName": "MWConstructionPlugin",
            "declAttributes": [
              "AccessControl"
            ],
            "init_kind": "Designated"
          },
          {
            "kind": "Function",
            "name": "instantiateViewController",
            "printedName": "instantiateViewController()",
            "children": [
              {
                "kind": "TypeNominal",
                "name": "StepViewController",
                "printedName": "MobileWorkflowCore.StepViewController",
                "usr": "s:18MobileWorkflowCore18StepViewControllerP"
              }
            ],
            "declKind": "Func",
            "usr": "s:20MWConstructionPlugin0A20DepthMeasurementStepC25instantiateViewController18MobileWorkflowCore0egH0_pyF",
            "mangledName": "$s20MWConstructionPlugin0A20DepthMeasurementStepC25instantiateViewController18MobileWorkflowCore0egH0_pyF",
            "moduleName": "MWConstructionPlugin",
            "overriding": true,
            "declAttributes": [
              "Override",
              "AccessControl"
            ],
            "funcSelfKind": "NonMutating"
          },
          {
            "kind": "Constructor",
            "name": "init",
            "printedName": "init(identifier:title:text:theme:links:navigationItems:)",
            "children": [
              {
                "kind": "TypeNominal",
                "name": "MWConstructionDepthMeasurementStep",
                "printedName": "MWConstructionPlugin.MWConstructionDepthMeasurementStep",
                "usr": "s:20MWConstructionPlugin0A20DepthMeasurementStepC"
              },
              {
                "kind": "TypeNominal",
                "name": "String",
                "printedName": "Swift.String",
                "usr": "s:SS"
              },
              {
                "kind": "TypeNominal",
                "name": "Optional",
                "printedName": "Swift.String?",
                "children": [
                  {
                    "kind": "TypeNominal",
                    "name": "String",
                    "printedName": "Swift.String",
                    "usr": "s:SS"
                  }
                ],
                "hasDefaultArg": true,
                "usr": "s:Sq"
              },
              {
                "kind": "TypeNominal",
                "name": "Optional",
                "printedName": "Swift.String?",
                "children": [
                  {
                    "kind": "TypeNominal",
                    "name": "String",
                    "printedName": "Swift.String",
                    "usr": "s:SS"
                  }
                ],
                "hasDefaultArg": true,
                "usr": "s:Sq"
              },
              {
                "kind": "TypeNominal",
                "name": "Theme",
                "printedName": "MobileWorkflowCore.Theme",
                "hasDefaultArg": true,
                "usr": "s:18MobileWorkflowCore5ThemeV"
              },
              {
                "kind": "TypeNominal",
                "name": "Array",
                "printedName": "[MobileWorkflowCore.StepLink]",
                "children": [
                  {
                    "kind": "TypeNominal",
                    "name": "StepLink",
                    "printedName": "MobileWorkflowCore.StepLink",
                    "usr": "s:18MobileWorkflowCore8StepLinkV"
                  }
                ],
                "hasDefaultArg": true,
                "usr": "s:Sa"
              },
              {
                "kind": "TypeNominal",
                "name": "Array",
                "printedName": "[MobileWorkflowCore.StepNavigationItem]",
                "children": [
                  {
                    "kind": "TypeNominal",
                    "name": "StepNavigationItem",
                    "printedName": "MobileWorkflowCore.StepNavigationItem",
                    "usr": "s:18MobileWorkflowCore18StepNavigationItemV"
                  }
                ],
                "hasDefaultArg": true,
                "usr": "s:Sa"
              }
            ],
            "declKind": "Constructor",
            "usr": "s:20MWConstructionPlugin0A20DepthMeasurementStepC10identifier5title4text5theme5links15navigationItemsACSS_SSSgAJ18MobileWorkflowCore5ThemeVSayAK0E4LinkVGSayAK0E14NavigationItemVGtcfc",
            "mangledName": "$s20MWConstructionPlugin0A20DepthMeasurementStepC10identifier5title4text5theme5links15navigationItemsACSS_SSSgAJ18MobileWorkflowCore5ThemeVSayAK0E4LinkVGSayAK0E14NavigationItemVGtcfc",
            "moduleName": "MWConstructionPlugin",
            "overriding": true,
            "implicit": true,
            "declAttributes": [
              "Override"
            ],
            "init_kind": "Designated"
          },
          {
            "kind": "Var",
            "name": "mandatoryCodingPaths",
            "printedName": "mandatoryCodingPaths",
            "children": [
              {
                "kind": "TypeNominal",
                "name": "Array",
                "printedName": "[Swift.CodingKey]",
                "children": [
                  {
                    "kind": "TypeNominal",
                    "name": "CodingKey",
                    "printedName": "Swift.CodingKey",
                    "usr": "s:s9CodingKeyP"
                  }
                ],
                "usr": "s:Sa"
              }
            ],
            "declKind": "Var",
            "usr": "s:20MWConstructionPlugin0A20DepthMeasurementStepC20mandatoryCodingPathsSays0G3Key_pGvpZ",
            "mangledName": "$s20MWConstructionPlugin0A20DepthMeasurementStepC20mandatoryCodingPathsSays0G3Key_pGvpZ",
            "moduleName": "MWConstructionPlugin",
            "static": true,
            "declAttributes": [
              "Final",
              "AccessControl"
            ],
            "isFromExtension": true,
            "accessors": [
              {
                "kind": "Accessor",
                "name": "Get",
                "printedName": "Get()",
                "children": [
                  {
                    "kind": "TypeNominal",
                    "name": "Array",
                    "printedName": "[Swift.CodingKey]",
                    "children": [
                      {
                        "kind": "TypeNominal",
                        "name": "CodingKey",
                        "printedName": "Swift.CodingKey",
                        "usr": "s:s9CodingKeyP"
                      }
                    ],
                    "usr": "s:Sa"
                  }
                ],
                "declKind": "Accessor",
                "usr": "s:20MWConstructionPlugin0A20DepthMeasurementStepC20mandatoryCodingPathsSays0G3Key_pGvgZ",
                "mangledName": "$s20MWConstructionPlugin0A20DepthMeasurementStepC20mandatoryCodingPathsSays0G3Key_pGvgZ",
                "moduleName": "MWConstructionPlugin",
                "static": true,
                "declAttributes": [
                  "Final"
                ],
                "isFromExtension": true,
                "accessorKind": "get"
              }
            ]
          },
          {
            "kind": "Function",
            "name": "build",
            "printedName": "build(stepInfo:services:)",
            "children": [
              {
                "kind": "TypeNominal",
                "name": "Step",
                "printedName": "MobileWorkflowCore.Step",
                "usr": "s:18MobileWorkflowCore4StepP"
              },
              {
                "kind": "TypeNominal",
                "name": "StepInfo",
                "printedName": "MobileWorkflowCore.StepInfo",
                "usr": "s:18MobileWorkflowCore8StepInfoV"
              },
              {
                "kind": "TypeNominal",
                "name": "StepServices",
                "printedName": "MobileWorkflowCore.StepServices",
                "usr": "s:18MobileWorkflowCore12StepServicesC"
              }
            ],
            "declKind": "Func",
            "usr": "s:20MWConstructionPlugin0A20DepthMeasurementStepC5build8stepInfo8services18MobileWorkflowCore0E0_pAG0eH0V_AG0E8ServicesCtKFZ",
            "mangledName": "$s20MWConstructionPlugin0A20DepthMeasurementStepC5build8stepInfo8services18MobileWorkflowCore0E0_pAG0eH0V_AG0E8ServicesCtKFZ",
            "moduleName": "MWConstructionPlugin",
            "static": true,
            "declAttributes": [
              "Final",
              "AccessControl"
            ],
            "isFromExtension": true,
            "throwing": true,
            "funcSelfKind": "NonMutating"
          }
        ],
        "declKind": "Class",
        "usr": "s:20MWConstructionPlugin0A20DepthMeasurementStepC",
        "mangledName": "$s20MWConstructionPlugin0A20DepthMeasurementStepC",
        "moduleName": "MWConstructionPlugin",
        "declAttributes": [
          "AccessControl"
        ],
        "superclassUsr": "s:18MobileWorkflowCore6MWStepC",
        "hasMissingDesignatedInitializers": true,
        "superclassNames": [
          "MobileWorkflowCore.MWStep"
        ],
        "conformances": [
          {
            "kind": "Conformance",
            "name": "BuildableStep",
            "printedName": "BuildableStep",
            "usr": "s:18MobileWorkflowCore13BuildableStepP",
            "mangledName": "$s18MobileWorkflowCore13BuildableStepP"
          },
          {
            "kind": "Conformance",
            "name": "Step",
            "printedName": "Step",
            "usr": "s:18MobileWorkflowCore4StepP",
            "mangledName": "$s18MobileWorkflowCore4StepP"
          }
        ]
      },
      {
        "kind": "Import",
        "name": "Foundation",
        "printedName": "Foundation",
        "declKind": "Import",
        "moduleName": "MWConstructionPlugin",
        "declAttributes": [
          "RawDocComment"
        ]
      },
      {
        "kind": "Import",
        "name": "MobileWorkflowCore",
        "printedName": "MobileWorkflowCore",
        "declKind": "Import",
        "moduleName": "MWConstructionPlugin"
      },
      {
        "kind": "Import",
        "name": "RealityKit",
        "printedName": "RealityKit",
        "declKind": "Import",
        "moduleName": "MWConstructionPlugin"
      },
      {
        "kind": "Import",
        "name": "ARKit",
        "printedName": "ARKit",
        "declKind": "Import",
        "moduleName": "MWConstructionPlugin"
      },
      {
        "kind": "Import",
        "name": "simd",
        "printedName": "simd",
        "declKind": "Import",
        "moduleName": "MWConstructionPlugin"
      },
      {
        "kind": "Import",
        "name": "MobileWorkflowCore",
        "printedName": "MobileWorkflowCore",
        "declKind": "Import",
        "moduleName": "MWConstructionPlugin",
        "declAttributes": [
          "RawDocComment"
        ]
      },
      {
        "kind": "TypeDecl",
        "name": "MWConstructionPluginStruct",
        "printedName": "MWConstructionPluginStruct",
        "children": [
          {
            "kind": "Var",
            "name": "allStepsTypes",
            "printedName": "allStepsTypes",
            "children": [
              {
                "kind": "TypeNominal",
                "name": "Array",
                "printedName": "[MobileWorkflowCore.StepType]",
                "children": [
                  {
                    "kind": "TypeNominal",
                    "name": "StepType",
                    "printedName": "MobileWorkflowCore.StepType",
                    "usr": "s:18MobileWorkflowCore8StepTypeP"
                  }
                ],
                "usr": "s:Sa"
              }
            ],
            "declKind": "Var",
            "usr": "s:20MWConstructionPlugin0aB6StructV13allStepsTypesSay18MobileWorkflowCore8StepType_pGvpZ",
            "mangledName": "$s20MWConstructionPlugin0aB6StructV13allStepsTypesSay18MobileWorkflowCore8StepType_pGvpZ",
            "moduleName": "MWConstructionPlugin",
            "static": true,
            "declAttributes": [
              "AccessControl"
            ],
            "accessors": [
              {
                "kind": "Accessor",
                "name": "Get",
                "printedName": "Get()",
                "children": [
                  {
                    "kind": "TypeNominal",
                    "name": "Array",
                    "printedName": "[MobileWorkflowCore.StepType]",
                    "children": [
                      {
                        "kind": "TypeNominal",
                        "name": "StepType",
                        "printedName": "MobileWorkflowCore.StepType",
                        "usr": "s:18MobileWorkflowCore8StepTypeP"
                      }
                    ],
                    "usr": "s:Sa"
                  }
                ],
                "declKind": "Accessor",
                "usr": "s:20MWConstructionPlugin0aB6StructV13allStepsTypesSay18MobileWorkflowCore8StepType_pGvgZ",
                "mangledName": "$s20MWConstructionPlugin0aB6StructV13allStepsTypesSay18MobileWorkflowCore8StepType_pGvgZ",
                "moduleName": "MWConstructionPlugin",
                "static": true,
                "accessorKind": "get"
              }
            ]
          }
        ],
        "declKind": "Struct",
        "usr": "s:20MWConstructionPlugin0aB6StructV",
        "mangledName": "$s20MWConstructionPlugin0aB6StructV",
        "moduleName": "MWConstructionPlugin",
        "declAttributes": [
          "AccessControl"
        ],
        "conformances": [
          {
            "kind": "Conformance",
            "name": "Plugin",
            "printedName": "Plugin",
            "usr": "s:18MobileWorkflowCore6PluginP",
            "mangledName": "$s18MobileWorkflowCore6PluginP"
          }
        ]
      },
      {
        "kind": "TypeDecl",
        "name": "MWConstructionStepType",
        "printedName": "MWConstructionStepType",
        "children": [
          {
            "kind": "Var",
            "name": "depthMeasurement",
            "printedName": "depthMeasurement",
            "children": [
              {
                "kind": "TypeFunc",
                "name": "Function",
                "printedName": "(MWConstructionPlugin.MWConstructionStepType.Type) -> MWConstructionPlugin.MWConstructionStepType",
                "children": [
                  {
                    "kind": "TypeNominal",
                    "name": "MWConstructionStepType",
                    "printedName": "MWConstructionPlugin.MWConstructionStepType",
                    "usr": "s:20MWConstructionPlugin0A8StepTypeO"
                  },
                  {
                    "kind": "TypeNominal",
                    "name": "Metatype",
                    "printedName": "MWConstructionPlugin.MWConstructionStepType.Type",
                    "children": [
                      {
                        "kind": "TypeNominal",
                        "name": "MWConstructionStepType",
                        "printedName": "MWConstructionPlugin.MWConstructionStepType",
                        "usr": "s:20MWConstructionPlugin0A8StepTypeO"
                      }
                    ]
                  }
                ]
              }
            ],
            "declKind": "EnumElement",
            "usr": "s:20MWConstructionPlugin0A8StepTypeO16depthMeasurementyA2CmF",
            "mangledName": "$s20MWConstructionPlugin0A8StepTypeO16depthMeasurementyA2CmF",
            "moduleName": "MWConstructionPlugin"
          },
          {
            "kind": "Var",
            "name": "typeName",
            "printedName": "typeName",
            "children": [
              {
                "kind": "TypeNominal",
                "name": "String",
                "printedName": "Swift.String",
                "usr": "s:SS"
              }
            ],
            "declKind": "Var",
            "usr": "s:20MWConstructionPlugin0A8StepTypeO8typeNameSSvp",
            "mangledName": "$s20MWConstructionPlugin0A8StepTypeO8typeNameSSvp",
            "moduleName": "MWConstructionPlugin",
            "declAttributes": [
              "AccessControl"
            ],
            "accessors": [
              {
                "kind": "Accessor",
                "name": "Get",
                "printedName": "Get()",
                "children": [
                  {
                    "kind": "TypeNominal",
                    "name": "String",
                    "printedName": "Swift.String",
                    "usr": "s:SS"
                  }
                ],
                "declKind": "Accessor",
                "usr": "s:20MWConstructionPlugin0A8StepTypeO8typeNameSSvg",
                "mangledName": "$s20MWConstructionPlugin0A8StepTypeO8typeNameSSvg",
                "moduleName": "MWConstructionPlugin",
                "accessorKind": "get"
              }
            ]
          },
          {
            "kind": "Var",
            "name": "stepClass",
            "printedName": "stepClass",
            "children": [
              {
                "kind": "TypeNominal",
                "name": "ExistentialMetatype",
                "printedName": "MobileWorkflowCore.BuildableStep.Type",
                "children": [
                  {
                    "kind": "TypeNominal",
                    "name": "BuildableStep",
                    "printedName": "MobileWorkflowCore.BuildableStep",
                    "usr": "s:18MobileWorkflowCore13BuildableStepP"
                  }
                ]
              }
            ],
            "declKind": "Var",
            "usr": "s:20MWConstructionPlugin0A8StepTypeO9stepClass18MobileWorkflowCore09BuildableC0_pXpvp",
            "mangledName": "$s20MWConstructionPlugin0A8StepTypeO9stepClass18MobileWorkflowCore09BuildableC0_pXpvp",
            "moduleName": "MWConstructionPlugin",
            "declAttributes": [
              "AccessControl"
            ],
            "accessors": [
              {
                "kind": "Accessor",
                "name": "Get",
                "printedName": "Get()",
                "children": [
                  {
                    "kind": "TypeNominal",
                    "name": "ExistentialMetatype",
                    "printedName": "MobileWorkflowCore.BuildableStep.Type",
                    "children": [
                      {
                        "kind": "TypeNominal",
                        "name": "BuildableStep",
                        "printedName": "MobileWorkflowCore.BuildableStep",
                        "usr": "s:18MobileWorkflowCore13BuildableStepP"
                      }
                    ]
                  }
                ],
                "declKind": "Accessor",
                "usr": "s:20MWConstructionPlugin0A8StepTypeO9stepClass18MobileWorkflowCore09BuildableC0_pXpvg",
                "mangledName": "$s20MWConstructionPlugin0A8StepTypeO9stepClass18MobileWorkflowCore09BuildableC0_pXpvg",
                "moduleName": "MWConstructionPlugin",
                "accessorKind": "get"
              }
            ]
          },
          {
            "kind": "Constructor",
            "name": "init",
            "printedName": "init(rawValue:)",
            "children": [
              {
                "kind": "TypeNominal",
                "name": "Optional",
                "printedName": "MWConstructionPlugin.MWConstructionStepType?",
                "children": [
                  {
                    "kind": "TypeNominal",
                    "name": "MWConstructionStepType",
                    "printedName": "MWConstructionPlugin.MWConstructionStepType",
                    "usr": "s:20MWConstructionPlugin0A8StepTypeO"
                  }
                ],
                "usr": "s:Sq"
              },
              {
                "kind": "TypeNominal",
                "name": "String",
                "printedName": "Swift.String",
                "usr": "s:SS"
              }
            ],
            "declKind": "Constructor",
            "usr": "s:20MWConstructionPlugin0A8StepTypeO8rawValueACSgSS_tcfc",
            "mangledName": "$s20MWConstructionPlugin0A8StepTypeO8rawValueACSgSS_tcfc",
            "moduleName": "MWConstructionPlugin",
            "implicit": true,
            "init_kind": "Designated"
          },
          {
            "kind": "Var",
            "name": "rawValue",
            "printedName": "rawValue",
            "children": [
              {
                "kind": "TypeNominal",
                "name": "String",
                "printedName": "Swift.String",
                "usr": "s:SS"
              }
            ],
            "declKind": "Var",
            "usr": "s:20MWConstructionPlugin0A8StepTypeO8rawValueSSvp",
            "mangledName": "$s20MWConstructionPlugin0A8StepTypeO8rawValueSSvp",
            "moduleName": "MWConstructionPlugin",
            "implicit": true,
            "accessors": [
              {
                "kind": "Accessor",
                "name": "Get",
                "printedName": "Get()",
                "children": [
                  {
                    "kind": "TypeNominal",
                    "name": "String",
                    "printedName": "Swift.String",
                    "usr": "s:SS"
                  }
                ],
                "declKind": "Accessor",
                "usr": "s:20MWConstructionPlugin0A8StepTypeO8rawValueSSvg",
                "mangledName": "$s20MWConstructionPlugin0A8StepTypeO8rawValueSSvg",
                "moduleName": "MWConstructionPlugin",
                "implicit": true,
                "accessorKind": "get"
              }
            ]
          },
          {
            "kind": "Var",
            "name": "allCases",
            "printedName": "allCases",
            "children": [
              {
                "kind": "TypeNominal",
                "name": "Array",
                "printedName": "[MWConstructionPlugin.MWConstructionStepType]",
                "children": [
                  {
                    "kind": "TypeNominal",
                    "name": "MWConstructionStepType",
                    "printedName": "MWConstructionPlugin.MWConstructionStepType",
                    "usr": "s:20MWConstructionPlugin0A8StepTypeO"
                  }
                ],
                "usr": "s:Sa"
              }
            ],
            "declKind": "Var",
            "usr": "s:20MWConstructionPlugin0A8StepTypeO8allCasesSayACGvpZ",
            "mangledName": "$s20MWConstructionPlugin0A8StepTypeO8allCasesSayACGvpZ",
            "moduleName": "MWConstructionPlugin",
            "static": true,
            "implicit": true,
            "accessors": [
              {
                "kind": "Accessor",
                "name": "Get",
                "printedName": "Get()",
                "children": [
                  {
                    "kind": "TypeNominal",
                    "name": "Array",
                    "printedName": "[MWConstructionPlugin.MWConstructionStepType]",
                    "children": [
                      {
                        "kind": "TypeNominal",
                        "name": "MWConstructionStepType",
                        "printedName": "MWConstructionPlugin.MWConstructionStepType",
                        "usr": "s:20MWConstructionPlugin0A8StepTypeO"
                      }
                    ],
                    "usr": "s:Sa"
                  }
                ],
                "declKind": "Accessor",
                "usr": "s:20MWConstructionPlugin0A8StepTypeO8allCasesSayACGvgZ",
                "mangledName": "$s20MWConstructionPlugin0A8StepTypeO8allCasesSayACGvgZ",
                "moduleName": "MWConstructionPlugin",
                "static": true,
                "implicit": true,
                "accessorKind": "get"
              }
            ]
          }
        ],
        "declKind": "Enum",
        "usr": "s:20MWConstructionPlugin0A8StepTypeO",
        "mangledName": "$s20MWConstructionPlugin0A8StepTypeO",
        "moduleName": "MWConstructionPlugin",
        "declAttributes": [
          "AccessControl"
        ],
        "enumRawTypeName": "String",
        "conformances": [
          {
            "kind": "Conformance",
            "name": "Equatable",
            "printedName": "Equatable",
            "usr": "s:SQ",
            "mangledName": "$sSQ"
          },
          {
            "kind": "Conformance",
            "name": "Hashable",
            "printedName": "Hashable",
            "usr": "s:SH",
            "mangledName": "$sSH"
          },
          {
            "kind": "Conformance",
            "name": "RawRepresentable",
            "printedName": "RawRepresentable",
            "children": [
              {
                "kind": "TypeWitness",
                "name": "RawValue",
                "printedName": "RawValue",
                "children": [
                  {
                    "kind": "TypeNominal",
                    "name": "String",
                    "printedName": "Swift.String",
                    "usr": "s:SS"
                  }
                ]
              }
            ],
            "usr": "s:SY",
            "mangledName": "$sSY"
          },
          {
            "kind": "Conformance",
            "name": "StepType",
            "printedName": "StepType",
            "usr": "s:18MobileWorkflowCore8StepTypeP",
            "mangledName": "$s18MobileWorkflowCore8StepTypeP"
          },
          {
            "kind": "Conformance",
            "name": "CaseIterable",
            "printedName": "CaseIterable",
            "children": [
              {
                "kind": "TypeWitness",
                "name": "AllCases",
                "printedName": "AllCases",
                "children": [
                  {
                    "kind": "TypeNominal",
                    "name": "Array",
                    "printedName": "[MWConstructionPlugin.MWConstructionStepType]",
                    "children": [
                      {
                        "kind": "TypeNominal",
                        "name": "MWConstructionStepType",
                        "printedName": "MWConstructionPlugin.MWConstructionStepType",
                        "usr": "s:20MWConstructionPlugin0A8StepTypeO"
                      }
                    ],
                    "usr": "s:Sa"
                  }
                ]
              }
            ],
            "usr": "s:s12CaseIterableP",
            "mangledName": "$ss12CaseIterableP"
          },
          {
            "kind": "Conformance",
            "name": "NamedType",
            "printedName": "NamedType",
            "usr": "s:18MobileWorkflowCore9NamedTypeP",
            "mangledName": "$s18MobileWorkflowCore9NamedTypeP"
          }
        ]
      }
    ],
    "json_format_version": 8
  },
  "ConstValues": [
    {
      "filePath": "\/Users\/vagrant\/git\/project\/MWConstructionPlugin\/MWConstructionPlugin\/MWConstructionDepthMeasurement\/HeightARView.swift",
      "kind": "FloatLiteral",
      "offset": 5137,
      "length": 4,
      "value": "0.25"
    },
    {
      "filePath": "\/Users\/vagrant\/git\/project\/MWConstructionPlugin\/MWConstructionPlugin\/MWConstructionDepthMeasurement\/HeightARView.swift",
      "kind": "FloatLiteral",
      "offset": 5195,
      "length": 4,
      "value": "0.75"
    },
    {
      "filePath": "\/Users\/vagrant\/git\/project\/MWConstructionPlugin\/MWConstructionPlugin\/MWConstructionDepthMeasurement\/MWConstructionDepthMeasurementStep.swift",
      "kind": "StringLiteral",
      "offset": 181,
      "length": 34,
      "value": "\"MWConstructionPlugin.MWConstructionDepthMeasurementStep\""
    },
    {
      "filePath": "\/Users\/vagrant\/git\/project\/MWConstructionPlugin\/MWConstructionPlugin\/MWConstructionPluginStruct.swift",
      "kind": "StringLiteral",
      "offset": 396,
      "length": 48,
      "value": "\"io.mobileworkflow.ConstructionDepthMeasurement\""
    },
    {
      "filePath": "\/Users\/vagrant\/git\/project\/MWConstructionPlugin\/MWConstructionPlugin\/MWConstructionPluginStruct.swift",
      "kind": "StringLiteral",
      "offset": 396,
      "length": 48,
      "value": "\"io.mobileworkflow.ConstructionDepthMeasurement\""
    }
  ]
}