{
  "ABIRoot": {
    "kind": "Root",
    "name": "TopLevel",
    "printedName": "TopLevel",
    "children": [
      {
        "kind": "Import",
        "name": "Foundation",
        "printedName": "Foundation",
        "declKind": "Import",
        "moduleName": "MWVisionPlugin",
        "declAttributes": [
          "RawDocComment"
        ]
      },
      {
        "kind": "Import",
        "name": "MobileWorkflowCore",
        "printedName": "MobileWorkflowCore",
        "declKind": "Import",
        "moduleName": "MWVisionPlugin"
      },
      {
        "kind": "TypeDecl",
        "name": "MWIdentifyObjectsStep",
        "printedName": "MWIdentifyObjectsStep",
        "children": [
          {
            "kind": "Function",
            "name": "instantiateViewController",
            "printedName": "instantiateViewController()",
            "children": [
              {
                "kind": "TypeNominal",
                "name": "StepViewController",
                "printedName": "MobileWorkflowCore.StepViewController",
                "usr": "s:18MobileWorkflowCore18StepViewControllerP"
              }
            ],
            "declKind": "Func",
            "usr": "s:14MWVisionPlugin21MWIdentifyObjectsStepC25instantiateViewController18MobileWorkflowCore0egH0_pyF",
            "mangledName": "$s14MWVisionPlugin21MWIdentifyObjectsStepC25instantiateViewController18MobileWorkflowCore0egH0_pyF",
            "moduleName": "MWVisionPlugin",
            "overriding": true,
            "declAttributes": [
              "Override",
              "AccessControl"
            ],
            "funcSelfKind": "NonMutating"
          },
          {
            "kind": "Constructor",
            "name": "init",
            "printedName": "init(identifier:title:text:theme:links:navigationItems:)",
            "children": [
              {
                "kind": "TypeNominal",
                "name": "MWIdentifyObjectsStep",
                "printedName": "MWVisionPlugin.MWIdentifyObjectsStep",
                "usr": "s:14MWVisionPlugin21MWIdentifyObjectsStepC"
              },
              {
                "kind": "TypeNominal",
                "name": "String",
                "printedName": "Swift.String",
                "usr": "s:SS"
              },
              {
                "kind": "TypeNominal",
                "name": "Optional",
                "printedName": "Swift.String?",
                "children": [
                  {
                    "kind": "TypeNominal",
                    "name": "String",
                    "printedName": "Swift.String",
                    "usr": "s:SS"
                  }
                ],
                "hasDefaultArg": true,
                "usr": "s:Sq"
              },
              {
                "kind": "TypeNominal",
                "name": "Optional",
                "printedName": "Swift.String?",
                "children": [
                  {
                    "kind": "TypeNominal",
                    "name": "String",
                    "printedName": "Swift.String",
                    "usr": "s:SS"
                  }
                ],
                "hasDefaultArg": true,
                "usr": "s:Sq"
              },
              {
                "kind": "TypeNominal",
                "name": "Theme",
                "printedName": "MobileWorkflowCore.Theme",
                "hasDefaultArg": true,
                "usr": "s:18MobileWorkflowCore5ThemeV"
              },
              {
                "kind": "TypeNominal",
                "name": "Array",
                "printedName": "[MobileWorkflowCore.StepLink]",
                "children": [
                  {
                    "kind": "TypeNominal",
                    "name": "StepLink",
                    "printedName": "MobileWorkflowCore.StepLink",
                    "usr": "s:18MobileWorkflowCore8StepLinkV"
                  }
                ],
                "hasDefaultArg": true,
                "usr": "s:Sa"
              },
              {
                "kind": "TypeNominal",
                "name": "Array",
                "printedName": "[MobileWorkflowCore.StepNavigationItem]",
                "children": [
                  {
                    "kind": "TypeNominal",
                    "name": "StepNavigationItem",
                    "printedName": "MobileWorkflowCore.StepNavigationItem",
                    "usr": "s:18MobileWorkflowCore18StepNavigationItemV"
                  }
                ],
                "hasDefaultArg": true,
                "usr": "s:Sa"
              }
            ],
            "declKind": "Constructor",
            "usr": "s:14MWVisionPlugin21MWIdentifyObjectsStepC10identifier5title4text5theme5links15navigationItemsACSS_SSSgAJ18MobileWorkflowCore5ThemeVSayAK0E4LinkVGSayAK0E14NavigationItemVGtcfc",
            "mangledName": "$s14MWVisionPlugin21MWIdentifyObjectsStepC10identifier5title4text5theme5links15navigationItemsACSS_SSSgAJ18MobileWorkflowCore5ThemeVSayAK0E4LinkVGSayAK0E14NavigationItemVGtcfc",
            "moduleName": "MWVisionPlugin",
            "overriding": true,
            "implicit": true,
            "declAttributes": [
              "Override"
            ],
            "init_kind": "Designated"
          },
          {
            "kind": "Var",
            "name": "mandatoryCodingPaths",
            "printedName": "mandatoryCodingPaths",
            "children": [
              {
                "kind": "TypeNominal",
                "name": "Array",
                "printedName": "[Swift.CodingKey]",
                "children": [
                  {
                    "kind": "TypeNominal",
                    "name": "CodingKey",
                    "printedName": "Swift.CodingKey",
                    "usr": "s:s9CodingKeyP"
                  }
                ],
                "usr": "s:Sa"
              }
            ],
            "declKind": "Var",
            "usr": "s:14MWVisionPlugin21MWIdentifyObjectsStepC20mandatoryCodingPathsSays0G3Key_pGvpZ",
            "mangledName": "$s14MWVisionPlugin21MWIdentifyObjectsStepC20mandatoryCodingPathsSays0G3Key_pGvpZ",
            "moduleName": "MWVisionPlugin",
            "static": true,
            "declAttributes": [
              "Final",
              "AccessControl"
            ],
            "isFromExtension": true,
            "accessors": [
              {
                "kind": "Accessor",
                "name": "Get",
                "printedName": "Get()",
                "children": [
                  {
                    "kind": "TypeNominal",
                    "name": "Array",
                    "printedName": "[Swift.CodingKey]",
                    "children": [
                      {
                        "kind": "TypeNominal",
                        "name": "CodingKey",
                        "printedName": "Swift.CodingKey",
                        "usr": "s:s9CodingKeyP"
                      }
                    ],
                    "usr": "s:Sa"
                  }
                ],
                "declKind": "Accessor",
                "usr": "s:14MWVisionPlugin21MWIdentifyObjectsStepC20mandatoryCodingPathsSays0G3Key_pGvgZ",
                "mangledName": "$s14MWVisionPlugin21MWIdentifyObjectsStepC20mandatoryCodingPathsSays0G3Key_pGvgZ",
                "moduleName": "MWVisionPlugin",
                "static": true,
                "declAttributes": [
                  "Final"
                ],
                "isFromExtension": true,
                "accessorKind": "get"
              }
            ]
          },
          {
            "kind": "Function",
            "name": "build",
            "printedName": "build(stepInfo:services:)",
            "children": [
              {
                "kind": "TypeNominal",
                "name": "Step",
                "printedName": "MobileWorkflowCore.Step",
                "usr": "s:18MobileWorkflowCore4StepP"
              },
              {
                "kind": "TypeNominal",
                "name": "StepInfo",
                "printedName": "MobileWorkflowCore.StepInfo",
                "usr": "s:18MobileWorkflowCore8StepInfoV"
              },
              {
                "kind": "TypeNominal",
                "name": "StepServices",
                "printedName": "MobileWorkflowCore.StepServices",
                "usr": "s:18MobileWorkflowCore12StepServicesC"
              }
            ],
            "declKind": "Func",
            "usr": "s:14MWVisionPlugin21MWIdentifyObjectsStepC5build8stepInfo8services18MobileWorkflowCore0E0_pAG0eH0V_AG0E8ServicesCtKFZ",
            "mangledName": "$s14MWVisionPlugin21MWIdentifyObjectsStepC5build8stepInfo8services18MobileWorkflowCore0E0_pAG0eH0V_AG0E8ServicesCtKFZ",
            "moduleName": "MWVisionPlugin",
            "static": true,
            "declAttributes": [
              "Final",
              "AccessControl"
            ],
            "isFromExtension": true,
            "throwing": true,
            "funcSelfKind": "NonMutating"
          }
        ],
        "declKind": "Class",
        "usr": "s:14MWVisionPlugin21MWIdentifyObjectsStepC",
        "mangledName": "$s14MWVisionPlugin21MWIdentifyObjectsStepC",
        "moduleName": "MWVisionPlugin",
        "declAttributes": [
          "AccessControl"
        ],
        "superclassUsr": "s:18MobileWorkflowCore6MWStepC",
        "hasMissingDesignatedInitializers": true,
        "superclassNames": [
          "MobileWorkflowCore.MWStep"
        ],
        "conformances": [
          {
            "kind": "Conformance",
            "name": "BuildableStep",
            "printedName": "BuildableStep",
            "usr": "s:18MobileWorkflowCore13BuildableStepP",
            "mangledName": "$s18MobileWorkflowCore13BuildableStepP"
          },
          {
            "kind": "Conformance",
            "name": "Step",
            "printedName": "Step",
            "usr": "s:18MobileWorkflowCore4StepP",
            "mangledName": "$s18MobileWorkflowCore4StepP"
          }
        ]
      },
      {
        "kind": "Import",
        "name": "UIKit",
        "printedName": "UIKit",
        "declKind": "Import",
        "moduleName": "MWVisionPlugin",
        "declAttributes": [
          "RawDocComment"
        ]
      },
      {
        "kind": "Import",
        "name": "Combine",
        "printedName": "Combine",
        "declKind": "Import",
        "moduleName": "MWVisionPlugin"
      },
      {
        "kind": "Import",
        "name": "Vision",
        "printedName": "Vision",
        "declKind": "Import",
        "moduleName": "MWVisionPlugin"
      },
      {
        "kind": "Import",
        "name": "AVFoundation",
        "printedName": "AVFoundation",
        "declKind": "Import",
        "moduleName": "MWVisionPlugin"
      },
      {
        "kind": "Import",
        "name": "MobileWorkflowCore",
        "printedName": "MobileWorkflowCore",
        "declKind": "Import",
        "moduleName": "MWVisionPlugin"
      },
      {
        "kind": "TypeDecl",
        "name": "MWIdentifyObjectsStepViewControllerError",
        "printedName": "MWIdentifyObjectsStepViewControllerError",
        "children": [
          {
            "kind": "Var",
            "name": "invalidURL",
            "printedName": "invalidURL",
            "children": [
              {
                "kind": "TypeFunc",
                "name": "Function",
                "printedName": "(MWVisionPlugin.MWIdentifyObjectsStepViewControllerError.Type) -> MWVisionPlugin.MWIdentifyObjectsStepViewControllerError",
                "children": [
                  {
                    "kind": "TypeNominal",
                    "name": "MWIdentifyObjectsStepViewControllerError",
                    "printedName": "MWVisionPlugin.MWIdentifyObjectsStepViewControllerError",
                    "usr": "s:14MWVisionPlugin40MWIdentifyObjectsStepViewControllerErrorO"
                  },
                  {
                    "kind": "TypeNominal",
                    "name": "Metatype",
                    "printedName": "MWVisionPlugin.MWIdentifyObjectsStepViewControllerError.Type",
                    "children": [
                      {
                        "kind": "TypeNominal",
                        "name": "MWIdentifyObjectsStepViewControllerError",
                        "printedName": "MWVisionPlugin.MWIdentifyObjectsStepViewControllerError",
                        "usr": "s:14MWVisionPlugin40MWIdentifyObjectsStepViewControllerErrorO"
                      }
                    ]
                  }
                ]
              }
            ],
            "declKind": "EnumElement",
            "usr": "s:14MWVisionPlugin40MWIdentifyObjectsStepViewControllerErrorO10invalidURLyA2CmF",
            "mangledName": "$s14MWVisionPlugin40MWIdentifyObjectsStepViewControllerErrorO10invalidURLyA2CmF",
            "moduleName": "MWVisionPlugin"
          },
          {
            "kind": "Var",
            "name": "unableToLoad",
            "printedName": "unableToLoad",
            "children": [
              {
                "kind": "TypeFunc",
                "name": "Function",
                "printedName": "(MWVisionPlugin.MWIdentifyObjectsStepViewControllerError.Type) -> MWVisionPlugin.MWIdentifyObjectsStepViewControllerError",
                "children": [
                  {
                    "kind": "TypeNominal",
                    "name": "MWIdentifyObjectsStepViewControllerError",
                    "printedName": "MWVisionPlugin.MWIdentifyObjectsStepViewControllerError",
                    "usr": "s:14MWVisionPlugin40MWIdentifyObjectsStepViewControllerErrorO"
                  },
                  {
                    "kind": "TypeNominal",
                    "name": "Metatype",
                    "printedName": "MWVisionPlugin.MWIdentifyObjectsStepViewControllerError.Type",
                    "children": [
                      {
                        "kind": "TypeNominal",
                        "name": "MWIdentifyObjectsStepViewControllerError",
                        "printedName": "MWVisionPlugin.MWIdentifyObjectsStepViewControllerError",
                        "usr": "s:14MWVisionPlugin40MWIdentifyObjectsStepViewControllerErrorO"
                      }
                    ]
                  }
                ]
              }
            ],
            "declKind": "EnumElement",
            "usr": "s:14MWVisionPlugin40MWIdentifyObjectsStepViewControllerErrorO12unableToLoadyA2CmF",
            "mangledName": "$s14MWVisionPlugin40MWIdentifyObjectsStepViewControllerErrorO12unableToLoadyA2CmF",
            "moduleName": "MWVisionPlugin"
          },
          {
            "kind": "Var",
            "name": "permissionDenied",
            "printedName": "permissionDenied",
            "children": [
              {
                "kind": "TypeFunc",
                "name": "Function",
                "printedName": "(MWVisionPlugin.MWIdentifyObjectsStepViewControllerError.Type) -> MWVisionPlugin.MWIdentifyObjectsStepViewControllerError",
                "children": [
                  {
                    "kind": "TypeNominal",
                    "name": "MWIdentifyObjectsStepViewControllerError",
                    "printedName": "MWVisionPlugin.MWIdentifyObjectsStepViewControllerError",
                    "usr": "s:14MWVisionPlugin40MWIdentifyObjectsStepViewControllerErrorO"
                  },
                  {
                    "kind": "TypeNominal",
                    "name": "Metatype",
                    "printedName": "MWVisionPlugin.MWIdentifyObjectsStepViewControllerError.Type",
                    "children": [
                      {
                        "kind": "TypeNominal",
                        "name": "MWIdentifyObjectsStepViewControllerError",
                        "printedName": "MWVisionPlugin.MWIdentifyObjectsStepViewControllerError",
                        "usr": "s:14MWVisionPlugin40MWIdentifyObjectsStepViewControllerErrorO"
                      }
                    ]
                  }
                ]
              }
            ],
            "declKind": "EnumElement",
            "usr": "s:14MWVisionPlugin40MWIdentifyObjectsStepViewControllerErrorO16permissionDeniedyA2CmF",
            "mangledName": "$s14MWVisionPlugin40MWIdentifyObjectsStepViewControllerErrorO16permissionDeniedyA2CmF",
            "moduleName": "MWVisionPlugin"
          },
          {
            "kind": "Var",
            "name": "errorDescription",
            "printedName": "errorDescription",
            "children": [
              {
                "kind": "TypeNominal",
                "name": "Optional",
                "printedName": "Swift.String?",
                "children": [
                  {
                    "kind": "TypeNominal",
                    "name": "String",
                    "printedName": "Swift.String",
                    "usr": "s:SS"
                  }
                ],
                "usr": "s:Sq"
              }
            ],
            "declKind": "Var",
            "usr": "s:14MWVisionPlugin40MWIdentifyObjectsStepViewControllerErrorO16errorDescriptionSSSgvp",
            "mangledName": "$s14MWVisionPlugin40MWIdentifyObjectsStepViewControllerErrorO16errorDescriptionSSSgvp",
            "moduleName": "MWVisionPlugin",
            "declAttributes": [
              "AccessControl"
            ],
            "accessors": [
              {
                "kind": "Accessor",
                "name": "Get",
                "printedName": "Get()",
                "children": [
                  {
                    "kind": "TypeNominal",
                    "name": "Optional",
                    "printedName": "Swift.String?",
                    "children": [
                      {
                        "kind": "TypeNominal",
                        "name": "String",
                        "printedName": "Swift.String",
                        "usr": "s:SS"
                      }
                    ],
                    "usr": "s:Sq"
                  }
                ],
                "declKind": "Accessor",
                "usr": "s:14MWVisionPlugin40MWIdentifyObjectsStepViewControllerErrorO16errorDescriptionSSSgvg",
                "mangledName": "$s14MWVisionPlugin40MWIdentifyObjectsStepViewControllerErrorO16errorDescriptionSSSgvg",
                "moduleName": "MWVisionPlugin",
                "accessorKind": "get"
              }
            ]
          },
          {
            "kind": "Function",
            "name": "==",
            "printedName": "==(_:_:)",
            "children": [
              {
                "kind": "TypeNominal",
                "name": "Bool",
                "printedName": "Swift.Bool",
                "usr": "s:Sb"
              },
              {
                "kind": "TypeNominal",
                "name": "MWIdentifyObjectsStepViewControllerError",
                "printedName": "MWVisionPlugin.MWIdentifyObjectsStepViewControllerError",
                "usr": "s:14MWVisionPlugin40MWIdentifyObjectsStepViewControllerErrorO"
              },
              {
                "kind": "TypeNominal",
                "name": "MWIdentifyObjectsStepViewControllerError",
                "printedName": "MWVisionPlugin.MWIdentifyObjectsStepViewControllerError",
                "usr": "s:14MWVisionPlugin40MWIdentifyObjectsStepViewControllerErrorO"
              }
            ],
            "declKind": "Func",
            "usr": "s:14MWVisionPlugin40MWIdentifyObjectsStepViewControllerErrorO2eeoiySbAC_ACtFZ",
            "mangledName": "$s14MWVisionPlugin40MWIdentifyObjectsStepViewControllerErrorO2eeoiySbAC_ACtFZ",
            "moduleName": "MWVisionPlugin",
            "static": true,
            "implicit": true,
            "funcSelfKind": "NonMutating"
          },
          {
            "kind": "Var",
            "name": "hashValue",
            "printedName": "hashValue",
            "children": [
              {
                "kind": "TypeNominal",
                "name": "Int",
                "printedName": "Swift.Int",
                "usr": "s:Si"
              }
            ],
            "declKind": "Var",
            "usr": "s:14MWVisionPlugin40MWIdentifyObjectsStepViewControllerErrorO9hashValueSivp",
            "mangledName": "$s14MWVisionPlugin40MWIdentifyObjectsStepViewControllerErrorO9hashValueSivp",
            "moduleName": "MWVisionPlugin",
            "implicit": true,
            "accessors": [
              {
                "kind": "Accessor",
                "name": "Get",
                "printedName": "Get()",
                "children": [
                  {
                    "kind": "TypeNominal",
                    "name": "Int",
                    "printedName": "Swift.Int",
                    "usr": "s:Si"
                  }
                ],
                "declKind": "Accessor",
                "usr": "s:14MWVisionPlugin40MWIdentifyObjectsStepViewControllerErrorO9hashValueSivg",
                "mangledName": "$s14MWVisionPlugin40MWIdentifyObjectsStepViewControllerErrorO9hashValueSivg",
                "moduleName": "MWVisionPlugin",
                "implicit": true,
                "accessorKind": "get"
              }
            ]
          },
          {
            "kind": "Function",
            "name": "hash",
            "printedName": "hash(into:)",
            "children": [
              {
                "kind": "TypeNominal",
                "name": "Void",
                "printedName": "()"
              },
              {
                "kind": "TypeNominal",
                "name": "Hasher",
                "printedName": "Swift.Hasher",
                "paramValueOwnership": "InOut",
                "usr": "s:s6HasherV"
              }
            ],
            "declKind": "Func",
            "usr": "s:14MWVisionPlugin40MWIdentifyObjectsStepViewControllerErrorO4hash4intoys6HasherVz_tF",
            "mangledName": "$s14MWVisionPlugin40MWIdentifyObjectsStepViewControllerErrorO4hash4intoys6HasherVz_tF",
            "moduleName": "MWVisionPlugin",
            "implicit": true,
            "funcSelfKind": "NonMutating"
          }
        ],
        "declKind": "Enum",
        "usr": "s:14MWVisionPlugin40MWIdentifyObjectsStepViewControllerErrorO",
        "mangledName": "$s14MWVisionPlugin40MWIdentifyObjectsStepViewControllerErrorO",
        "moduleName": "MWVisionPlugin",
        "declAttributes": [
          "AccessControl"
        ],
        "conformances": [
          {
            "kind": "Conformance",
            "name": "Equatable",
            "printedName": "Equatable",
            "usr": "s:SQ",
            "mangledName": "$sSQ"
          },
          {
            "kind": "Conformance",
            "name": "Hashable",
            "printedName": "Hashable",
            "usr": "s:SH",
            "mangledName": "$sSH"
          },
          {
            "kind": "Conformance",
            "name": "LocalizedError",
            "printedName": "LocalizedError",
            "usr": "s:10Foundation14LocalizedErrorP",
            "mangledName": "$s10Foundation14LocalizedErrorP"
          },
          {
            "kind": "Conformance",
            "name": "Error",
            "printedName": "Error",
            "usr": "s:s5ErrorP",
            "mangledName": "$ss5ErrorP"
          },
          {
            "kind": "Conformance",
            "name": "Sendable",
            "printedName": "Sendable",
            "usr": "s:s8SendableP",
            "mangledName": "$ss8SendableP"
          }
        ]
      },
      {
        "kind": "TypeDecl",
        "name": "MWIdentifyObjectsStepViewController",
        "printedName": "MWIdentifyObjectsStepViewController",
        "children": [
          {
            "kind": "Var",
            "name": "titleMode",
            "printedName": "titleMode",
            "children": [
              {
                "kind": "TypeNominal",
                "name": "StepViewControllerTitleMode",
                "printedName": "MobileWorkflowCore.StepViewControllerTitleMode",
                "usr": "s:18MobileWorkflowCore27StepViewControllerTitleModeO"
              }
            ],
            "declKind": "Var",
            "usr": "s:14MWVisionPlugin35MWIdentifyObjectsStepViewControllerC9titleMode18MobileWorkflowCore0efg5TitleI0Ovp",
            "mangledName": "$s14MWVisionPlugin35MWIdentifyObjectsStepViewControllerC9titleMode18MobileWorkflowCore0efg5TitleI0Ovp",
            "moduleName": "MWVisionPlugin",
            "overriding": true,
            "declAttributes": [
              "Custom",
              "Override",
              "AccessControl"
            ],
            "accessors": [
              {
                "kind": "Accessor",
                "name": "Get",
                "printedName": "Get()",
                "children": [
                  {
                    "kind": "TypeNominal",
                    "name": "StepViewControllerTitleMode",
                    "printedName": "MobileWorkflowCore.StepViewControllerTitleMode",
                    "usr": "s:18MobileWorkflowCore27StepViewControllerTitleModeO"
                  }
                ],
                "declKind": "Accessor",
                "usr": "s:14MWVisionPlugin35MWIdentifyObjectsStepViewControllerC9titleMode18MobileWorkflowCore0efg5TitleI0Ovg",
                "mangledName": "$s14MWVisionPlugin35MWIdentifyObjectsStepViewControllerC9titleMode18MobileWorkflowCore0efg5TitleI0Ovg",
                "moduleName": "MWVisionPlugin",
                "overriding": true,
                "accessorKind": "get"
              }
            ]
          },
          {
            "kind": "Function",
            "name": "viewDidLoad",
            "printedName": "viewDidLoad()",
            "children": [
              {
                "kind": "TypeNominal",
                "name": "Void",
                "printedName": "()"
              }
            ],
            "declKind": "Func",
            "usr": "c:@M@MWVisionPlugin@objc(cs)MWIdentifyObjectsStepViewController(im)viewDidLoad",
            "mangledName": "$s14MWVisionPlugin35MWIdentifyObjectsStepViewControllerC11viewDidLoadyyF",
            "moduleName": "MWVisionPlugin",
            "overriding": true,
            "objc_name": "viewDidLoad",
            "declAttributes": [
              "Dynamic",
              "ObjC",
              "Custom",
              "Override",
              "AccessControl"
            ],
            "funcSelfKind": "NonMutating"
          },
          {
            "kind": "Function",
            "name": "viewWillAppear",
            "printedName": "viewWillAppear(_:)",
            "children": [
              {
                "kind": "TypeNominal",
                "name": "Void",
                "printedName": "()"
              },
              {
                "kind": "TypeNominal",
                "name": "Bool",
                "printedName": "Swift.Bool",
                "usr": "s:Sb"
              }
            ],
            "declKind": "Func",
            "usr": "c:@M@MWVisionPlugin@objc(cs)MWIdentifyObjectsStepViewController(im)viewWillAppear:",
            "mangledName": "$s14MWVisionPlugin35MWIdentifyObjectsStepViewControllerC14viewWillAppearyySbF",
            "moduleName": "MWVisionPlugin",
            "overriding": true,
            "objc_name": "viewWillAppear:",
            "declAttributes": [
              "Dynamic",
              "ObjC",
              "Custom",
              "Override",
              "AccessControl"
            ],
            "funcSelfKind": "NonMutating"
          },
          {
            "kind": "Function",
            "name": "viewDidDisappear",
            "printedName": "viewDidDisappear(_:)",
            "children": [
              {
                "kind": "TypeNominal",
                "name": "Void",
                "printedName": "()"
              },
              {
                "kind": "TypeNominal",
                "name": "Bool",
                "printedName": "Swift.Bool",
                "usr": "s:Sb"
              }
            ],
            "declKind": "Func",
            "usr": "c:@M@MWVisionPlugin@objc(cs)MWIdentifyObjectsStepViewController(im)viewDidDisappear:",
            "mangledName": "$s14MWVisionPlugin35MWIdentifyObjectsStepViewControllerC16viewDidDisappearyySbF",
            "moduleName": "MWVisionPlugin",
            "overriding": true,
            "objc_name": "viewDidDisappear:",
            "declAttributes": [
              "Dynamic",
              "ObjC",
              "Custom",
              "Override",
              "AccessControl"
            ],
            "funcSelfKind": "NonMutating"
          },
          {
            "kind": "Constructor",
            "name": "init",
            "printedName": "init(step:nibName:bundle:)",
            "children": [
              {
                "kind": "TypeNominal",
                "name": "MWIdentifyObjectsStepViewController",
                "printedName": "MWVisionPlugin.MWIdentifyObjectsStepViewController",
                "usr": "c:@M@MWVisionPlugin@objc(cs)MWIdentifyObjectsStepViewController"
              },
              {
                "kind": "TypeNominal",
                "name": "Step",
                "printedName": "MobileWorkflowCore.Step",
                "usr": "s:18MobileWorkflowCore4StepP"
              },
              {
                "kind": "TypeNominal",
                "name": "Optional",
                "printedName": "Swift.String?",
                "children": [
                  {
                    "kind": "TypeNominal",
                    "name": "String",
                    "printedName": "Swift.String",
                    "usr": "s:SS"
                  }
                ],
                "usr": "s:Sq"
              },
              {
                "kind": "TypeNominal",
                "name": "Optional",
                "printedName": "Foundation.Bundle?",
                "children": [
                  {
                    "kind": "TypeNominal",
                    "name": "Bundle",
                    "printedName": "Foundation.Bundle",
                    "usr": "c:objc(cs)NSBundle"
                  }
                ],
                "usr": "s:Sq"
              }
            ],
            "declKind": "Constructor",
            "usr": "s:14MWVisionPlugin35MWIdentifyObjectsStepViewControllerC4step7nibName6bundleAC18MobileWorkflowCore0E0_p_SSSgSo8NSBundleCSgtcfc",
            "mangledName": "$s14MWVisionPlugin35MWIdentifyObjectsStepViewControllerC4step7nibName6bundleAC18MobileWorkflowCore0E0_p_SSSgSo8NSBundleCSgtcfc",
            "moduleName": "MWVisionPlugin",
            "overriding": true,
            "implicit": true,
            "declAttributes": [
              "Custom",
              "Override"
            ],
            "init_kind": "Designated"
          },
          {
            "kind": "Constructor",
            "name": "init",
            "printedName": "init(step:)",
            "children": [
              {
                "kind": "TypeNominal",
                "name": "MWIdentifyObjectsStepViewController",
                "printedName": "MWVisionPlugin.MWIdentifyObjectsStepViewController",
                "usr": "c:@M@MWVisionPlugin@objc(cs)MWIdentifyObjectsStepViewController"
              },
              {
                "kind": "TypeNominal",
                "name": "Step",
                "printedName": "MobileWorkflowCore.Step",
                "usr": "s:18MobileWorkflowCore4StepP"
              }
            ],
            "declKind": "Constructor",
            "usr": "s:14MWVisionPlugin35MWIdentifyObjectsStepViewControllerC4stepAC18MobileWorkflowCore0E0_p_tcfc",
            "mangledName": "$s14MWVisionPlugin35MWIdentifyObjectsStepViewControllerC4stepAC18MobileWorkflowCore0E0_p_tcfc",
            "moduleName": "MWVisionPlugin",
            "overriding": true,
            "implicit": true,
            "declAttributes": [
              "Custom",
              "Override"
            ],
            "init_kind": "Designated"
          },
          {
            "kind": "Constructor",
            "name": "init",
            "printedName": "init(coder:)",
            "children": [
              {
                "kind": "TypeNominal",
                "name": "Optional",
                "printedName": "MWVisionPlugin.MWIdentifyObjectsStepViewController?",
                "children": [
                  {
                    "kind": "TypeNominal",
                    "name": "MWIdentifyObjectsStepViewController",
                    "printedName": "MWVisionPlugin.MWIdentifyObjectsStepViewController",
                    "usr": "c:@M@MWVisionPlugin@objc(cs)MWIdentifyObjectsStepViewController"
                  }
                ],
                "usr": "s:Sq"
              },
              {
                "kind": "TypeNominal",
                "name": "NSCoder",
                "printedName": "Foundation.NSCoder",
                "usr": "c:objc(cs)NSCoder"
              }
            ],
            "declKind": "Constructor",
            "usr": "c:@M@MWVisionPlugin@objc(cs)MWIdentifyObjectsStepViewController(im)initWithCoder:",
            "mangledName": "$s14MWVisionPlugin35MWIdentifyObjectsStepViewControllerC5coderACSgSo7NSCoderC_tcfc",
            "moduleName": "MWVisionPlugin",
            "overriding": true,
            "implicit": true,
            "objc_name": "initWithCoder:",
            "declAttributes": [
              "Dynamic",
              "ObjC",
              "Custom",
              "Required"
            ],
            "init_kind": "Designated"
          }
        ],
        "declKind": "Class",
        "usr": "c:@M@MWVisionPlugin@objc(cs)MWIdentifyObjectsStepViewController",
        "mangledName": "$s14MWVisionPlugin35MWIdentifyObjectsStepViewControllerC",
        "moduleName": "MWVisionPlugin",
        "declAttributes": [
          "Custom",
          "AccessControl",
          "ObjC"
        ],
        "superclassUsr": "c:@M@MobileWorkflowCore@objc(cs)MWStepViewController",
        "inheritsConvenienceInitializers": true,
        "superclassNames": [
          "MobileWorkflowCore.MWStepViewController",
          "UIKit.UIViewController",
          "UIKit.UIResponder",
          "ObjectiveC.NSObject"
        ],
        "conformances": [
          {
            "kind": "Conformance",
            "name": "StepViewController",
            "printedName": "StepViewController",
            "usr": "s:18MobileWorkflowCore18StepViewControllerP",
            "mangledName": "$s18MobileWorkflowCore18StepViewControllerP"
          },
          {
            "kind": "Conformance",
            "name": "Equatable",
            "printedName": "Equatable",
            "usr": "s:SQ",
            "mangledName": "$sSQ"
          },
          {
            "kind": "Conformance",
            "name": "Hashable",
            "printedName": "Hashable",
            "usr": "s:SH",
            "mangledName": "$sSH"
          },
          {
            "kind": "Conformance",
            "name": "CVarArg",
            "printedName": "CVarArg",
            "usr": "s:s7CVarArgP",
            "mangledName": "$ss7CVarArgP"
          },
          {
            "kind": "Conformance",
            "name": "_KeyValueCodingAndObservingPublishing",
            "printedName": "_KeyValueCodingAndObservingPublishing",
            "usr": "s:10Foundation37_KeyValueCodingAndObservingPublishingP",
            "mangledName": "$s10Foundation37_KeyValueCodingAndObservingPublishingP"
          },
          {
            "kind": "Conformance",
            "name": "_KeyValueCodingAndObserving",
            "printedName": "_KeyValueCodingAndObserving",
            "usr": "s:10Foundation27_KeyValueCodingAndObservingP",
            "mangledName": "$s10Foundation27_KeyValueCodingAndObservingP"
          },
          {
            "kind": "Conformance",
            "name": "CustomStringConvertible",
            "printedName": "CustomStringConvertible",
            "usr": "s:s23CustomStringConvertibleP",
            "mangledName": "$ss23CustomStringConvertibleP"
          },
          {
            "kind": "Conformance",
            "name": "CustomDebugStringConvertible",
            "printedName": "CustomDebugStringConvertible",
            "usr": "s:s28CustomDebugStringConvertibleP",
            "mangledName": "$ss28CustomDebugStringConvertibleP"
          }
        ]
      },
      {
        "kind": "Import",
        "name": "Foundation",
        "printedName": "Foundation",
        "declKind": "Import",
        "moduleName": "MWVisionPlugin",
        "declAttributes": [
          "RawDocComment"
        ]
      },
      {
        "kind": "Import",
        "name": "MobileWorkflowCore",
        "printedName": "MobileWorkflowCore",
        "declKind": "Import",
        "moduleName": "MWVisionPlugin"
      },
      {
        "kind": "Import",
        "name": "UIKit",
        "printedName": "UIKit",
        "declKind": "Import",
        "moduleName": "MWVisionPlugin",
        "declAttributes": [
          "RawDocComment"
        ]
      },
      {
        "kind": "Import",
        "name": "AVFoundation",
        "printedName": "AVFoundation",
        "declKind": "Import",
        "moduleName": "MWVisionPlugin"
      },
      {
        "kind": "Import",
        "name": "Vision",
        "printedName": "Vision",
        "declKind": "Import",
        "moduleName": "MWVisionPlugin"
      },
      {
        "kind": "Import",
        "name": "Combine",
        "printedName": "Combine",
        "declKind": "Import",
        "moduleName": "MWVisionPlugin"
      },
      {
        "kind": "Import",
        "name": "UIKit",
        "printedName": "UIKit",
        "declKind": "Import",
        "moduleName": "MWVisionPlugin",
        "declAttributes": [
          "RawDocComment"
        ]
      },
      {
        "kind": "Import",
        "name": "AVFoundation",
        "printedName": "AVFoundation",
        "declKind": "Import",
        "moduleName": "MWVisionPlugin"
      },
      {
        "kind": "Import",
        "name": "Vision",
        "printedName": "Vision",
        "declKind": "Import",
        "moduleName": "MWVisionPlugin"
      },
      {
        "kind": "Import",
        "name": "Foundation",
        "printedName": "Foundation",
        "declKind": "Import",
        "moduleName": "MWVisionPlugin",
        "declAttributes": [
          "RawDocComment"
        ]
      },
      {
        "kind": "Import",
        "name": "MobileWorkflowCore",
        "printedName": "MobileWorkflowCore",
        "declKind": "Import",
        "moduleName": "MWVisionPlugin"
      },
      {
        "kind": "TypeDecl",
        "name": "MWExtractRegexTextCodeStep",
        "printedName": "MWExtractRegexTextCodeStep",
        "children": [
          {
            "kind": "Function",
            "name": "instantiateViewController",
            "printedName": "instantiateViewController()",
            "children": [
              {
                "kind": "TypeNominal",
                "name": "StepViewController",
                "printedName": "MobileWorkflowCore.StepViewController",
                "usr": "s:18MobileWorkflowCore18StepViewControllerP"
              }
            ],
            "declKind": "Func",
            "usr": "s:14MWVisionPlugin26MWExtractRegexTextCodeStepC25instantiateViewController18MobileWorkflowCore0giJ0_pyF",
            "mangledName": "$s14MWVisionPlugin26MWExtractRegexTextCodeStepC25instantiateViewController18MobileWorkflowCore0giJ0_pyF",
            "moduleName": "MWVisionPlugin",
            "overriding": true,
            "declAttributes": [
              "Override",
              "AccessControl"
            ],
            "funcSelfKind": "NonMutating"
          },
          {
            "kind": "Constructor",
            "name": "init",
            "printedName": "init(identifier:title:text:theme:links:navigationItems:)",
            "children": [
              {
                "kind": "TypeNominal",
                "name": "MWExtractRegexTextCodeStep",
                "printedName": "MWVisionPlugin.MWExtractRegexTextCodeStep",
                "usr": "s:14MWVisionPlugin26MWExtractRegexTextCodeStepC"
              },
              {
                "kind": "TypeNominal",
                "name": "String",
                "printedName": "Swift.String",
                "usr": "s:SS"
              },
              {
                "kind": "TypeNominal",
                "name": "Optional",
                "printedName": "Swift.String?",
                "children": [
                  {
                    "kind": "TypeNominal",
                    "name": "String",
                    "printedName": "Swift.String",
                    "usr": "s:SS"
                  }
                ],
                "hasDefaultArg": true,
                "usr": "s:Sq"
              },
              {
                "kind": "TypeNominal",
                "name": "Optional",
                "printedName": "Swift.String?",
                "children": [
                  {
                    "kind": "TypeNominal",
                    "name": "String",
                    "printedName": "Swift.String",
                    "usr": "s:SS"
                  }
                ],
                "hasDefaultArg": true,
                "usr": "s:Sq"
              },
              {
                "kind": "TypeNominal",
                "name": "Theme",
                "printedName": "MobileWorkflowCore.Theme",
                "hasDefaultArg": true,
                "usr": "s:18MobileWorkflowCore5ThemeV"
              },
              {
                "kind": "TypeNominal",
                "name": "Array",
                "printedName": "[MobileWorkflowCore.StepLink]",
                "children": [
                  {
                    "kind": "TypeNominal",
                    "name": "StepLink",
                    "printedName": "MobileWorkflowCore.StepLink",
                    "usr": "s:18MobileWorkflowCore8StepLinkV"
                  }
                ],
                "hasDefaultArg": true,
                "usr": "s:Sa"
              },
              {
                "kind": "TypeNominal",
                "name": "Array",
                "printedName": "[MobileWorkflowCore.StepNavigationItem]",
                "children": [
                  {
                    "kind": "TypeNominal",
                    "name": "StepNavigationItem",
                    "printedName": "MobileWorkflowCore.StepNavigationItem",
                    "usr": "s:18MobileWorkflowCore18StepNavigationItemV"
                  }
                ],
                "hasDefaultArg": true,
                "usr": "s:Sa"
              }
            ],
            "declKind": "Constructor",
            "usr": "s:14MWVisionPlugin26MWExtractRegexTextCodeStepC10identifier5title4text5theme5links15navigationItemsACSS_SSSgAJ18MobileWorkflowCore5ThemeVSayAK0G4LinkVGSayAK0G14NavigationItemVGtcfc",
            "mangledName": "$s14MWVisionPlugin26MWExtractRegexTextCodeStepC10identifier5title4text5theme5links15navigationItemsACSS_SSSgAJ18MobileWorkflowCore5ThemeVSayAK0G4LinkVGSayAK0G14NavigationItemVGtcfc",
            "moduleName": "MWVisionPlugin",
            "overriding": true,
            "implicit": true,
            "declAttributes": [
              "Override"
            ],
            "init_kind": "Designated"
          },
          {
            "kind": "Var",
            "name": "mandatoryCodingPaths",
            "printedName": "mandatoryCodingPaths",
            "children": [
              {
                "kind": "TypeNominal",
                "name": "Array",
                "printedName": "[Swift.CodingKey]",
                "children": [
                  {
                    "kind": "TypeNominal",
                    "name": "CodingKey",
                    "printedName": "Swift.CodingKey",
                    "usr": "s:s9CodingKeyP"
                  }
                ],
                "usr": "s:Sa"
              }
            ],
            "declKind": "Var",
            "usr": "s:14MWVisionPlugin26MWExtractRegexTextCodeStepC20mandatoryCodingPathsSays0I3Key_pGvpZ",
            "mangledName": "$s14MWVisionPlugin26MWExtractRegexTextCodeStepC20mandatoryCodingPathsSays0I3Key_pGvpZ",
            "moduleName": "MWVisionPlugin",
            "static": true,
            "declAttributes": [
              "Final",
              "AccessControl"
            ],
            "isFromExtension": true,
            "accessors": [
              {
                "kind": "Accessor",
                "name": "Get",
                "printedName": "Get()",
                "children": [
                  {
                    "kind": "TypeNominal",
                    "name": "Array",
                    "printedName": "[Swift.CodingKey]",
                    "children": [
                      {
                        "kind": "TypeNominal",
                        "name": "CodingKey",
                        "printedName": "Swift.CodingKey",
                        "usr": "s:s9CodingKeyP"
                      }
                    ],
                    "usr": "s:Sa"
                  }
                ],
                "declKind": "Accessor",
                "usr": "s:14MWVisionPlugin26MWExtractRegexTextCodeStepC20mandatoryCodingPathsSays0I3Key_pGvgZ",
                "mangledName": "$s14MWVisionPlugin26MWExtractRegexTextCodeStepC20mandatoryCodingPathsSays0I3Key_pGvgZ",
                "moduleName": "MWVisionPlugin",
                "static": true,
                "declAttributes": [
                  "Final"
                ],
                "isFromExtension": true,
                "accessorKind": "get"
              }
            ]
          },
          {
            "kind": "Function",
            "name": "build",
            "printedName": "build(stepInfo:services:)",
            "children": [
              {
                "kind": "TypeNominal",
                "name": "Step",
                "printedName": "MobileWorkflowCore.Step",
                "usr": "s:18MobileWorkflowCore4StepP"
              },
              {
                "kind": "TypeNominal",
                "name": "StepInfo",
                "printedName": "MobileWorkflowCore.StepInfo",
                "usr": "s:18MobileWorkflowCore8StepInfoV"
              },
              {
                "kind": "TypeNominal",
                "name": "StepServices",
                "printedName": "MobileWorkflowCore.StepServices",
                "usr": "s:18MobileWorkflowCore12StepServicesC"
              }
            ],
            "declKind": "Func",
            "usr": "s:14MWVisionPlugin26MWExtractRegexTextCodeStepC5build8stepInfo8services18MobileWorkflowCore0G0_pAG0gJ0V_AG0G8ServicesCtKFZ",
            "mangledName": "$s14MWVisionPlugin26MWExtractRegexTextCodeStepC5build8stepInfo8services18MobileWorkflowCore0G0_pAG0gJ0V_AG0G8ServicesCtKFZ",
            "moduleName": "MWVisionPlugin",
            "static": true,
            "declAttributes": [
              "Final",
              "AccessControl"
            ],
            "isFromExtension": true,
            "throwing": true,
            "funcSelfKind": "NonMutating"
          }
        ],
        "declKind": "Class",
        "usr": "s:14MWVisionPlugin26MWExtractRegexTextCodeStepC",
        "mangledName": "$s14MWVisionPlugin26MWExtractRegexTextCodeStepC",
        "moduleName": "MWVisionPlugin",
        "declAttributes": [
          "AccessControl"
        ],
        "superclassUsr": "s:18MobileWorkflowCore6MWStepC",
        "hasMissingDesignatedInitializers": true,
        "superclassNames": [
          "MobileWorkflowCore.MWStep"
        ],
        "conformances": [
          {
            "kind": "Conformance",
            "name": "BuildableStep",
            "printedName": "BuildableStep",
            "usr": "s:18MobileWorkflowCore13BuildableStepP",
            "mangledName": "$s18MobileWorkflowCore13BuildableStepP"
          },
          {
            "kind": "Conformance",
            "name": "Step",
            "printedName": "Step",
            "usr": "s:18MobileWorkflowCore4StepP",
            "mangledName": "$s18MobileWorkflowCore4StepP"
          }
        ]
      },
      {
        "kind": "Import",
        "name": "UIKit",
        "printedName": "UIKit",
        "declKind": "Import",
        "moduleName": "MWVisionPlugin",
        "declAttributes": [
          "RawDocComment"
        ]
      },
      {
        "kind": "Import",
        "name": "Vision",
        "printedName": "Vision",
        "declKind": "Import",
        "moduleName": "MWVisionPlugin"
      },
      {
        "kind": "Import",
        "name": "VisionKit",
        "printedName": "VisionKit",
        "declKind": "Import",
        "moduleName": "MWVisionPlugin"
      },
      {
        "kind": "Import",
        "name": "Foundation",
        "printedName": "Foundation",
        "declKind": "Import",
        "moduleName": "MWVisionPlugin"
      },
      {
        "kind": "Import",
        "name": "AVFoundation",
        "printedName": "AVFoundation",
        "declKind": "Import",
        "moduleName": "MWVisionPlugin"
      },
      {
        "kind": "Import",
        "name": "MobileWorkflowCore",
        "printedName": "MobileWorkflowCore",
        "declKind": "Import",
        "moduleName": "MWVisionPlugin"
      },
      {
        "kind": "TypeDecl",
        "name": "MWExtractRegexTextError",
        "printedName": "MWExtractRegexTextError",
        "children": [
          {
            "kind": "Var",
            "name": "permissionDenied",
            "printedName": "permissionDenied",
            "children": [
              {
                "kind": "TypeFunc",
                "name": "Function",
                "printedName": "(MWVisionPlugin.MWExtractRegexTextError.Type) -> MWVisionPlugin.MWExtractRegexTextError",
                "children": [
                  {
                    "kind": "TypeNominal",
                    "name": "MWExtractRegexTextError",
                    "printedName": "MWVisionPlugin.MWExtractRegexTextError",
                    "usr": "s:14MWVisionPlugin23MWExtractRegexTextErrorO"
                  },
                  {
                    "kind": "TypeNominal",
                    "name": "Metatype",
                    "printedName": "MWVisionPlugin.MWExtractRegexTextError.Type",
                    "children": [
                      {
                        "kind": "TypeNominal",
                        "name": "MWExtractRegexTextError",
                        "printedName": "MWVisionPlugin.MWExtractRegexTextError",
                        "usr": "s:14MWVisionPlugin23MWExtractRegexTextErrorO"
                      }
                    ]
                  }
                ]
              }
            ],
            "declKind": "EnumElement",
            "usr": "s:14MWVisionPlugin23MWExtractRegexTextErrorO16permissionDeniedyA2CmF",
            "mangledName": "$s14MWVisionPlugin23MWExtractRegexTextErrorO16permissionDeniedyA2CmF",
            "moduleName": "MWVisionPlugin"
          },
          {
            "kind": "Var",
            "name": "videoRecordingUnavailable",
            "printedName": "videoRecordingUnavailable",
            "children": [
              {
                "kind": "TypeFunc",
                "name": "Function",
                "printedName": "(MWVisionPlugin.MWExtractRegexTextError.Type) -> MWVisionPlugin.MWExtractRegexTextError",
                "children": [
                  {
                    "kind": "TypeNominal",
                    "name": "MWExtractRegexTextError",
                    "printedName": "MWVisionPlugin.MWExtractRegexTextError",
                    "usr": "s:14MWVisionPlugin23MWExtractRegexTextErrorO"
                  },
                  {
                    "kind": "TypeNominal",
                    "name": "Metatype",
                    "printedName": "MWVisionPlugin.MWExtractRegexTextError.Type",
                    "children": [
                      {
                        "kind": "TypeNominal",
                        "name": "MWExtractRegexTextError",
                        "printedName": "MWVisionPlugin.MWExtractRegexTextError",
                        "usr": "s:14MWVisionPlugin23MWExtractRegexTextErrorO"
                      }
                    ]
                  }
                ]
              }
            ],
            "declKind": "EnumElement",
            "usr": "s:14MWVisionPlugin23MWExtractRegexTextErrorO25videoRecordingUnavailableyA2CmF",
            "mangledName": "$s14MWVisionPlugin23MWExtractRegexTextErrorO25videoRecordingUnavailableyA2CmF",
            "moduleName": "MWVisionPlugin"
          },
          {
            "kind": "Var",
            "name": "errorDescription",
            "printedName": "errorDescription",
            "children": [
              {
                "kind": "TypeNominal",
                "name": "Optional",
                "printedName": "Swift.String?",
                "children": [
                  {
                    "kind": "TypeNominal",
                    "name": "String",
                    "printedName": "Swift.String",
                    "usr": "s:SS"
                  }
                ],
                "usr": "s:Sq"
              }
            ],
            "declKind": "Var",
            "usr": "s:14MWVisionPlugin23MWExtractRegexTextErrorO16errorDescriptionSSSgvp",
            "mangledName": "$s14MWVisionPlugin23MWExtractRegexTextErrorO16errorDescriptionSSSgvp",
            "moduleName": "MWVisionPlugin",
            "declAttributes": [
              "AccessControl"
            ],
            "accessors": [
              {
                "kind": "Accessor",
                "name": "Get",
                "printedName": "Get()",
                "children": [
                  {
                    "kind": "TypeNominal",
                    "name": "Optional",
                    "printedName": "Swift.String?",
                    "children": [
                      {
                        "kind": "TypeNominal",
                        "name": "String",
                        "printedName": "Swift.String",
                        "usr": "s:SS"
                      }
                    ],
                    "usr": "s:Sq"
                  }
                ],
                "declKind": "Accessor",
                "usr": "s:14MWVisionPlugin23MWExtractRegexTextErrorO16errorDescriptionSSSgvg",
                "mangledName": "$s14MWVisionPlugin23MWExtractRegexTextErrorO16errorDescriptionSSSgvg",
                "moduleName": "MWVisionPlugin",
                "accessorKind": "get"
              }
            ]
          },
          {
            "kind": "Function",
            "name": "==",
            "printedName": "==(_:_:)",
            "children": [
              {
                "kind": "TypeNominal",
                "name": "Bool",
                "printedName": "Swift.Bool",
                "usr": "s:Sb"
              },
              {
                "kind": "TypeNominal",
                "name": "MWExtractRegexTextError",
                "printedName": "MWVisionPlugin.MWExtractRegexTextError",
                "usr": "s:14MWVisionPlugin23MWExtractRegexTextErrorO"
              },
              {
                "kind": "TypeNominal",
                "name": "MWExtractRegexTextError",
                "printedName": "MWVisionPlugin.MWExtractRegexTextError",
                "usr": "s:14MWVisionPlugin23MWExtractRegexTextErrorO"
              }
            ],
            "declKind": "Func",
            "usr": "s:14MWVisionPlugin23MWExtractRegexTextErrorO2eeoiySbAC_ACtFZ",
            "mangledName": "$s14MWVisionPlugin23MWExtractRegexTextErrorO2eeoiySbAC_ACtFZ",
            "moduleName": "MWVisionPlugin",
            "static": true,
            "implicit": true,
            "funcSelfKind": "NonMutating"
          },
          {
            "kind": "Var",
            "name": "hashValue",
            "printedName": "hashValue",
            "children": [
              {
                "kind": "TypeNominal",
                "name": "Int",
                "printedName": "Swift.Int",
                "usr": "s:Si"
              }
            ],
            "declKind": "Var",
            "usr": "s:14MWVisionPlugin23MWExtractRegexTextErrorO9hashValueSivp",
            "mangledName": "$s14MWVisionPlugin23MWExtractRegexTextErrorO9hashValueSivp",
            "moduleName": "MWVisionPlugin",
            "implicit": true,
            "accessors": [
              {
                "kind": "Accessor",
                "name": "Get",
                "printedName": "Get()",
                "children": [
                  {
                    "kind": "TypeNominal",
                    "name": "Int",
                    "printedName": "Swift.Int",
                    "usr": "s:Si"
                  }
                ],
                "declKind": "Accessor",
                "usr": "s:14MWVisionPlugin23MWExtractRegexTextErrorO9hashValueSivg",
                "mangledName": "$s14MWVisionPlugin23MWExtractRegexTextErrorO9hashValueSivg",
                "moduleName": "MWVisionPlugin",
                "implicit": true,
                "accessorKind": "get"
              }
            ]
          },
          {
            "kind": "Function",
            "name": "hash",
            "printedName": "hash(into:)",
            "children": [
              {
                "kind": "TypeNominal",
                "name": "Void",
                "printedName": "()"
              },
              {
                "kind": "TypeNominal",
                "name": "Hasher",
                "printedName": "Swift.Hasher",
                "paramValueOwnership": "InOut",
                "usr": "s:s6HasherV"
              }
            ],
            "declKind": "Func",
            "usr": "s:14MWVisionPlugin23MWExtractRegexTextErrorO4hash4intoys6HasherVz_tF",
            "mangledName": "$s14MWVisionPlugin23MWExtractRegexTextErrorO4hash4intoys6HasherVz_tF",
            "moduleName": "MWVisionPlugin",
            "implicit": true,
            "funcSelfKind": "NonMutating"
          }
        ],
        "declKind": "Enum",
        "usr": "s:14MWVisionPlugin23MWExtractRegexTextErrorO",
        "mangledName": "$s14MWVisionPlugin23MWExtractRegexTextErrorO",
        "moduleName": "MWVisionPlugin",
        "declAttributes": [
          "AccessControl"
        ],
        "conformances": [
          {
            "kind": "Conformance",
            "name": "Equatable",
            "printedName": "Equatable",
            "usr": "s:SQ",
            "mangledName": "$sSQ"
          },
          {
            "kind": "Conformance",
            "name": "Hashable",
            "printedName": "Hashable",
            "usr": "s:SH",
            "mangledName": "$sSH"
          },
          {
            "kind": "Conformance",
            "name": "LocalizedError",
            "printedName": "LocalizedError",
            "usr": "s:10Foundation14LocalizedErrorP",
            "mangledName": "$s10Foundation14LocalizedErrorP"
          },
          {
            "kind": "Conformance",
            "name": "Error",
            "printedName": "Error",
            "usr": "s:s5ErrorP",
            "mangledName": "$ss5ErrorP"
          },
          {
            "kind": "Conformance",
            "name": "Sendable",
            "printedName": "Sendable",
            "usr": "s:s8SendableP",
            "mangledName": "$ss8SendableP"
          }
        ]
      },
      {
        "kind": "TypeDecl",
        "name": "MWExtractRegexTextStepViewController",
        "printedName": "MWExtractRegexTextStepViewController",
        "children": [
          {
            "kind": "Function",
            "name": "viewDidLoad",
            "printedName": "viewDidLoad()",
            "children": [
              {
                "kind": "TypeNominal",
                "name": "Void",
                "printedName": "()"
              }
            ],
            "declKind": "Func",
            "usr": "c:@M@MWVisionPlugin@objc(cs)MWExtractRegexTextStepViewController(im)viewDidLoad",
            "mangledName": "$s14MWVisionPlugin36MWExtractRegexTextStepViewControllerC11viewDidLoadyyF",
            "moduleName": "MWVisionPlugin",
            "overriding": true,
            "objc_name": "viewDidLoad",
            "declAttributes": [
              "Dynamic",
              "ObjC",
              "Custom",
              "Override",
              "AccessControl",
              "RawDocComment"
            ],
            "funcSelfKind": "NonMutating"
          },
          {
            "kind": "Function",
            "name": "viewWillAppear",
            "printedName": "viewWillAppear(_:)",
            "children": [
              {
                "kind": "TypeNominal",
                "name": "Void",
                "printedName": "()"
              },
              {
                "kind": "TypeNominal",
                "name": "Bool",
                "printedName": "Swift.Bool",
                "usr": "s:Sb"
              }
            ],
            "declKind": "Func",
            "usr": "c:@M@MWVisionPlugin@objc(cs)MWExtractRegexTextStepViewController(im)viewWillAppear:",
            "mangledName": "$s14MWVisionPlugin36MWExtractRegexTextStepViewControllerC14viewWillAppearyySbF",
            "moduleName": "MWVisionPlugin",
            "overriding": true,
            "objc_name": "viewWillAppear:",
            "declAttributes": [
              "Dynamic",
              "ObjC",
              "Custom",
              "Override",
              "AccessControl"
            ],
            "funcSelfKind": "NonMutating"
          },
          {
            "kind": "Function",
            "name": "viewWillDisappear",
            "printedName": "viewWillDisappear(_:)",
            "children": [
              {
                "kind": "TypeNominal",
                "name": "Void",
                "printedName": "()"
              },
              {
                "kind": "TypeNominal",
                "name": "Bool",
                "printedName": "Swift.Bool",
                "usr": "s:Sb"
              }
            ],
            "declKind": "Func",
            "usr": "c:@M@MWVisionPlugin@objc(cs)MWExtractRegexTextStepViewController(im)viewWillDisappear:",
            "mangledName": "$s14MWVisionPlugin36MWExtractRegexTextStepViewControllerC17viewWillDisappearyySbF",
            "moduleName": "MWVisionPlugin",
            "overriding": true,
            "objc_name": "viewWillDisappear:",
            "declAttributes": [
              "Dynamic",
              "ObjC",
              "Custom",
              "Override",
              "AccessControl"
            ],
            "funcSelfKind": "NonMutating"
          },
          {
            "kind": "Constructor",
            "name": "init",
            "printedName": "init(step:nibName:bundle:)",
            "children": [
              {
                "kind": "TypeNominal",
                "name": "MWExtractRegexTextStepViewController",
                "printedName": "MWVisionPlugin.MWExtractRegexTextStepViewController",
                "usr": "c:@M@MWVisionPlugin@objc(cs)MWExtractRegexTextStepViewController"
              },
              {
                "kind": "TypeNominal",
                "name": "Step",
                "printedName": "MobileWorkflowCore.Step",
                "usr": "s:18MobileWorkflowCore4StepP"
              },
              {
                "kind": "TypeNominal",
                "name": "Optional",
                "printedName": "Swift.String?",
                "children": [
                  {
                    "kind": "TypeNominal",
                    "name": "String",
                    "printedName": "Swift.String",
                    "usr": "s:SS"
                  }
                ],
                "usr": "s:Sq"
              },
              {
                "kind": "TypeNominal",
                "name": "Optional",
                "printedName": "Foundation.Bundle?",
                "children": [
                  {
                    "kind": "TypeNominal",
                    "name": "Bundle",
                    "printedName": "Foundation.Bundle",
                    "usr": "c:objc(cs)NSBundle"
                  }
                ],
                "usr": "s:Sq"
              }
            ],
            "declKind": "Constructor",
            "usr": "s:14MWVisionPlugin36MWExtractRegexTextStepViewControllerC4step7nibName6bundleAC18MobileWorkflowCore0F0_p_SSSgSo8NSBundleCSgtcfc",
            "mangledName": "$s14MWVisionPlugin36MWExtractRegexTextStepViewControllerC4step7nibName6bundleAC18MobileWorkflowCore0F0_p_SSSgSo8NSBundleCSgtcfc",
            "moduleName": "MWVisionPlugin",
            "overriding": true,
            "implicit": true,
            "declAttributes": [
              "Custom",
              "Override"
            ],
            "init_kind": "Designated"
          },
          {
            "kind": "Constructor",
            "name": "init",
            "printedName": "init(step:)",
            "children": [
              {
                "kind": "TypeNominal",
                "name": "MWExtractRegexTextStepViewController",
                "printedName": "MWVisionPlugin.MWExtractRegexTextStepViewController",
                "usr": "c:@M@MWVisionPlugin@objc(cs)MWExtractRegexTextStepViewController"
              },
              {
                "kind": "TypeNominal",
                "name": "Step",
                "printedName": "MobileWorkflowCore.Step",
                "usr": "s:18MobileWorkflowCore4StepP"
              }
            ],
            "declKind": "Constructor",
            "usr": "s:14MWVisionPlugin36MWExtractRegexTextStepViewControllerC4stepAC18MobileWorkflowCore0F0_p_tcfc",
            "mangledName": "$s14MWVisionPlugin36MWExtractRegexTextStepViewControllerC4stepAC18MobileWorkflowCore0F0_p_tcfc",
            "moduleName": "MWVisionPlugin",
            "overriding": true,
            "implicit": true,
            "declAttributes": [
              "Custom",
              "Override"
            ],
            "init_kind": "Designated"
          },
          {
            "kind": "Constructor",
            "name": "init",
            "printedName": "init(coder:)",
            "children": [
              {
                "kind": "TypeNominal",
                "name": "Optional",
                "printedName": "MWVisionPlugin.MWExtractRegexTextStepViewController?",
                "children": [
                  {
                    "kind": "TypeNominal",
                    "name": "MWExtractRegexTextStepViewController",
                    "printedName": "MWVisionPlugin.MWExtractRegexTextStepViewController",
                    "usr": "c:@M@MWVisionPlugin@objc(cs)MWExtractRegexTextStepViewController"
                  }
                ],
                "usr": "s:Sq"
              },
              {
                "kind": "TypeNominal",
                "name": "NSCoder",
                "printedName": "Foundation.NSCoder",
                "usr": "c:objc(cs)NSCoder"
              }
            ],
            "declKind": "Constructor",
            "usr": "c:@M@MWVisionPlugin@objc(cs)MWExtractRegexTextStepViewController(im)initWithCoder:",
            "mangledName": "$s14MWVisionPlugin36MWExtractRegexTextStepViewControllerC5coderACSgSo7NSCoderC_tcfc",
            "moduleName": "MWVisionPlugin",
            "overriding": true,
            "implicit": true,
            "objc_name": "initWithCoder:",
            "declAttributes": [
              "Dynamic",
              "ObjC",
              "Custom",
              "Required"
            ],
            "init_kind": "Designated"
          },
          {
            "kind": "Function",
            "name": "captureOutput",
            "printedName": "captureOutput(_:didOutput:from:)",
            "children": [
              {
                "kind": "TypeNominal",
                "name": "Void",
                "printedName": "()"
              },
              {
                "kind": "TypeNominal",
                "name": "AVCaptureOutput",
                "printedName": "AVFoundation.AVCaptureOutput",
                "usr": "c:objc(cs)AVCaptureOutput"
              },
              {
                "kind": "TypeNominal",
                "name": "CMSampleBuffer",
                "printedName": "CoreMedia.CMSampleBuffer",
                "usr": "c:@T@CMSampleBufferRef"
              },
              {
                "kind": "TypeNominal",
                "name": "AVCaptureConnection",
                "printedName": "AVFoundation.AVCaptureConnection",
                "usr": "c:objc(cs)AVCaptureConnection"
              }
            ],
            "declKind": "Func",
            "usr": "c:@CM@MWVisionPlugin@objc(cs)MWExtractRegexTextStepViewController(im)captureOutput:didOutputSampleBuffer:fromConnection:",
            "mangledName": "$s14MWVisionPlugin36MWExtractRegexTextStepViewControllerC13captureOutput_03didJ04fromySo09AVCaptureJ0C_So17CMSampleBufferRefaSo0M10ConnectionCtF",
            "moduleName": "MWVisionPlugin",
            "objc_name": "captureOutput:didOutputSampleBuffer:fromConnection:",
            "declAttributes": [
              "Dynamic",
              "ObjC",
              "Custom",
              "AccessControl"
            ],
            "isFromExtension": true,
            "funcSelfKind": "NonMutating"
          }
        ],
        "declKind": "Class",
        "usr": "c:@M@MWVisionPlugin@objc(cs)MWExtractRegexTextStepViewController",
        "mangledName": "$s14MWVisionPlugin36MWExtractRegexTextStepViewControllerC",
        "moduleName": "MWVisionPlugin",
        "declAttributes": [
          "Custom",
          "AccessControl",
          "ObjC"
        ],
        "superclassUsr": "c:@M@MobileWorkflowCore@objc(cs)MWStepViewController",
        "inheritsConvenienceInitializers": true,
        "superclassNames": [
          "MobileWorkflowCore.MWStepViewController",
          "UIKit.UIViewController",
          "UIKit.UIResponder",
          "ObjectiveC.NSObject"
        ],
        "conformances": [
          {
            "kind": "Conformance",
            "name": "StepViewController",
            "printedName": "StepViewController",
            "usr": "s:18MobileWorkflowCore18StepViewControllerP",
            "mangledName": "$s18MobileWorkflowCore18StepViewControllerP"
          },
          {
            "kind": "Conformance",
            "name": "Equatable",
            "printedName": "Equatable",
            "usr": "s:SQ",
            "mangledName": "$sSQ"
          },
          {
            "kind": "Conformance",
            "name": "Hashable",
            "printedName": "Hashable",
            "usr": "s:SH",
            "mangledName": "$sSH"
          },
          {
            "kind": "Conformance",
            "name": "CVarArg",
            "printedName": "CVarArg",
            "usr": "s:s7CVarArgP",
            "mangledName": "$ss7CVarArgP"
          },
          {
            "kind": "Conformance",
            "name": "_KeyValueCodingAndObservingPublishing",
            "printedName": "_KeyValueCodingAndObservingPublishing",
            "usr": "s:10Foundation37_KeyValueCodingAndObservingPublishingP",
            "mangledName": "$s10Foundation37_KeyValueCodingAndObservingPublishingP"
          },
          {
            "kind": "Conformance",
            "name": "_KeyValueCodingAndObserving",
            "printedName": "_KeyValueCodingAndObserving",
            "usr": "s:10Foundation27_KeyValueCodingAndObservingP",
            "mangledName": "$s10Foundation27_KeyValueCodingAndObservingP"
          },
          {
            "kind": "Conformance",
            "name": "CustomStringConvertible",
            "printedName": "CustomStringConvertible",
            "usr": "s:s23CustomStringConvertibleP",
            "mangledName": "$ss23CustomStringConvertibleP"
          },
          {
            "kind": "Conformance",
            "name": "CustomDebugStringConvertible",
            "printedName": "CustomDebugStringConvertible",
            "usr": "s:s28CustomDebugStringConvertibleP",
            "mangledName": "$ss28CustomDebugStringConvertibleP"
          },
          {
            "kind": "Conformance",
            "name": "Sendable",
            "printedName": "Sendable",
            "usr": "s:s8SendableP",
            "mangledName": "$ss8SendableP"
          }
        ]
      },
      {
        "kind": "Import",
        "name": "Foundation",
        "printedName": "Foundation",
        "declKind": "Import",
        "moduleName": "MWVisionPlugin",
        "declAttributes": [
          "RawDocComment"
        ]
      },
      {
        "kind": "Import",
        "name": "MobileWorkflowCore",
        "printedName": "MobileWorkflowCore",
        "declKind": "Import",
        "moduleName": "MWVisionPlugin"
      },
      {
        "kind": "Import",
        "name": "Foundation",
        "printedName": "Foundation",
        "declKind": "Import",
        "moduleName": "MWVisionPlugin",
        "declAttributes": [
          "RawDocComment"
        ]
      },
      {
        "kind": "Import",
        "name": "MobileWorkflowCore",
        "printedName": "MobileWorkflowCore",
        "declKind": "Import",
        "moduleName": "MWVisionPlugin"
      },
      {
        "kind": "TypeDecl",
        "name": "MWVisionPluginStruct",
        "printedName": "MWVisionPluginStruct",
        "children": [
          {
            "kind": "Var",
            "name": "allStepsTypes",
            "printedName": "allStepsTypes",
            "children": [
              {
                "kind": "TypeNominal",
                "name": "Array",
                "printedName": "[MobileWorkflowCore.StepType]",
                "children": [
                  {
                    "kind": "TypeNominal",
                    "name": "StepType",
                    "printedName": "MobileWorkflowCore.StepType",
                    "usr": "s:18MobileWorkflowCore8StepTypeP"
                  }
                ],
                "usr": "s:Sa"
              }
            ],
            "declKind": "Var",
            "usr": "s:14MWVisionPlugin0aB6StructV13allStepsTypesSay18MobileWorkflowCore8StepType_pGvpZ",
            "mangledName": "$s14MWVisionPlugin0aB6StructV13allStepsTypesSay18MobileWorkflowCore8StepType_pGvpZ",
            "moduleName": "MWVisionPlugin",
            "static": true,
            "declAttributes": [
              "AccessControl"
            ],
            "accessors": [
              {
                "kind": "Accessor",
                "name": "Get",
                "printedName": "Get()",
                "children": [
                  {
                    "kind": "TypeNominal",
                    "name": "Array",
                    "printedName": "[MobileWorkflowCore.StepType]",
                    "children": [
                      {
                        "kind": "TypeNominal",
                        "name": "StepType",
                        "printedName": "MobileWorkflowCore.StepType",
                        "usr": "s:18MobileWorkflowCore8StepTypeP"
                      }
                    ],
                    "usr": "s:Sa"
                  }
                ],
                "declKind": "Accessor",
                "usr": "s:14MWVisionPlugin0aB6StructV13allStepsTypesSay18MobileWorkflowCore8StepType_pGvgZ",
                "mangledName": "$s14MWVisionPlugin0aB6StructV13allStepsTypesSay18MobileWorkflowCore8StepType_pGvgZ",
                "moduleName": "MWVisionPlugin",
                "static": true,
                "accessorKind": "get"
              }
            ]
          }
        ],
        "declKind": "Struct",
        "usr": "s:14MWVisionPlugin0aB6StructV",
        "mangledName": "$s14MWVisionPlugin0aB6StructV",
        "moduleName": "MWVisionPlugin",
        "declAttributes": [
          "AccessControl"
        ],
        "conformances": [
          {
            "kind": "Conformance",
            "name": "Plugin",
            "printedName": "Plugin",
            "usr": "s:18MobileWorkflowCore6PluginP",
            "mangledName": "$s18MobileWorkflowCore6PluginP"
          }
        ]
      },
      {
        "kind": "TypeDecl",
        "name": "MWVisionPluginStepType",
        "printedName": "MWVisionPluginStepType",
        "children": [
          {
            "kind": "Var",
            "name": "extractRegexText",
            "printedName": "extractRegexText",
            "children": [
              {
                "kind": "TypeFunc",
                "name": "Function",
                "printedName": "(MWVisionPlugin.MWVisionPluginStepType.Type) -> MWVisionPlugin.MWVisionPluginStepType",
                "children": [
                  {
                    "kind": "TypeNominal",
                    "name": "MWVisionPluginStepType",
                    "printedName": "MWVisionPlugin.MWVisionPluginStepType",
                    "usr": "s:14MWVisionPlugin0aB8StepTypeO"
                  },
                  {
                    "kind": "TypeNominal",
                    "name": "Metatype",
                    "printedName": "MWVisionPlugin.MWVisionPluginStepType.Type",
                    "children": [
                      {
                        "kind": "TypeNominal",
                        "name": "MWVisionPluginStepType",
                        "printedName": "MWVisionPlugin.MWVisionPluginStepType",
                        "usr": "s:14MWVisionPlugin0aB8StepTypeO"
                      }
                    ]
                  }
                ]
              }
            ],
            "declKind": "EnumElement",
            "usr": "s:14MWVisionPlugin0aB8StepTypeO16extractRegexTextyA2CmF",
            "mangledName": "$s14MWVisionPlugin0aB8StepTypeO16extractRegexTextyA2CmF",
            "moduleName": "MWVisionPlugin"
          },
          {
            "kind": "Var",
            "name": "identifyObjects",
            "printedName": "identifyObjects",
            "children": [
              {
                "kind": "TypeFunc",
                "name": "Function",
                "printedName": "(MWVisionPlugin.MWVisionPluginStepType.Type) -> MWVisionPlugin.MWVisionPluginStepType",
                "children": [
                  {
                    "kind": "TypeNominal",
                    "name": "MWVisionPluginStepType",
                    "printedName": "MWVisionPlugin.MWVisionPluginStepType",
                    "usr": "s:14MWVisionPlugin0aB8StepTypeO"
                  },
                  {
                    "kind": "TypeNominal",
                    "name": "Metatype",
                    "printedName": "MWVisionPlugin.MWVisionPluginStepType.Type",
                    "children": [
                      {
                        "kind": "TypeNominal",
                        "name": "MWVisionPluginStepType",
                        "printedName": "MWVisionPlugin.MWVisionPluginStepType",
                        "usr": "s:14MWVisionPlugin0aB8StepTypeO"
                      }
                    ]
                  }
                ]
              }
            ],
            "declKind": "EnumElement",
            "usr": "s:14MWVisionPlugin0aB8StepTypeO15identifyObjectsyA2CmF",
            "mangledName": "$s14MWVisionPlugin0aB8StepTypeO15identifyObjectsyA2CmF",
            "moduleName": "MWVisionPlugin"
          },
          {
            "kind": "Var",
            "name": "typeName",
            "printedName": "typeName",
            "children": [
              {
                "kind": "TypeNominal",
                "name": "String",
                "printedName": "Swift.String",
                "usr": "s:SS"
              }
            ],
            "declKind": "Var",
            "usr": "s:14MWVisionPlugin0aB8StepTypeO8typeNameSSvp",
            "mangledName": "$s14MWVisionPlugin0aB8StepTypeO8typeNameSSvp",
            "moduleName": "MWVisionPlugin",
            "declAttributes": [
              "AccessControl"
            ],
            "accessors": [
              {
                "kind": "Accessor",
                "name": "Get",
                "printedName": "Get()",
                "children": [
                  {
                    "kind": "TypeNominal",
                    "name": "String",
                    "printedName": "Swift.String",
                    "usr": "s:SS"
                  }
                ],
                "declKind": "Accessor",
                "usr": "s:14MWVisionPlugin0aB8StepTypeO8typeNameSSvg",
                "mangledName": "$s14MWVisionPlugin0aB8StepTypeO8typeNameSSvg",
                "moduleName": "MWVisionPlugin",
                "accessorKind": "get"
              }
            ]
          },
          {
            "kind": "Var",
            "name": "stepClass",
            "printedName": "stepClass",
            "children": [
              {
                "kind": "TypeNominal",
                "name": "ExistentialMetatype",
                "printedName": "MobileWorkflowCore.BuildableStep.Type",
                "children": [
                  {
                    "kind": "TypeNominal",
                    "name": "BuildableStep",
                    "printedName": "MobileWorkflowCore.BuildableStep",
                    "usr": "s:18MobileWorkflowCore13BuildableStepP"
                  }
                ]
              }
            ],
            "declKind": "Var",
            "usr": "s:14MWVisionPlugin0aB8StepTypeO9stepClass18MobileWorkflowCore09BuildableC0_pXpvp",
            "mangledName": "$s14MWVisionPlugin0aB8StepTypeO9stepClass18MobileWorkflowCore09BuildableC0_pXpvp",
            "moduleName": "MWVisionPlugin",
            "declAttributes": [
              "AccessControl"
            ],
            "accessors": [
              {
                "kind": "Accessor",
                "name": "Get",
                "printedName": "Get()",
                "children": [
                  {
                    "kind": "TypeNominal",
                    "name": "ExistentialMetatype",
                    "printedName": "MobileWorkflowCore.BuildableStep.Type",
                    "children": [
                      {
                        "kind": "TypeNominal",
                        "name": "BuildableStep",
                        "printedName": "MobileWorkflowCore.BuildableStep",
                        "usr": "s:18MobileWorkflowCore13BuildableStepP"
                      }
                    ]
                  }
                ],
                "declKind": "Accessor",
                "usr": "s:14MWVisionPlugin0aB8StepTypeO9stepClass18MobileWorkflowCore09BuildableC0_pXpvg",
                "mangledName": "$s14MWVisionPlugin0aB8StepTypeO9stepClass18MobileWorkflowCore09BuildableC0_pXpvg",
                "moduleName": "MWVisionPlugin",
                "accessorKind": "get"
              }
            ]
          },
          {
            "kind": "Constructor",
            "name": "init",
            "printedName": "init(rawValue:)",
            "children": [
              {
                "kind": "TypeNominal",
                "name": "Optional",
                "printedName": "MWVisionPlugin.MWVisionPluginStepType?",
                "children": [
                  {
                    "kind": "TypeNominal",
                    "name": "MWVisionPluginStepType",
                    "printedName": "MWVisionPlugin.MWVisionPluginStepType",
                    "usr": "s:14MWVisionPlugin0aB8StepTypeO"
                  }
                ],
                "usr": "s:Sq"
              },
              {
                "kind": "TypeNominal",
                "name": "String",
                "printedName": "Swift.String",
                "usr": "s:SS"
              }
            ],
            "declKind": "Constructor",
            "usr": "s:14MWVisionPlugin0aB8StepTypeO8rawValueACSgSS_tcfc",
            "mangledName": "$s14MWVisionPlugin0aB8StepTypeO8rawValueACSgSS_tcfc",
            "moduleName": "MWVisionPlugin",
            "implicit": true,
            "init_kind": "Designated"
          },
          {
            "kind": "Var",
            "name": "rawValue",
            "printedName": "rawValue",
            "children": [
              {
                "kind": "TypeNominal",
                "name": "String",
                "printedName": "Swift.String",
                "usr": "s:SS"
              }
            ],
            "declKind": "Var",
            "usr": "s:14MWVisionPlugin0aB8StepTypeO8rawValueSSvp",
            "mangledName": "$s14MWVisionPlugin0aB8StepTypeO8rawValueSSvp",
            "moduleName": "MWVisionPlugin",
            "implicit": true,
            "accessors": [
              {
                "kind": "Accessor",
                "name": "Get",
                "printedName": "Get()",
                "children": [
                  {
                    "kind": "TypeNominal",
                    "name": "String",
                    "printedName": "Swift.String",
                    "usr": "s:SS"
                  }
                ],
                "declKind": "Accessor",
                "usr": "s:14MWVisionPlugin0aB8StepTypeO8rawValueSSvg",
                "mangledName": "$s14MWVisionPlugin0aB8StepTypeO8rawValueSSvg",
                "moduleName": "MWVisionPlugin",
                "implicit": true,
                "accessorKind": "get"
              }
            ]
          },
          {
            "kind": "Var",
            "name": "allCases",
            "printedName": "allCases",
            "children": [
              {
                "kind": "TypeNominal",
                "name": "Array",
                "printedName": "[MWVisionPlugin.MWVisionPluginStepType]",
                "children": [
                  {
                    "kind": "TypeNominal",
                    "name": "MWVisionPluginStepType",
                    "printedName": "MWVisionPlugin.MWVisionPluginStepType",
                    "usr": "s:14MWVisionPlugin0aB8StepTypeO"
                  }
                ],
                "usr": "s:Sa"
              }
            ],
            "declKind": "Var",
            "usr": "s:14MWVisionPlugin0aB8StepTypeO8allCasesSayACGvpZ",
            "mangledName": "$s14MWVisionPlugin0aB8StepTypeO8allCasesSayACGvpZ",
            "moduleName": "MWVisionPlugin",
            "static": true,
            "implicit": true,
            "accessors": [
              {
                "kind": "Accessor",
                "name": "Get",
                "printedName": "Get()",
                "children": [
                  {
                    "kind": "TypeNominal",
                    "name": "Array",
                    "printedName": "[MWVisionPlugin.MWVisionPluginStepType]",
                    "children": [
                      {
                        "kind": "TypeNominal",
                        "name": "MWVisionPluginStepType",
                        "printedName": "MWVisionPlugin.MWVisionPluginStepType",
                        "usr": "s:14MWVisionPlugin0aB8StepTypeO"
                      }
                    ],
                    "usr": "s:Sa"
                  }
                ],
                "declKind": "Accessor",
                "usr": "s:14MWVisionPlugin0aB8StepTypeO8allCasesSayACGvgZ",
                "mangledName": "$s14MWVisionPlugin0aB8StepTypeO8allCasesSayACGvgZ",
                "moduleName": "MWVisionPlugin",
                "static": true,
                "implicit": true,
                "accessorKind": "get"
              }
            ]
          }
        ],
        "declKind": "Enum",
        "usr": "s:14MWVisionPlugin0aB8StepTypeO",
        "mangledName": "$s14MWVisionPlugin0aB8StepTypeO",
        "moduleName": "MWVisionPlugin",
        "declAttributes": [
          "AccessControl"
        ],
        "enumRawTypeName": "String",
        "conformances": [
          {
            "kind": "Conformance",
            "name": "Equatable",
            "printedName": "Equatable",
            "usr": "s:SQ",
            "mangledName": "$sSQ"
          },
          {
            "kind": "Conformance",
            "name": "Hashable",
            "printedName": "Hashable",
            "usr": "s:SH",
            "mangledName": "$sSH"
          },
          {
            "kind": "Conformance",
            "name": "RawRepresentable",
            "printedName": "RawRepresentable",
            "children": [
              {
                "kind": "TypeWitness",
                "name": "RawValue",
                "printedName": "RawValue",
                "children": [
                  {
                    "kind": "TypeNominal",
                    "name": "String",
                    "printedName": "Swift.String",
                    "usr": "s:SS"
                  }
                ]
              }
            ],
            "usr": "s:SY",
            "mangledName": "$sSY"
          },
          {
            "kind": "Conformance",
            "name": "StepType",
            "printedName": "StepType",
            "usr": "s:18MobileWorkflowCore8StepTypeP",
            "mangledName": "$s18MobileWorkflowCore8StepTypeP"
          },
          {
            "kind": "Conformance",
            "name": "CaseIterable",
            "printedName": "CaseIterable",
            "children": [
              {
                "kind": "TypeWitness",
                "name": "AllCases",
                "printedName": "AllCases",
                "children": [
                  {
                    "kind": "TypeNominal",
                    "name": "Array",
                    "printedName": "[MWVisionPlugin.MWVisionPluginStepType]",
                    "children": [
                      {
                        "kind": "TypeNominal",
                        "name": "MWVisionPluginStepType",
                        "printedName": "MWVisionPlugin.MWVisionPluginStepType",
                        "usr": "s:14MWVisionPlugin0aB8StepTypeO"
                      }
                    ],
                    "usr": "s:Sa"
                  }
                ]
              }
            ],
            "usr": "s:s12CaseIterableP",
            "mangledName": "$ss12CaseIterableP"
          },
          {
            "kind": "Conformance",
            "name": "NamedType",
            "printedName": "NamedType",
            "usr": "s:18MobileWorkflowCore9NamedTypeP",
            "mangledName": "$s18MobileWorkflowCore9NamedTypeP"
          }
        ]
      }
    ],
    "json_format_version": 8
  },
  "ConstValues": [
    {
      "filePath": "\/Users\/vagrant\/git\/project\/MWVisionPlugin\/MWVisionPlugin\/Object Recognition\/MWIdentifyObjectsStep.swift",
      "kind": "StringLiteral",
      "offset": 167,
      "length": 21,
      "value": "\"MWVisionPlugin.MWIdentifyObjectsStep\""
    },
    {
      "filePath": "\/Users\/vagrant\/git\/project\/MWVisionPlugin\/MWVisionPlugin\/Object Recognition\/Apple Sample\/VisionObjectRecognitionViewController.swift",
      "kind": "StringLiteral",
      "offset": 5781,
      "length": 14,
      "value": "\"Object Label\""
    },
    {
      "filePath": "\/Users\/vagrant\/git\/project\/MWVisionPlugin\/MWVisionPlugin\/Object Recognition\/Apple Sample\/VisionObjectRecognitionViewController.swift",
      "kind": "StringLiteral",
      "offset": 5827,
      "length": 14,
      "value": "\"Found Object\""
    },
    {
      "filePath": "\/Users\/vagrant\/git\/project\/MWVisionPlugin\/MWVisionPlugin\/Object Recognition\/Apple Sample\/VisionCaptureViewController.swift",
      "kind": "StringLiteral",
      "offset": 597,
      "length": 17,
      "value": "\"VideoDataOutput\""
    },
    {
      "filePath": "\/Users\/vagrant\/git\/project\/MWVisionPlugin\/MWVisionPlugin\/Object Recognition\/Apple Sample\/VisionCaptureViewController.swift",
      "kind": "Array",
      "offset": 649,
      "length": 2,
      "value": "[]"
    },
    {
      "filePath": "\/Users\/vagrant\/git\/project\/MWVisionPlugin\/MWVisionPlugin\/Extract Regex Text\/MWExtractRegexTextCodeStep.swift",
      "kind": "StringLiteral",
      "offset": 172,
      "length": 26,
      "value": "\"MWVisionPlugin.MWExtractRegexTextCodeStep\""
    },
    {
      "filePath": "\/Users\/vagrant\/git\/project\/MWVisionPlugin\/MWVisionPlugin\/MWVisionPluginStruct.swift",
      "kind": "StringLiteral",
      "offset": 389,
      "length": 36,
      "value": "\"io.mobileworkflow.ExtractRegexText\""
    },
    {
      "filePath": "\/Users\/vagrant\/git\/project\/MWVisionPlugin\/MWVisionPlugin\/MWVisionPluginStruct.swift",
      "kind": "StringLiteral",
      "offset": 453,
      "length": 35,
      "value": "\"io.mobileworkflow.IdentifyObjects\""
    },
    {
      "filePath": "\/Users\/vagrant\/git\/project\/MWVisionPlugin\/MWVisionPlugin\/MWVisionPluginStruct.swift",
      "kind": "StringLiteral",
      "offset": 389,
      "length": 36,
      "value": "\"io.mobileworkflow.ExtractRegexText\""
    },
    {
      "filePath": "\/Users\/vagrant\/git\/project\/MWVisionPlugin\/MWVisionPlugin\/MWVisionPluginStruct.swift",
      "kind": "StringLiteral",
      "offset": 453,
      "length": 35,
      "value": "\"io.mobileworkflow.IdentifyObjects\""
    }
  ]
}