{
  "ABIRoot": {
    "kind": "Root",
    "name": "TopLevel",
    "printedName": "TopLevel",
    "children": [
      {
        "kind": "Import",
        "name": "Foundation",
        "printedName": "Foundation",
        "declKind": "Import",
        "moduleName": "MWRegulaPlugin",
        "declAttributes": [
          "RawDocComment"
        ]
      },
      {
        "kind": "Import",
        "name": "MobileWorkflowCore",
        "printedName": "MobileWorkflowCore",
        "declKind": "Import",
        "moduleName": "MWRegulaPlugin"
      },
      {
        "kind": "Import",
        "name": "Foundation",
        "printedName": "Foundation",
        "declKind": "Import",
        "moduleName": "MWRegulaPlugin",
        "declAttributes": [
          "RawDocComment"
        ]
      },
      {
        "kind": "Import",
        "name": "MobileWorkflowCore",
        "printedName": "MobileWorkflowCore",
        "declKind": "Import",
        "moduleName": "MWRegulaPlugin"
      },
      {
        "kind": "Import",
        "name": "Foundation",
        "printedName": "Foundation",
        "declKind": "Import",
        "moduleName": "MWRegulaPlugin",
        "declAttributes": [
          "RawDocComment"
        ]
      },
      {
        "kind": "Import",
        "name": "DocumentReader",
        "printedName": "DocumentReader",
        "declKind": "Import",
        "moduleName": "MWRegulaPlugin"
      },
      {
        "kind": "Import",
        "name": "MobileWorkflowCore",
        "printedName": "MobileWorkflowCore",
        "declKind": "Import",
        "moduleName": "MWRegulaPlugin"
      },
      {
        "kind": "Import",
        "name": "Foundation",
        "printedName": "Foundation",
        "declKind": "Import",
        "moduleName": "MWRegulaPlugin",
        "declAttributes": [
          "RawDocComment"
        ]
      },
      {
        "kind": "Import",
        "name": "MobileWorkflowCore",
        "printedName": "MobileWorkflowCore",
        "declKind": "Import",
        "moduleName": "MWRegulaPlugin"
      },
      {
        "kind": "TypeDecl",
        "name": "MWRegulaPluginStruct",
        "printedName": "MWRegulaPluginStruct",
        "children": [
          {
            "kind": "Var",
            "name": "allStepsTypes",
            "printedName": "allStepsTypes",
            "children": [
              {
                "kind": "TypeNominal",
                "name": "Array",
                "printedName": "[MobileWorkflowCore.StepType]",
                "children": [
                  {
                    "kind": "TypeNominal",
                    "name": "StepType",
                    "printedName": "MobileWorkflowCore.StepType",
                    "usr": "s:18MobileWorkflowCore8StepTypeP"
                  }
                ],
                "usr": "s:Sa"
              }
            ],
            "declKind": "Var",
            "usr": "s:14MWRegulaPlugin0aB6StructV13allStepsTypesSay18MobileWorkflowCore8StepType_pGvpZ",
            "mangledName": "$s14MWRegulaPlugin0aB6StructV13allStepsTypesSay18MobileWorkflowCore8StepType_pGvpZ",
            "moduleName": "MWRegulaPlugin",
            "static": true,
            "declAttributes": [
              "AccessControl"
            ],
            "accessors": [
              {
                "kind": "Accessor",
                "name": "Get",
                "printedName": "Get()",
                "children": [
                  {
                    "kind": "TypeNominal",
                    "name": "Array",
                    "printedName": "[MobileWorkflowCore.StepType]",
                    "children": [
                      {
                        "kind": "TypeNominal",
                        "name": "StepType",
                        "printedName": "MobileWorkflowCore.StepType",
                        "usr": "s:18MobileWorkflowCore8StepTypeP"
                      }
                    ],
                    "usr": "s:Sa"
                  }
                ],
                "declKind": "Accessor",
                "usr": "s:14MWRegulaPlugin0aB6StructV13allStepsTypesSay18MobileWorkflowCore8StepType_pGvgZ",
                "mangledName": "$s14MWRegulaPlugin0aB6StructV13allStepsTypesSay18MobileWorkflowCore8StepType_pGvgZ",
                "moduleName": "MWRegulaPlugin",
                "static": true,
                "accessorKind": "get"
              }
            ]
          }
        ],
        "declKind": "Struct",
        "usr": "s:14MWRegulaPlugin0aB6StructV",
        "mangledName": "$s14MWRegulaPlugin0aB6StructV",
        "moduleName": "MWRegulaPlugin",
        "declAttributes": [
          "AccessControl"
        ],
        "conformances": [
          {
            "kind": "Conformance",
            "name": "Plugin",
            "printedName": "Plugin",
            "usr": "s:18MobileWorkflowCore6PluginP",
            "mangledName": "$s18MobileWorkflowCore6PluginP"
          }
        ]
      },
      {
        "kind": "TypeDecl",
        "name": "MWRegulaStepType",
        "printedName": "MWRegulaStepType",
        "children": [
          {
            "kind": "Var",
            "name": "passportCapture",
            "printedName": "passportCapture",
            "children": [
              {
                "kind": "TypeFunc",
                "name": "Function",
                "printedName": "(MWRegulaPlugin.MWRegulaStepType.Type) -> MWRegulaPlugin.MWRegulaStepType",
                "children": [
                  {
                    "kind": "TypeNominal",
                    "name": "MWRegulaStepType",
                    "printedName": "MWRegulaPlugin.MWRegulaStepType",
                    "usr": "s:14MWRegulaPlugin0A8StepTypeO"
                  },
                  {
                    "kind": "TypeNominal",
                    "name": "Metatype",
                    "printedName": "MWRegulaPlugin.MWRegulaStepType.Type",
                    "children": [
                      {
                        "kind": "TypeNominal",
                        "name": "MWRegulaStepType",
                        "printedName": "MWRegulaPlugin.MWRegulaStepType",
                        "usr": "s:14MWRegulaPlugin0A8StepTypeO"
                      }
                    ]
                  }
                ]
              }
            ],
            "declKind": "EnumElement",
            "usr": "s:14MWRegulaPlugin0A8StepTypeO15passportCaptureyA2CmF",
            "mangledName": "$s14MWRegulaPlugin0A8StepTypeO15passportCaptureyA2CmF",
            "moduleName": "MWRegulaPlugin"
          },
          {
            "kind": "Var",
            "name": "typeName",
            "printedName": "typeName",
            "children": [
              {
                "kind": "TypeNominal",
                "name": "String",
                "printedName": "Swift.String",
                "usr": "s:SS"
              }
            ],
            "declKind": "Var",
            "usr": "s:14MWRegulaPlugin0A8StepTypeO8typeNameSSvp",
            "mangledName": "$s14MWRegulaPlugin0A8StepTypeO8typeNameSSvp",
            "moduleName": "MWRegulaPlugin",
            "declAttributes": [
              "AccessControl"
            ],
            "accessors": [
              {
                "kind": "Accessor",
                "name": "Get",
                "printedName": "Get()",
                "children": [
                  {
                    "kind": "TypeNominal",
                    "name": "String",
                    "printedName": "Swift.String",
                    "usr": "s:SS"
                  }
                ],
                "declKind": "Accessor",
                "usr": "s:14MWRegulaPlugin0A8StepTypeO8typeNameSSvg",
                "mangledName": "$s14MWRegulaPlugin0A8StepTypeO8typeNameSSvg",
                "moduleName": "MWRegulaPlugin",
                "accessorKind": "get"
              }
            ]
          },
          {
            "kind": "Var",
            "name": "stepClass",
            "printedName": "stepClass",
            "children": [
              {
                "kind": "TypeNominal",
                "name": "ExistentialMetatype",
                "printedName": "MobileWorkflowCore.BuildableStep.Type",
                "children": [
                  {
                    "kind": "TypeNominal",
                    "name": "BuildableStep",
                    "printedName": "MobileWorkflowCore.BuildableStep",
                    "usr": "s:18MobileWorkflowCore13BuildableStepP"
                  }
                ]
              }
            ],
            "declKind": "Var",
            "usr": "s:14MWRegulaPlugin0A8StepTypeO9stepClass18MobileWorkflowCore09BuildableC0_pXpvp",
            "mangledName": "$s14MWRegulaPlugin0A8StepTypeO9stepClass18MobileWorkflowCore09BuildableC0_pXpvp",
            "moduleName": "MWRegulaPlugin",
            "declAttributes": [
              "AccessControl"
            ],
            "accessors": [
              {
                "kind": "Accessor",
                "name": "Get",
                "printedName": "Get()",
                "children": [
                  {
                    "kind": "TypeNominal",
                    "name": "ExistentialMetatype",
                    "printedName": "MobileWorkflowCore.BuildableStep.Type",
                    "children": [
                      {
                        "kind": "TypeNominal",
                        "name": "BuildableStep",
                        "printedName": "MobileWorkflowCore.BuildableStep",
                        "usr": "s:18MobileWorkflowCore13BuildableStepP"
                      }
                    ]
                  }
                ],
                "declKind": "Accessor",
                "usr": "s:14MWRegulaPlugin0A8StepTypeO9stepClass18MobileWorkflowCore09BuildableC0_pXpvg",
                "mangledName": "$s14MWRegulaPlugin0A8StepTypeO9stepClass18MobileWorkflowCore09BuildableC0_pXpvg",
                "moduleName": "MWRegulaPlugin",
                "accessorKind": "get"
              }
            ]
          },
          {
            "kind": "Constructor",
            "name": "init",
            "printedName": "init(rawValue:)",
            "children": [
              {
                "kind": "TypeNominal",
                "name": "Optional",
                "printedName": "MWRegulaPlugin.MWRegulaStepType?",
                "children": [
                  {
                    "kind": "TypeNominal",
                    "name": "MWRegulaStepType",
                    "printedName": "MWRegulaPlugin.MWRegulaStepType",
                    "usr": "s:14MWRegulaPlugin0A8StepTypeO"
                  }
                ],
                "usr": "s:Sq"
              },
              {
                "kind": "TypeNominal",
                "name": "String",
                "printedName": "Swift.String",
                "usr": "s:SS"
              }
            ],
            "declKind": "Constructor",
            "usr": "s:14MWRegulaPlugin0A8StepTypeO8rawValueACSgSS_tcfc",
            "mangledName": "$s14MWRegulaPlugin0A8StepTypeO8rawValueACSgSS_tcfc",
            "moduleName": "MWRegulaPlugin",
            "implicit": true,
            "init_kind": "Designated"
          },
          {
            "kind": "Var",
            "name": "rawValue",
            "printedName": "rawValue",
            "children": [
              {
                "kind": "TypeNominal",
                "name": "String",
                "printedName": "Swift.String",
                "usr": "s:SS"
              }
            ],
            "declKind": "Var",
            "usr": "s:14MWRegulaPlugin0A8StepTypeO8rawValueSSvp",
            "mangledName": "$s14MWRegulaPlugin0A8StepTypeO8rawValueSSvp",
            "moduleName": "MWRegulaPlugin",
            "implicit": true,
            "accessors": [
              {
                "kind": "Accessor",
                "name": "Get",
                "printedName": "Get()",
                "children": [
                  {
                    "kind": "TypeNominal",
                    "name": "String",
                    "printedName": "Swift.String",
                    "usr": "s:SS"
                  }
                ],
                "declKind": "Accessor",
                "usr": "s:14MWRegulaPlugin0A8StepTypeO8rawValueSSvg",
                "mangledName": "$s14MWRegulaPlugin0A8StepTypeO8rawValueSSvg",
                "moduleName": "MWRegulaPlugin",
                "implicit": true,
                "accessorKind": "get"
              }
            ]
          },
          {
            "kind": "Var",
            "name": "allCases",
            "printedName": "allCases",
            "children": [
              {
                "kind": "TypeNominal",
                "name": "Array",
                "printedName": "[MWRegulaPlugin.MWRegulaStepType]",
                "children": [
                  {
                    "kind": "TypeNominal",
                    "name": "MWRegulaStepType",
                    "printedName": "MWRegulaPlugin.MWRegulaStepType",
                    "usr": "s:14MWRegulaPlugin0A8StepTypeO"
                  }
                ],
                "usr": "s:Sa"
              }
            ],
            "declKind": "Var",
            "usr": "s:14MWRegulaPlugin0A8StepTypeO8allCasesSayACGvpZ",
            "mangledName": "$s14MWRegulaPlugin0A8StepTypeO8allCasesSayACGvpZ",
            "moduleName": "MWRegulaPlugin",
            "static": true,
            "implicit": true,
            "accessors": [
              {
                "kind": "Accessor",
                "name": "Get",
                "printedName": "Get()",
                "children": [
                  {
                    "kind": "TypeNominal",
                    "name": "Array",
                    "printedName": "[MWRegulaPlugin.MWRegulaStepType]",
                    "children": [
                      {
                        "kind": "TypeNominal",
                        "name": "MWRegulaStepType",
                        "printedName": "MWRegulaPlugin.MWRegulaStepType",
                        "usr": "s:14MWRegulaPlugin0A8StepTypeO"
                      }
                    ],
                    "usr": "s:Sa"
                  }
                ],
                "declKind": "Accessor",
                "usr": "s:14MWRegulaPlugin0A8StepTypeO8allCasesSayACGvgZ",
                "mangledName": "$s14MWRegulaPlugin0A8StepTypeO8allCasesSayACGvgZ",
                "moduleName": "MWRegulaPlugin",
                "static": true,
                "implicit": true,
                "accessorKind": "get"
              }
            ]
          }
        ],
        "declKind": "Enum",
        "usr": "s:14MWRegulaPlugin0A8StepTypeO",
        "mangledName": "$s14MWRegulaPlugin0A8StepTypeO",
        "moduleName": "MWRegulaPlugin",
        "declAttributes": [
          "AccessControl"
        ],
        "enumRawTypeName": "String",
        "conformances": [
          {
            "kind": "Conformance",
            "name": "Equatable",
            "printedName": "Equatable",
            "usr": "s:SQ",
            "mangledName": "$sSQ"
          },
          {
            "kind": "Conformance",
            "name": "Hashable",
            "printedName": "Hashable",
            "usr": "s:SH",
            "mangledName": "$sSH"
          },
          {
            "kind": "Conformance",
            "name": "RawRepresentable",
            "printedName": "RawRepresentable",
            "children": [
              {
                "kind": "TypeWitness",
                "name": "RawValue",
                "printedName": "RawValue",
                "children": [
                  {
                    "kind": "TypeNominal",
                    "name": "String",
                    "printedName": "Swift.String",
                    "usr": "s:SS"
                  }
                ]
              }
            ],
            "usr": "s:SY",
            "mangledName": "$sSY"
          },
          {
            "kind": "Conformance",
            "name": "CaseIterable",
            "printedName": "CaseIterable",
            "children": [
              {
                "kind": "TypeWitness",
                "name": "AllCases",
                "printedName": "AllCases",
                "children": [
                  {
                    "kind": "TypeNominal",
                    "name": "Array",
                    "printedName": "[MWRegulaPlugin.MWRegulaStepType]",
                    "children": [
                      {
                        "kind": "TypeNominal",
                        "name": "MWRegulaStepType",
                        "printedName": "MWRegulaPlugin.MWRegulaStepType",
                        "usr": "s:14MWRegulaPlugin0A8StepTypeO"
                      }
                    ],
                    "usr": "s:Sa"
                  }
                ]
              }
            ],
            "usr": "s:s12CaseIterableP",
            "mangledName": "$ss12CaseIterableP"
          },
          {
            "kind": "Conformance",
            "name": "StepType",
            "printedName": "StepType",
            "usr": "s:18MobileWorkflowCore8StepTypeP",
            "mangledName": "$s18MobileWorkflowCore8StepTypeP"
          },
          {
            "kind": "Conformance",
            "name": "NamedType",
            "printedName": "NamedType",
            "usr": "s:18MobileWorkflowCore9NamedTypeP",
            "mangledName": "$s18MobileWorkflowCore9NamedTypeP"
          }
        ]
      },
      {
        "kind": "Import",
        "name": "Foundation",
        "printedName": "Foundation",
        "declKind": "Import",
        "moduleName": "MWRegulaPlugin",
        "declAttributes": [
          "RawDocComment"
        ]
      }
    ],
    "json_format_version": 8
  },
  "ConstValues": [
    {
      "filePath": "\/Users\/vagrant\/git\/project\/MWRegulaPlugin\/MWRegulaPlugin\/PassportStep\/MWRegulaPluginPassportStep.swift",
      "kind": "StringLiteral",
      "offset": 217,
      "length": 26,
      "value": "\"MWRegulaPlugin.MWRegulaPluginPassportStep\""
    },
    {
      "filePath": "\/Users\/vagrant\/git\/project\/MWRegulaPlugin\/MWRegulaPlugin\/PassportStep\/MWRegulaPluginResult.swift",
      "kind": "StringLiteral",
      "offset": 179,
      "length": 11,
      "value": "\"firstName\""
    },
    {
      "filePath": "\/Users\/vagrant\/git\/project\/MWRegulaPlugin\/MWRegulaPlugin\/PassportStep\/MWRegulaPluginResult.swift",
      "kind": "StringLiteral",
      "offset": 221,
      "length": 12,
      "value": "\"middleName\""
    },
    {
      "filePath": "\/Users\/vagrant\/git\/project\/MWRegulaPlugin\/MWRegulaPlugin\/PassportStep\/MWRegulaPluginResult.swift",
      "kind": "StringLiteral",
      "offset": 262,
      "length": 10,
      "value": "\"lastName\""
    },
    {
      "filePath": "\/Users\/vagrant\/git\/project\/MWRegulaPlugin\/MWRegulaPlugin\/PassportStep\/MWRegulaPluginResult.swift",
      "kind": "StringLiteral",
      "offset": 307,
      "length": 16,
      "value": "\"passportNumber\""
    },
    {
      "filePath": "\/Users\/vagrant\/git\/project\/MWRegulaPlugin\/MWRegulaPlugin\/PassportStep\/MWRegulaPluginResult.swift",
      "kind": "StringLiteral",
      "offset": 359,
      "length": 17,
      "value": "\"nationalityCode\""
    },
    {
      "filePath": "\/Users\/vagrant\/git\/project\/MWRegulaPlugin\/MWRegulaPlugin\/PassportStep\/MWRegulaPluginResult.swift",
      "kind": "StringLiteral",
      "offset": 408,
      "length": 13,
      "value": "\"nationality\""
    },
    {
      "filePath": "\/Users\/vagrant\/git\/project\/MWRegulaPlugin\/MWRegulaPlugin\/PassportStep\/MWRegulaPluginResult.swift",
      "kind": "StringLiteral",
      "offset": 453,
      "length": 13,
      "value": "\"dateOfBirth\""
    },
    {
      "filePath": "\/Users\/vagrant\/git\/project\/MWRegulaPlugin\/MWRegulaPlugin\/PassportStep\/MWRegulaPluginResult.swift",
      "kind": "StringLiteral",
      "offset": 499,
      "length": 14,
      "value": "\"dateOfExpiry\""
    },
    {
      "filePath": "\/Users\/vagrant\/git\/project\/MWRegulaPlugin\/MWRegulaPlugin\/PassportStep\/MWRegulaPluginResult.swift",
      "kind": "StringLiteral",
      "offset": 537,
      "length": 5,
      "value": "\"sex\""
    },
    {
      "filePath": "\/Users\/vagrant\/git\/project\/MWRegulaPlugin\/MWRegulaPlugin\/PassportStep\/MWRegulaPluginResult.swift",
      "kind": "StringLiteral",
      "offset": 574,
      "length": 13,
      "value": "\"countryName\""
    },
    {
      "filePath": "\/Users\/vagrant\/git\/project\/MWRegulaPlugin\/MWRegulaPlugin\/PassportStep\/MWRegulaPluginResult.swift",
      "kind": "StringLiteral",
      "offset": 617,
      "length": 11,
      "value": "\"mrzString\""
    },
    {
      "filePath": "\/Users\/vagrant\/git\/project\/MWRegulaPlugin\/MWRegulaPlugin\/PassportStep\/MWRegulaPluginResult.swift",
      "kind": "StringLiteral",
      "offset": 678,
      "length": 15,
      "value": "\"extractedData\""
    },
    {
      "filePath": "\/Users\/vagrant\/git\/project\/MWRegulaPlugin\/MWRegulaPlugin\/PassportStep\/MWRegulaPluginResult.swift",
      "kind": "StringLiteral",
      "offset": 719,
      "length": 7,
      "value": "\"files\""
    },
    {
      "filePath": "\/Users\/vagrant\/git\/project\/MWRegulaPlugin\/MWRegulaPlugin\/PassportStep\/MWRegulaPluginResult.swift",
      "kind": "Array",
      "offset": 956,
      "length": 2,
      "value": "[]"
    },
    {
      "filePath": "\/Users\/vagrant\/git\/project\/MWRegulaPlugin\/MWRegulaPlugin\/PassportStep\/MWRegulaPluginPassportViewController.swift",
      "kind": "StringLiteral",
      "offset": 289,
      "length": 15,
      "value": "\"documentImage\""
    },
    {
      "filePath": "\/Users\/vagrant\/git\/project\/MWRegulaPlugin\/MWRegulaPlugin\/PassportStep\/MWRegulaPluginPassportViewController.swift",
      "kind": "StringLiteral",
      "offset": 325,
      "length": 15,
      "value": "\"portraitImage\""
    },
    {
      "filePath": "\/Users\/vagrant\/git\/project\/MWRegulaPlugin\/MWRegulaPlugin\/PassportStep\/MWRegulaPluginPassportViewController.swift",
      "kind": "StringLiteral",
      "offset": 289,
      "length": 15,
      "value": "\"documentImage\""
    },
    {
      "filePath": "\/Users\/vagrant\/git\/project\/MWRegulaPlugin\/MWRegulaPlugin\/PassportStep\/MWRegulaPluginPassportViewController.swift",
      "kind": "StringLiteral",
      "offset": 325,
      "length": 15,
      "value": "\"portraitImage\""
    },
    {
      "filePath": "\/Users\/vagrant\/git\/project\/MWRegulaPlugin\/MWRegulaPlugin\/MWRegulaPluginPlugin.swift",
      "kind": "StringLiteral",
      "offset": 216,
      "length": 3,
      "value": "\" \""
    },
    {
      "filePath": "\/Users\/vagrant\/git\/project\/MWRegulaPlugin\/MWRegulaPlugin\/MWRegulaPluginPlugin.swift",
      "kind": "StringLiteral",
      "offset": 242,
      "length": 4,
      "value": "\"\n\""
    },
    {
      "filePath": "\/Users\/vagrant\/git\/project\/MWRegulaPlugin\/MWRegulaPlugin\/MWRegulaPluginPlugin.swift",
      "kind": "StringLiteral",
      "offset": 304,
      "length": 3,
      "value": "\" \""
    },
    {
      "filePath": "\/Users\/vagrant\/git\/project\/MWRegulaPlugin\/MWRegulaPlugin\/MWRegulaPluginPlugin.swift",
      "kind": "StringLiteral",
      "offset": 330,
      "length": 4,
      "value": "\"\n\""
    },
    {
      "filePath": "\/Users\/vagrant\/git\/project\/MWRegulaPlugin\/MWRegulaPlugin\/MWRegulaPluginPlugin.swift",
      "kind": "StringLiteral",
      "offset": 588,
      "length": 23,
      "value": "\"regulaPassportCapture\""
    },
    {
      "filePath": "\/Users\/vagrant\/git\/project\/MWRegulaPlugin\/MWRegulaPlugin\/MWRegulaPluginPlugin.swift",
      "kind": "StringLiteral",
      "offset": 588,
      "length": 23,
      "value": "\"regulaPassportCapture\""
    },
    {
      "filePath": "\/Users\/vagrant\/git\/project\/MWRegulaPlugin\/MWRegulaPlugin\/Extensions\/String+Extension.swift",
      "kind": "StringLiteral",
      "offset": 171,
      "length": 12,
      "value": "\"generic_ok\""
    },
    {
      "filePath": "\/Users\/vagrant\/git\/project\/MWRegulaPlugin\/MWRegulaPlugin\/Extensions\/String+Extension.swift",
      "kind": "StringLiteral",
      "offset": 244,
      "length": 28,
      "value": "\"scanning_error_alert_title\""
    },
    {
      "filePath": "\/Users\/vagrant\/git\/project\/MWRegulaPlugin\/MWRegulaPlugin\/Extensions\/String+Extension.swift",
      "kind": "StringLiteral",
      "offset": 335,
      "length": 30,
      "value": "\"scanning_error_alert_message\""
    },
    {
      "filePath": "\/Users\/vagrant\/git\/project\/MWRegulaPlugin\/MWRegulaPlugin\/Extensions\/String+Extension.swift",
      "kind": "StringLiteral",
      "offset": 526,
      "length": 2,
      "value": "\"\""
    }
  ]
}