{
  "ABIRoot": {
    "kind": "Root",
    "name": "TopLevel",
    "printedName": "TopLevel",
    "children": [
      {
        "kind": "Import",
        "name": "Foundation",
        "printedName": "Foundation",
        "declKind": "Import",
        "moduleName": "MWNHSGeneralPlugin",
        "declAttributes": [
          "RawDocComment"
        ]
      },
      {
        "kind": "Import",
        "name": "MobileWorkflowCore",
        "printedName": "MobileWorkflowCore",
        "declKind": "Import",
        "moduleName": "MWNHSGeneralPlugin"
      },
      {
        "kind": "TypeDecl",
        "name": "MWNHSGeneralPluginStruct",
        "printedName": "MWNHSGeneralPluginStruct",
        "children": [
          {
            "kind": "Var",
            "name": "allStepsTypes",
            "printedName": "allStepsTypes",
            "children": [
              {
                "kind": "TypeNominal",
                "name": "Array",
                "printedName": "[MobileWorkflowCore.StepType]",
                "children": [
                  {
                    "kind": "TypeNominal",
                    "name": "StepType",
                    "printedName": "MobileWorkflowCore.StepType",
                    "usr": "s:18MobileWorkflowCore8StepTypeP"
                  }
                ],
                "usr": "s:Sa"
              }
            ],
            "declKind": "Var",
            "usr": "s:18MWNHSGeneralPlugin0aB6StructV13allStepsTypesSay18MobileWorkflowCore8StepType_pGvpZ",
            "mangledName": "$s18MWNHSGeneralPlugin0aB6StructV13allStepsTypesSay18MobileWorkflowCore8StepType_pGvpZ",
            "moduleName": "MWNHSGeneralPlugin",
            "static": true,
            "declAttributes": [
              "AccessControl"
            ],
            "accessors": [
              {
                "kind": "Accessor",
                "name": "Get",
                "printedName": "Get()",
                "children": [
                  {
                    "kind": "TypeNominal",
                    "name": "Array",
                    "printedName": "[MobileWorkflowCore.StepType]",
                    "children": [
                      {
                        "kind": "TypeNominal",
                        "name": "StepType",
                        "printedName": "MobileWorkflowCore.StepType",
                        "usr": "s:18MobileWorkflowCore8StepTypeP"
                      }
                    ],
                    "usr": "s:Sa"
                  }
                ],
                "declKind": "Accessor",
                "usr": "s:18MWNHSGeneralPlugin0aB6StructV13allStepsTypesSay18MobileWorkflowCore8StepType_pGvgZ",
                "mangledName": "$s18MWNHSGeneralPlugin0aB6StructV13allStepsTypesSay18MobileWorkflowCore8StepType_pGvgZ",
                "moduleName": "MWNHSGeneralPlugin",
                "static": true,
                "accessorKind": "get"
              }
            ]
          },
          {
            "kind": "Function",
            "name": "buildInterceptors",
            "printedName": "buildInterceptors(credentialStore:)",
            "children": [
              {
                "kind": "TypeNominal",
                "name": "Array",
                "printedName": "[MobileWorkflowCore.AsyncTaskInterceptor]",
                "children": [
                  {
                    "kind": "TypeNominal",
                    "name": "AsyncTaskInterceptor",
                    "printedName": "MobileWorkflowCore.AsyncTaskInterceptor",
                    "usr": "s:18MobileWorkflowCore20AsyncTaskInterceptorP"
                  }
                ],
                "usr": "s:Sa"
              },
              {
                "kind": "TypeNominal",
                "name": "CredentialStoreProtocol",
                "printedName": "MobileWorkflowCore.CredentialStoreProtocol",
                "usr": "s:18MobileWorkflowCore23CredentialStoreProtocolP"
              }
            ],
            "declKind": "Func",
            "usr": "s:18MWNHSGeneralPlugin0aB6StructV17buildInterceptors15credentialStoreSay18MobileWorkflowCore20AsyncTaskInterceptor_pGAF010CredentialG8Protocol_p_tFZ",
            "mangledName": "$s18MWNHSGeneralPlugin0aB6StructV17buildInterceptors15credentialStoreSay18MobileWorkflowCore20AsyncTaskInterceptor_pGAF010CredentialG8Protocol_p_tFZ",
            "moduleName": "MWNHSGeneralPlugin",
            "static": true,
            "declAttributes": [
              "AccessControl"
            ],
            "funcSelfKind": "NonMutating"
          }
        ],
        "declKind": "Struct",
        "usr": "s:18MWNHSGeneralPlugin0aB6StructV",
        "mangledName": "$s18MWNHSGeneralPlugin0aB6StructV",
        "moduleName": "MWNHSGeneralPlugin",
        "declAttributes": [
          "AccessControl"
        ],
        "conformances": [
          {
            "kind": "Conformance",
            "name": "Plugin",
            "printedName": "Plugin",
            "usr": "s:18MobileWorkflowCore6PluginP",
            "mangledName": "$s18MobileWorkflowCore6PluginP"
          }
        ]
      },
      {
        "kind": "Import",
        "name": "Foundation",
        "printedName": "Foundation",
        "declKind": "Import",
        "moduleName": "MWNHSGeneralPlugin",
        "declAttributes": [
          "RawDocComment"
        ]
      },
      {
        "kind": "Import",
        "name": "UIKit",
        "printedName": "UIKit",
        "declKind": "Import",
        "moduleName": "MWNHSGeneralPlugin"
      },
      {
        "kind": "Import",
        "name": "MobileWorkflowCore",
        "printedName": "MobileWorkflowCore",
        "declKind": "Import",
        "moduleName": "MWNHSGeneralPlugin"
      },
      {
        "kind": "TypeDecl",
        "name": "NHSLoginButtonTableViewCellDelegate",
        "printedName": "NHSLoginButtonTableViewCellDelegate",
        "children": [
          {
            "kind": "Function",
            "name": "buttonCell",
            "printedName": "buttonCell(_:)",
            "children": [
              {
                "kind": "TypeNominal",
                "name": "Void",
                "printedName": "()"
              },
              {
                "kind": "TypeNominal",
                "name": "NHSLoginButtonTableViewCell",
                "printedName": "MWNHSGeneralPlugin.NHSLoginButtonTableViewCell",
                "usr": "c:@M@MWNHSGeneralPlugin@objc(cs)NHSLoginButtonTableViewCell"
              }
            ],
            "declKind": "Func",
            "usr": "s:18MWNHSGeneralPlugin35NHSLoginButtonTableViewCellDelegateP06buttonG0yyAA0cdefG0CF",
            "mangledName": "$s18MWNHSGeneralPlugin35NHSLoginButtonTableViewCellDelegateP06buttonG0yyAA0cdefG0CF",
            "moduleName": "MWNHSGeneralPlugin",
            "genericSig": "<τ_0_0 where τ_0_0 : MWNHSGeneralPlugin.NHSLoginButtonTableViewCellDelegate>",
            "sugared_genericSig": "<Self where Self : MWNHSGeneralPlugin.NHSLoginButtonTableViewCellDelegate>",
            "protocolReq": true,
            "reqNewWitnessTableEntry": true,
            "funcSelfKind": "NonMutating"
          }
        ],
        "declKind": "Protocol",
        "usr": "s:18MWNHSGeneralPlugin35NHSLoginButtonTableViewCellDelegateP",
        "mangledName": "$s18MWNHSGeneralPlugin35NHSLoginButtonTableViewCellDelegateP",
        "moduleName": "MWNHSGeneralPlugin",
        "genericSig": "<τ_0_0 : AnyObject>",
        "sugared_genericSig": "<Self : AnyObject>",
        "declAttributes": [
          "AccessControl"
        ]
      },
      {
        "kind": "TypeDecl",
        "name": "NHSLoginButtonTableViewCell",
        "printedName": "NHSLoginButtonTableViewCell",
        "children": [
          {
            "kind": "Var",
            "name": "delegate",
            "printedName": "delegate",
            "children": [
              {
                "kind": "TypeNominal",
                "name": "Optional",
                "printedName": "MWNHSGeneralPlugin.NHSLoginButtonTableViewCellDelegate?",
                "children": [
                  {
                    "kind": "TypeNominal",
                    "name": "NHSLoginButtonTableViewCellDelegate",
                    "printedName": "MWNHSGeneralPlugin.NHSLoginButtonTableViewCellDelegate",
                    "usr": "s:18MWNHSGeneralPlugin35NHSLoginButtonTableViewCellDelegateP"
                  }
                ],
                "usr": "s:Sq"
              }
            ],
            "declKind": "Var",
            "usr": "s:18MWNHSGeneralPlugin27NHSLoginButtonTableViewCellC8delegateAA0cdefG8Delegate_pSgvp",
            "mangledName": "$s18MWNHSGeneralPlugin27NHSLoginButtonTableViewCellC8delegateAA0cdefG8Delegate_pSgvp",
            "moduleName": "MWNHSGeneralPlugin",
            "declAttributes": [
              "Custom",
              "HasInitialValue",
              "HasStorage",
              "AccessControl"
            ],
            "hasStorage": true,
            "accessors": [
              {
                "kind": "Accessor",
                "name": "Get",
                "printedName": "Get()",
                "children": [
                  {
                    "kind": "TypeNominal",
                    "name": "Optional",
                    "printedName": "MWNHSGeneralPlugin.NHSLoginButtonTableViewCellDelegate?",
                    "children": [
                      {
                        "kind": "TypeNominal",
                        "name": "NHSLoginButtonTableViewCellDelegate",
                        "printedName": "MWNHSGeneralPlugin.NHSLoginButtonTableViewCellDelegate",
                        "usr": "s:18MWNHSGeneralPlugin35NHSLoginButtonTableViewCellDelegateP"
                      }
                    ],
                    "usr": "s:Sq"
                  }
                ],
                "declKind": "Accessor",
                "usr": "s:18MWNHSGeneralPlugin27NHSLoginButtonTableViewCellC8delegateAA0cdefG8Delegate_pSgvg",
                "mangledName": "$s18MWNHSGeneralPlugin27NHSLoginButtonTableViewCellC8delegateAA0cdefG8Delegate_pSgvg",
                "moduleName": "MWNHSGeneralPlugin",
                "implicit": true,
                "accessorKind": "get"
              },
              {
                "kind": "Accessor",
                "name": "Set",
                "printedName": "Set()",
                "children": [
                  {
                    "kind": "TypeNominal",
                    "name": "Void",
                    "printedName": "()"
                  },
                  {
                    "kind": "TypeNominal",
                    "name": "Optional",
                    "printedName": "MWNHSGeneralPlugin.NHSLoginButtonTableViewCellDelegate?",
                    "children": [
                      {
                        "kind": "TypeNominal",
                        "name": "NHSLoginButtonTableViewCellDelegate",
                        "printedName": "MWNHSGeneralPlugin.NHSLoginButtonTableViewCellDelegate",
                        "usr": "s:18MWNHSGeneralPlugin35NHSLoginButtonTableViewCellDelegateP"
                      }
                    ],
                    "usr": "s:Sq"
                  }
                ],
                "declKind": "Accessor",
                "usr": "s:18MWNHSGeneralPlugin27NHSLoginButtonTableViewCellC8delegateAA0cdefG8Delegate_pSgvs",
                "mangledName": "$s18MWNHSGeneralPlugin27NHSLoginButtonTableViewCellC8delegateAA0cdefG8Delegate_pSgvs",
                "moduleName": "MWNHSGeneralPlugin",
                "implicit": true,
                "accessorKind": "set"
              },
              {
                "kind": "Accessor",
                "name": "Modify",
                "printedName": "Modify()",
                "children": [
                  {
                    "kind": "TypeNominal",
                    "name": "Void",
                    "printedName": "()"
                  }
                ],
                "declKind": "Accessor",
                "usr": "s:18MWNHSGeneralPlugin27NHSLoginButtonTableViewCellC8delegateAA0cdefG8Delegate_pSgvM",
                "mangledName": "$s18MWNHSGeneralPlugin27NHSLoginButtonTableViewCellC8delegateAA0cdefG8Delegate_pSgvM",
                "moduleName": "MWNHSGeneralPlugin",
                "implicit": true,
                "accessorKind": "_modify"
              }
            ]
          },
          {
            "kind": "Function",
            "name": "configureButton",
            "printedName": "configureButton(label:style:image:theme:)",
            "children": [
              {
                "kind": "TypeNominal",
                "name": "Void",
                "printedName": "()"
              },
              {
                "kind": "TypeNominal",
                "name": "Optional",
                "printedName": "Swift.String?",
                "children": [
                  {
                    "kind": "TypeNominal",
                    "name": "String",
                    "printedName": "Swift.String",
                    "usr": "s:SS"
                  }
                ],
                "usr": "s:Sq"
              },
              {
                "kind": "TypeNominal",
                "name": "ButtonStyle",
                "printedName": "MobileWorkflowCore.ButtonStyle",
                "usr": "s:18MobileWorkflowCore11ButtonStyleO"
              },
              {
                "kind": "TypeNominal",
                "name": "Optional",
                "printedName": "UIKit.UIImage?",
                "children": [
                  {
                    "kind": "TypeNominal",
                    "name": "UIImage",
                    "printedName": "UIKit.UIImage",
                    "usr": "c:objc(cs)UIImage"
                  }
                ],
                "hasDefaultArg": true,
                "usr": "s:Sq"
              },
              {
                "kind": "TypeNominal",
                "name": "Theme",
                "printedName": "MobileWorkflowCore.Theme",
                "hasDefaultArg": true,
                "usr": "s:18MobileWorkflowCore5ThemeV"
              }
            ],
            "declKind": "Func",
            "usr": "s:18MWNHSGeneralPlugin27NHSLoginButtonTableViewCellC09configureD05label5style5image5themeySSSg_18MobileWorkflowCore0D5StyleOSo7UIImageCSgAJ5ThemeVtF",
            "mangledName": "$s18MWNHSGeneralPlugin27NHSLoginButtonTableViewCellC09configureD05label5style5image5themeySSSg_18MobileWorkflowCore0D5StyleOSo7UIImageCSgAJ5ThemeVtF",
            "moduleName": "MWNHSGeneralPlugin",
            "declAttributes": [
              "Custom",
              "AccessControl"
            ],
            "funcSelfKind": "NonMutating"
          }
        ],
        "declKind": "Class",
        "usr": "c:@M@MWNHSGeneralPlugin@objc(cs)NHSLoginButtonTableViewCell",
        "mangledName": "$s18MWNHSGeneralPlugin27NHSLoginButtonTableViewCellC",
        "moduleName": "MWNHSGeneralPlugin",
        "declAttributes": [
          "Custom",
          "AccessControl",
          "ObjC"
        ],
        "superclassUsr": "c:objc(cs)UITableViewCell",
        "hasMissingDesignatedInitializers": true,
        "inheritsConvenienceInitializers": true,
        "superclassNames": [
          "UIKit.UITableViewCell",
          "UIKit.UIView",
          "UIKit.UIResponder",
          "ObjectiveC.NSObject"
        ],
        "conformances": [
          {
            "kind": "Conformance",
            "name": "Equatable",
            "printedName": "Equatable",
            "usr": "s:SQ",
            "mangledName": "$sSQ"
          },
          {
            "kind": "Conformance",
            "name": "Hashable",
            "printedName": "Hashable",
            "usr": "s:SH",
            "mangledName": "$sSH"
          },
          {
            "kind": "Conformance",
            "name": "CVarArg",
            "printedName": "CVarArg",
            "usr": "s:s7CVarArgP",
            "mangledName": "$ss7CVarArgP"
          },
          {
            "kind": "Conformance",
            "name": "_KeyValueCodingAndObservingPublishing",
            "printedName": "_KeyValueCodingAndObservingPublishing",
            "usr": "s:10Foundation37_KeyValueCodingAndObservingPublishingP",
            "mangledName": "$s10Foundation37_KeyValueCodingAndObservingPublishingP"
          },
          {
            "kind": "Conformance",
            "name": "_KeyValueCodingAndObserving",
            "printedName": "_KeyValueCodingAndObserving",
            "usr": "s:10Foundation27_KeyValueCodingAndObservingP",
            "mangledName": "$s10Foundation27_KeyValueCodingAndObservingP"
          },
          {
            "kind": "Conformance",
            "name": "CustomStringConvertible",
            "printedName": "CustomStringConvertible",
            "usr": "s:s23CustomStringConvertibleP",
            "mangledName": "$ss23CustomStringConvertibleP"
          },
          {
            "kind": "Conformance",
            "name": "CustomDebugStringConvertible",
            "printedName": "CustomDebugStringConvertible",
            "usr": "s:s28CustomDebugStringConvertibleP",
            "mangledName": "$ss28CustomDebugStringConvertibleP"
          },
          {
            "kind": "Conformance",
            "name": "__DefaultCustomPlaygroundQuickLookable",
            "printedName": "__DefaultCustomPlaygroundQuickLookable",
            "usr": "s:s38__DefaultCustomPlaygroundQuickLookableP",
            "mangledName": "$ss38__DefaultCustomPlaygroundQuickLookableP"
          },
          {
            "kind": "Conformance",
            "name": "ReusableView",
            "printedName": "ReusableView",
            "usr": "s:18MobileWorkflowCore12ReusableViewP",
            "mangledName": "$s18MobileWorkflowCore12ReusableViewP"
          }
        ]
      },
      {
        "kind": "Import",
        "name": "Foundation",
        "printedName": "Foundation",
        "declKind": "Import",
        "moduleName": "MWNHSGeneralPlugin",
        "declAttributes": [
          "RawDocComment"
        ]
      },
      {
        "kind": "Import",
        "name": "MobileWorkflowCore",
        "printedName": "MobileWorkflowCore",
        "declKind": "Import",
        "moduleName": "MWNHSGeneralPlugin"
      },
      {
        "kind": "Import",
        "name": "JOSESwift",
        "printedName": "JOSESwift",
        "declKind": "Import",
        "moduleName": "MWNHSGeneralPlugin"
      },
      {
        "kind": "Import",
        "name": "SwiftyRSA",
        "printedName": "SwiftyRSA",
        "declKind": "Import",
        "moduleName": "MWNHSGeneralPlugin"
      },
      {
        "kind": "Import",
        "name": "UIKit",
        "printedName": "UIKit",
        "declKind": "Import",
        "moduleName": "MWNHSGeneralPlugin",
        "declAttributes": [
          "RawDocComment"
        ]
      },
      {
        "kind": "Import",
        "name": "MobileWorkflowCore",
        "printedName": "MobileWorkflowCore",
        "declKind": "Import",
        "moduleName": "MWNHSGeneralPlugin"
      },
      {
        "kind": "Import",
        "name": "AuthenticationServices",
        "printedName": "AuthenticationServices",
        "declKind": "Import",
        "moduleName": "MWNHSGeneralPlugin"
      },
      {
        "kind": "Import",
        "name": "Foundation",
        "printedName": "Foundation",
        "declKind": "Import",
        "moduleName": "MWNHSGeneralPlugin",
        "declAttributes": [
          "RawDocComment"
        ]
      },
      {
        "kind": "Import",
        "name": "MobileWorkflowCore",
        "printedName": "MobileWorkflowCore",
        "declKind": "Import",
        "moduleName": "MWNHSGeneralPlugin"
      }
    ],
    "json_format_version": 8
  },
  "ConstValues": [
    {
      "filePath": "\/Users\/vagrant\/git\/project\/MWNHSGeneralPlugin\/MWNHSGeneralPlugin\/MWNHSGeneralPluginStruct.swift",
      "kind": "StringLiteral",
      "offset": 537,
      "length": 36,
      "value": "\"io.mobileworkflow.nhsgeneral.Login\""
    },
    {
      "filePath": "\/Users\/vagrant\/git\/project\/MWNHSGeneralPlugin\/MWNHSGeneralPlugin\/MWNHSGeneralPluginStruct.swift",
      "kind": "StringLiteral",
      "offset": 537,
      "length": 36,
      "value": "\"io.mobileworkflow.nhsgeneral.Login\""
    },
    {
      "filePath": "\/Users\/vagrant\/git\/project\/MWNHSGeneralPlugin\/MWNHSGeneralPlugin\/MWNHSGeneral\/NHSLoginStep.swift",
      "kind": "StringLiteral",
      "offset": 2128,
      "length": 12,
      "value": "\"MWNHSGeneralPlugin.NHSLoginStep\""
    },
    {
      "filePath": "\/Users\/vagrant\/git\/project\/MWNHSGeneralPlugin\/MWNHSGeneralPlugin\/MWNHSGeneral\/NHSLoginStepViewController.swift",
      "kind": "StringLiteral",
      "offset": 249,
      "length": 14,
      "value": "\"access_token\""
    },
    {
      "filePath": "\/Users\/vagrant\/git\/project\/MWNHSGeneralPlugin\/MWNHSGeneralPlugin\/MWNHSGeneral\/NHSLoginStepViewController.swift",
      "kind": "StringLiteral",
      "offset": 292,
      "length": 15,
      "value": "\"refresh_token\""
    },
    {
      "filePath": "\/Users\/vagrant\/git\/project\/MWNHSGeneralPlugin\/MWNHSGeneralPlugin\/MWNHSGeneral\/NHSLoginStepViewController.swift",
      "kind": "StringLiteral",
      "offset": 333,
      "length": 12,
      "value": "\"expires_in\""
    },
    {
      "filePath": "\/Users\/vagrant\/git\/project\/MWNHSGeneralPlugin\/MWNHSGeneralPlugin\/MWNHSGeneral\/NHSLoginStepViewController.swift",
      "kind": "StringLiteral",
      "offset": 249,
      "length": 14,
      "value": "\"access_token\""
    },
    {
      "filePath": "\/Users\/vagrant\/git\/project\/MWNHSGeneralPlugin\/MWNHSGeneralPlugin\/MWNHSGeneral\/NHSLoginStepViewController.swift",
      "kind": "StringLiteral",
      "offset": 292,
      "length": 15,
      "value": "\"refresh_token\""
    },
    {
      "filePath": "\/Users\/vagrant\/git\/project\/MWNHSGeneralPlugin\/MWNHSGeneralPlugin\/MWNHSGeneral\/NHSLoginStepViewController.swift",
      "kind": "StringLiteral",
      "offset": 333,
      "length": 12,
      "value": "\"expires_in\""
    },
    {
      "filePath": "\/Users\/vagrant\/git\/project\/MWNHSGeneralPlugin\/MWNHSGeneralPlugin\/MWNHSGeneral\/NHSLoginStepViewController.swift",
      "kind": "Dictionary",
      "offset": 650,
      "length": 3,
      "value": "[]"
    }
  ]
}