{
  "ABIRoot": {
    "kind": "Root",
    "name": "TopLevel",
    "printedName": "TopLevel",
    "children": [
      {
        "kind": "Import",
        "name": "Foundation",
        "printedName": "Foundation",
        "declKind": "Import",
        "moduleName": "MWContractsPlugin",
        "declAttributes": [
          "RawDocComment"
        ]
      },
      {
        "kind": "Import",
        "name": "Foundation",
        "printedName": "Foundation",
        "declKind": "Import",
        "moduleName": "MWContractsPlugin",
        "declAttributes": [
          "RawDocComment"
        ]
      },
      {
        "kind": "Import",
        "name": "UIKit",
        "printedName": "UIKit",
        "declKind": "Import",
        "moduleName": "MWContractsPlugin"
      },
      {
        "kind": "Import",
        "name": "MobileWorkflowCore",
        "printedName": "MobileWorkflowCore",
        "declKind": "Import",
        "moduleName": "MWContractsPlugin"
      },
      {
        "kind": "Import",
        "name": "UIKit",
        "printedName": "UIKit",
        "declKind": "Import",
        "moduleName": "MWContractsPlugin",
        "declAttributes": [
          "RawDocComment"
        ]
      },
      {
        "kind": "Import",
        "name": "PDFKit",
        "printedName": "PDFKit",
        "declKind": "Import",
        "moduleName": "MWContractsPlugin"
      },
      {
        "kind": "Import",
        "name": "Combine",
        "printedName": "Combine",
        "declKind": "Import",
        "moduleName": "MWContractsPlugin"
      },
      {
        "kind": "Import",
        "name": "MobileWorkflowCore",
        "printedName": "MobileWorkflowCore",
        "declKind": "Import",
        "moduleName": "MWContractsPlugin"
      },
      {
        "kind": "Import",
        "name": "MobileWorkflowCore",
        "printedName": "MobileWorkflowCore",
        "declKind": "Import",
        "moduleName": "MWContractsPlugin",
        "declAttributes": [
          "RawDocComment"
        ]
      },
      {
        "kind": "TypeDecl",
        "name": "MWContractsPluginStruct",
        "printedName": "MWContractsPluginStruct",
        "children": [
          {
            "kind": "Var",
            "name": "allStepsTypes",
            "printedName": "allStepsTypes",
            "children": [
              {
                "kind": "TypeNominal",
                "name": "Array",
                "printedName": "[MobileWorkflowCore.StepType]",
                "children": [
                  {
                    "kind": "TypeNominal",
                    "name": "StepType",
                    "printedName": "MobileWorkflowCore.StepType",
                    "usr": "s:18MobileWorkflowCore8StepTypeP"
                  }
                ],
                "usr": "s:Sa"
              }
            ],
            "declKind": "Var",
            "usr": "s:17MWContractsPlugin0aB6StructV13allStepsTypesSay18MobileWorkflowCore8StepType_pGvpZ",
            "mangledName": "$s17MWContractsPlugin0aB6StructV13allStepsTypesSay18MobileWorkflowCore8StepType_pGvpZ",
            "moduleName": "MWContractsPlugin",
            "static": true,
            "declAttributes": [
              "AccessControl"
            ],
            "accessors": [
              {
                "kind": "Accessor",
                "name": "Get",
                "printedName": "Get()",
                "children": [
                  {
                    "kind": "TypeNominal",
                    "name": "Array",
                    "printedName": "[MobileWorkflowCore.StepType]",
                    "children": [
                      {
                        "kind": "TypeNominal",
                        "name": "StepType",
                        "printedName": "MobileWorkflowCore.StepType",
                        "usr": "s:18MobileWorkflowCore8StepTypeP"
                      }
                    ],
                    "usr": "s:Sa"
                  }
                ],
                "declKind": "Accessor",
                "usr": "s:17MWContractsPlugin0aB6StructV13allStepsTypesSay18MobileWorkflowCore8StepType_pGvgZ",
                "mangledName": "$s17MWContractsPlugin0aB6StructV13allStepsTypesSay18MobileWorkflowCore8StepType_pGvgZ",
                "moduleName": "MWContractsPlugin",
                "static": true,
                "accessorKind": "get"
              }
            ]
          }
        ],
        "declKind": "Struct",
        "usr": "s:17MWContractsPlugin0aB6StructV",
        "mangledName": "$s17MWContractsPlugin0aB6StructV",
        "moduleName": "MWContractsPlugin",
        "declAttributes": [
          "AccessControl"
        ],
        "conformances": [
          {
            "kind": "Conformance",
            "name": "Plugin",
            "printedName": "Plugin",
            "usr": "s:18MobileWorkflowCore6PluginP",
            "mangledName": "$s18MobileWorkflowCore6PluginP"
          }
        ]
      },
      {
        "kind": "TypeDecl",
        "name": "MWContractsStepType",
        "printedName": "MWContractsStepType",
        "children": [
          {
            "kind": "Var",
            "name": "signature",
            "printedName": "signature",
            "children": [
              {
                "kind": "TypeFunc",
                "name": "Function",
                "printedName": "(MWContractsPlugin.MWContractsStepType.Type) -> MWContractsPlugin.MWContractsStepType",
                "children": [
                  {
                    "kind": "TypeNominal",
                    "name": "MWContractsStepType",
                    "printedName": "MWContractsPlugin.MWContractsStepType",
                    "usr": "s:17MWContractsPlugin0A8StepTypeO"
                  },
                  {
                    "kind": "TypeNominal",
                    "name": "Metatype",
                    "printedName": "MWContractsPlugin.MWContractsStepType.Type",
                    "children": [
                      {
                        "kind": "TypeNominal",
                        "name": "MWContractsStepType",
                        "printedName": "MWContractsPlugin.MWContractsStepType",
                        "usr": "s:17MWContractsPlugin0A8StepTypeO"
                      }
                    ]
                  }
                ]
              }
            ],
            "declKind": "EnumElement",
            "usr": "s:17MWContractsPlugin0A8StepTypeO9signatureyA2CmF",
            "mangledName": "$s17MWContractsPlugin0A8StepTypeO9signatureyA2CmF",
            "moduleName": "MWContractsPlugin"
          },
          {
            "kind": "Var",
            "name": "pdfOverlay",
            "printedName": "pdfOverlay",
            "children": [
              {
                "kind": "TypeFunc",
                "name": "Function",
                "printedName": "(MWContractsPlugin.MWContractsStepType.Type) -> MWContractsPlugin.MWContractsStepType",
                "children": [
                  {
                    "kind": "TypeNominal",
                    "name": "MWContractsStepType",
                    "printedName": "MWContractsPlugin.MWContractsStepType",
                    "usr": "s:17MWContractsPlugin0A8StepTypeO"
                  },
                  {
                    "kind": "TypeNominal",
                    "name": "Metatype",
                    "printedName": "MWContractsPlugin.MWContractsStepType.Type",
                    "children": [
                      {
                        "kind": "TypeNominal",
                        "name": "MWContractsStepType",
                        "printedName": "MWContractsPlugin.MWContractsStepType",
                        "usr": "s:17MWContractsPlugin0A8StepTypeO"
                      }
                    ]
                  }
                ]
              }
            ],
            "declKind": "EnumElement",
            "usr": "s:17MWContractsPlugin0A8StepTypeO10pdfOverlayyA2CmF",
            "mangledName": "$s17MWContractsPlugin0A8StepTypeO10pdfOverlayyA2CmF",
            "moduleName": "MWContractsPlugin"
          },
          {
            "kind": "Var",
            "name": "typeName",
            "printedName": "typeName",
            "children": [
              {
                "kind": "TypeNominal",
                "name": "String",
                "printedName": "Swift.String",
                "usr": "s:SS"
              }
            ],
            "declKind": "Var",
            "usr": "s:17MWContractsPlugin0A8StepTypeO8typeNameSSvp",
            "mangledName": "$s17MWContractsPlugin0A8StepTypeO8typeNameSSvp",
            "moduleName": "MWContractsPlugin",
            "declAttributes": [
              "AccessControl"
            ],
            "accessors": [
              {
                "kind": "Accessor",
                "name": "Get",
                "printedName": "Get()",
                "children": [
                  {
                    "kind": "TypeNominal",
                    "name": "String",
                    "printedName": "Swift.String",
                    "usr": "s:SS"
                  }
                ],
                "declKind": "Accessor",
                "usr": "s:17MWContractsPlugin0A8StepTypeO8typeNameSSvg",
                "mangledName": "$s17MWContractsPlugin0A8StepTypeO8typeNameSSvg",
                "moduleName": "MWContractsPlugin",
                "accessorKind": "get"
              }
            ]
          },
          {
            "kind": "Var",
            "name": "stepClass",
            "printedName": "stepClass",
            "children": [
              {
                "kind": "TypeNominal",
                "name": "ExistentialMetatype",
                "printedName": "MobileWorkflowCore.BuildableStep.Type",
                "children": [
                  {
                    "kind": "TypeNominal",
                    "name": "BuildableStep",
                    "printedName": "MobileWorkflowCore.BuildableStep",
                    "usr": "s:18MobileWorkflowCore13BuildableStepP"
                  }
                ]
              }
            ],
            "declKind": "Var",
            "usr": "s:17MWContractsPlugin0A8StepTypeO9stepClass18MobileWorkflowCore09BuildableC0_pXpvp",
            "mangledName": "$s17MWContractsPlugin0A8StepTypeO9stepClass18MobileWorkflowCore09BuildableC0_pXpvp",
            "moduleName": "MWContractsPlugin",
            "declAttributes": [
              "AccessControl"
            ],
            "accessors": [
              {
                "kind": "Accessor",
                "name": "Get",
                "printedName": "Get()",
                "children": [
                  {
                    "kind": "TypeNominal",
                    "name": "ExistentialMetatype",
                    "printedName": "MobileWorkflowCore.BuildableStep.Type",
                    "children": [
                      {
                        "kind": "TypeNominal",
                        "name": "BuildableStep",
                        "printedName": "MobileWorkflowCore.BuildableStep",
                        "usr": "s:18MobileWorkflowCore13BuildableStepP"
                      }
                    ]
                  }
                ],
                "declKind": "Accessor",
                "usr": "s:17MWContractsPlugin0A8StepTypeO9stepClass18MobileWorkflowCore09BuildableC0_pXpvg",
                "mangledName": "$s17MWContractsPlugin0A8StepTypeO9stepClass18MobileWorkflowCore09BuildableC0_pXpvg",
                "moduleName": "MWContractsPlugin",
                "accessorKind": "get"
              }
            ]
          },
          {
            "kind": "Constructor",
            "name": "init",
            "printedName": "init(rawValue:)",
            "children": [
              {
                "kind": "TypeNominal",
                "name": "Optional",
                "printedName": "MWContractsPlugin.MWContractsStepType?",
                "children": [
                  {
                    "kind": "TypeNominal",
                    "name": "MWContractsStepType",
                    "printedName": "MWContractsPlugin.MWContractsStepType",
                    "usr": "s:17MWContractsPlugin0A8StepTypeO"
                  }
                ],
                "usr": "s:Sq"
              },
              {
                "kind": "TypeNominal",
                "name": "String",
                "printedName": "Swift.String",
                "usr": "s:SS"
              }
            ],
            "declKind": "Constructor",
            "usr": "s:17MWContractsPlugin0A8StepTypeO8rawValueACSgSS_tcfc",
            "mangledName": "$s17MWContractsPlugin0A8StepTypeO8rawValueACSgSS_tcfc",
            "moduleName": "MWContractsPlugin",
            "implicit": true,
            "init_kind": "Designated"
          },
          {
            "kind": "Var",
            "name": "rawValue",
            "printedName": "rawValue",
            "children": [
              {
                "kind": "TypeNominal",
                "name": "String",
                "printedName": "Swift.String",
                "usr": "s:SS"
              }
            ],
            "declKind": "Var",
            "usr": "s:17MWContractsPlugin0A8StepTypeO8rawValueSSvp",
            "mangledName": "$s17MWContractsPlugin0A8StepTypeO8rawValueSSvp",
            "moduleName": "MWContractsPlugin",
            "implicit": true,
            "accessors": [
              {
                "kind": "Accessor",
                "name": "Get",
                "printedName": "Get()",
                "children": [
                  {
                    "kind": "TypeNominal",
                    "name": "String",
                    "printedName": "Swift.String",
                    "usr": "s:SS"
                  }
                ],
                "declKind": "Accessor",
                "usr": "s:17MWContractsPlugin0A8StepTypeO8rawValueSSvg",
                "mangledName": "$s17MWContractsPlugin0A8StepTypeO8rawValueSSvg",
                "moduleName": "MWContractsPlugin",
                "implicit": true,
                "accessorKind": "get"
              }
            ]
          },
          {
            "kind": "Var",
            "name": "allCases",
            "printedName": "allCases",
            "children": [
              {
                "kind": "TypeNominal",
                "name": "Array",
                "printedName": "[MWContractsPlugin.MWContractsStepType]",
                "children": [
                  {
                    "kind": "TypeNominal",
                    "name": "MWContractsStepType",
                    "printedName": "MWContractsPlugin.MWContractsStepType",
                    "usr": "s:17MWContractsPlugin0A8StepTypeO"
                  }
                ],
                "usr": "s:Sa"
              }
            ],
            "declKind": "Var",
            "usr": "s:17MWContractsPlugin0A8StepTypeO8allCasesSayACGvpZ",
            "mangledName": "$s17MWContractsPlugin0A8StepTypeO8allCasesSayACGvpZ",
            "moduleName": "MWContractsPlugin",
            "static": true,
            "implicit": true,
            "accessors": [
              {
                "kind": "Accessor",
                "name": "Get",
                "printedName": "Get()",
                "children": [
                  {
                    "kind": "TypeNominal",
                    "name": "Array",
                    "printedName": "[MWContractsPlugin.MWContractsStepType]",
                    "children": [
                      {
                        "kind": "TypeNominal",
                        "name": "MWContractsStepType",
                        "printedName": "MWContractsPlugin.MWContractsStepType",
                        "usr": "s:17MWContractsPlugin0A8StepTypeO"
                      }
                    ],
                    "usr": "s:Sa"
                  }
                ],
                "declKind": "Accessor",
                "usr": "s:17MWContractsPlugin0A8StepTypeO8allCasesSayACGvgZ",
                "mangledName": "$s17MWContractsPlugin0A8StepTypeO8allCasesSayACGvgZ",
                "moduleName": "MWContractsPlugin",
                "static": true,
                "implicit": true,
                "accessorKind": "get"
              }
            ]
          }
        ],
        "declKind": "Enum",
        "usr": "s:17MWContractsPlugin0A8StepTypeO",
        "mangledName": "$s17MWContractsPlugin0A8StepTypeO",
        "moduleName": "MWContractsPlugin",
        "declAttributes": [
          "AccessControl"
        ],
        "enumRawTypeName": "String",
        "conformances": [
          {
            "kind": "Conformance",
            "name": "Equatable",
            "printedName": "Equatable",
            "usr": "s:SQ",
            "mangledName": "$sSQ"
          },
          {
            "kind": "Conformance",
            "name": "Hashable",
            "printedName": "Hashable",
            "usr": "s:SH",
            "mangledName": "$sSH"
          },
          {
            "kind": "Conformance",
            "name": "RawRepresentable",
            "printedName": "RawRepresentable",
            "children": [
              {
                "kind": "TypeWitness",
                "name": "RawValue",
                "printedName": "RawValue",
                "children": [
                  {
                    "kind": "TypeNominal",
                    "name": "String",
                    "printedName": "Swift.String",
                    "usr": "s:SS"
                  }
                ]
              }
            ],
            "usr": "s:SY",
            "mangledName": "$sSY"
          },
          {
            "kind": "Conformance",
            "name": "CaseIterable",
            "printedName": "CaseIterable",
            "children": [
              {
                "kind": "TypeWitness",
                "name": "AllCases",
                "printedName": "AllCases",
                "children": [
                  {
                    "kind": "TypeNominal",
                    "name": "Array",
                    "printedName": "[MWContractsPlugin.MWContractsStepType]",
                    "children": [
                      {
                        "kind": "TypeNominal",
                        "name": "MWContractsStepType",
                        "printedName": "MWContractsPlugin.MWContractsStepType",
                        "usr": "s:17MWContractsPlugin0A8StepTypeO"
                      }
                    ],
                    "usr": "s:Sa"
                  }
                ]
              }
            ],
            "usr": "s:s12CaseIterableP",
            "mangledName": "$ss12CaseIterableP"
          },
          {
            "kind": "Conformance",
            "name": "StepType",
            "printedName": "StepType",
            "usr": "s:18MobileWorkflowCore8StepTypeP",
            "mangledName": "$s18MobileWorkflowCore8StepTypeP"
          },
          {
            "kind": "Conformance",
            "name": "NamedType",
            "printedName": "NamedType",
            "usr": "s:18MobileWorkflowCore9NamedTypeP",
            "mangledName": "$s18MobileWorkflowCore9NamedTypeP"
          }
        ]
      },
      {
        "kind": "Import",
        "name": "UIKit",
        "printedName": "UIKit",
        "declKind": "Import",
        "moduleName": "MWContractsPlugin",
        "declAttributes": [
          "RawDocComment"
        ]
      },
      {
        "kind": "Import",
        "name": "UIKit",
        "printedName": "UIKit",
        "declKind": "Import",
        "moduleName": "MWContractsPlugin",
        "declAttributes": [
          "RawDocComment"
        ]
      },
      {
        "kind": "Import",
        "name": "Foundation",
        "printedName": "Foundation",
        "declKind": "Import",
        "moduleName": "MWContractsPlugin",
        "declAttributes": [
          "RawDocComment"
        ]
      },
      {
        "kind": "Import",
        "name": "Foundation",
        "printedName": "Foundation",
        "declKind": "Import",
        "moduleName": "MWContractsPlugin",
        "declAttributes": [
          "RawDocComment"
        ]
      },
      {
        "kind": "Import",
        "name": "UIKit",
        "printedName": "UIKit",
        "declKind": "Import",
        "moduleName": "MWContractsPlugin"
      },
      {
        "kind": "Import",
        "name": "MobileWorkflowCore",
        "printedName": "MobileWorkflowCore",
        "declKind": "Import",
        "moduleName": "MWContractsPlugin"
      },
      {
        "kind": "Import",
        "name": "MobileWorkflowCore",
        "printedName": "MobileWorkflowCore",
        "declKind": "Import",
        "moduleName": "MWContractsPlugin",
        "declAttributes": [
          "RawDocComment"
        ]
      },
      {
        "kind": "Import",
        "name": "UIKit",
        "printedName": "UIKit",
        "declKind": "Import",
        "moduleName": "MWContractsPlugin",
        "declAttributes": [
          "RawDocComment"
        ]
      },
      {
        "kind": "Import",
        "name": "MobileWorkflowCore",
        "printedName": "MobileWorkflowCore",
        "declKind": "Import",
        "moduleName": "MWContractsPlugin"
      },
      {
        "kind": "Import",
        "name": "MobileWorkflowCore",
        "printedName": "MobileWorkflowCore",
        "declKind": "Import",
        "moduleName": "MWContractsPlugin",
        "declAttributes": [
          "RawDocComment"
        ]
      },
      {
        "kind": "Import",
        "name": "UIKit",
        "printedName": "UIKit",
        "declKind": "Import",
        "moduleName": "MWContractsPlugin"
      }
    ],
    "json_format_version": 8
  },
  "ConstValues": [
    {
      "filePath": "\/Users\/vagrant\/git\/project\/MWContractsPlugin\/MWContractsPlugin\/L10n.swift",
      "kind": "StringLiteral",
      "offset": 165,
      "length": 13,
      "value": "\"Localizable\""
    },
    {
      "filePath": "\/Users\/vagrant\/git\/project\/MWContractsPlugin\/MWContractsPlugin\/L10n.swift",
      "kind": "StringLiteral",
      "offset": 546,
      "length": 34,
      "value": "\"pdfOverlayStep.unableToSaveError\""
    },
    {
      "filePath": "\/Users\/vagrant\/git\/project\/MWContractsPlugin\/MWContractsPlugin\/L10n.swift",
      "kind": "StringLiteral",
      "offset": 652,
      "length": 39,
      "value": "\"pdfOverlayStep.pageForOverlayNotFound\""
    },
    {
      "filePath": "\/Users\/vagrant\/git\/project\/MWContractsPlugin\/MWContractsPlugin\/L10n.swift",
      "kind": "StringLiteral",
      "offset": 761,
      "length": 37,
      "value": "\"pdfOverlayStep.unableToAddSignature\""
    },
    {
      "filePath": "\/Users\/vagrant\/git\/project\/MWContractsPlugin\/MWContractsPlugin\/L10n.swift",
      "kind": "StringLiteral",
      "offset": 895,
      "length": 27,
      "value": "\"signatureStep.defaultText\""
    },
    {
      "filePath": "\/Users\/vagrant\/git\/project\/MWContractsPlugin\/MWContractsPlugin\/L10n.swift",
      "kind": "StringLiteral",
      "offset": 987,
      "length": 31,
      "value": "\"signatureStep.nextButtonTitle\""
    },
    {
      "filePath": "\/Users\/vagrant\/git\/project\/MWContractsPlugin\/MWContractsPlugin\/L10n.swift",
      "kind": "StringLiteral",
      "offset": 1084,
      "length": 32,
      "value": "\"signatureStep.clearButtonTitle\""
    },
    {
      "filePath": "\/Users\/vagrant\/git\/project\/MWContractsPlugin\/MWContractsPlugin\/L10n.swift",
      "kind": "StringLiteral",
      "offset": 1183,
      "length": 33,
      "value": "\"signatureStep.noOutputDirectory\""
    },
    {
      "filePath": "\/Users\/vagrant\/git\/project\/MWContractsPlugin\/MWContractsPlugin\/L10n.swift",
      "kind": "StringLiteral",
      "offset": 1281,
      "length": 31,
      "value": "\"signatureStep.cannotWriteFile\""
    },
    {
      "filePath": "\/Users\/vagrant\/git\/project\/MWContractsPlugin\/MWContractsPlugin\/Overlay Step\/MWPDFOverlayStep.swift",
      "kind": "StringLiteral",
      "offset": 554,
      "length": 16,
      "value": "\"MWContractsPlugin.MWPDFOverlayStep\""
    },
    {
      "filePath": "\/Users\/vagrant\/git\/project\/MWContractsPlugin\/MWContractsPlugin\/Signature Step\/MWSignatureView.swift",
      "kind": "FloatLiteral",
      "offset": 162,
      "length": 3,
      "value": "0.7"
    },
    {
      "filePath": "\/Users\/vagrant\/git\/project\/MWContractsPlugin\/MWContractsPlugin\/Signature Step\/MWSignatureView.swift",
      "kind": "IntegerLiteral",
      "offset": 207,
      "length": 1,
      "value": "5"
    },
    {
      "filePath": "\/Users\/vagrant\/git\/project\/MWContractsPlugin\/MWContractsPlugin\/Signature Step\/MWSignatureView.swift",
      "kind": "IntegerLiteral",
      "offset": 334,
      "length": 1,
      "value": "1"
    },
    {
      "filePath": "\/Users\/vagrant\/git\/project\/MWContractsPlugin\/MWContractsPlugin\/Signature Step\/MWSignatureView.swift",
      "kind": "IntegerLiteral",
      "offset": 386,
      "length": 1,
      "value": "3"
    },
    {
      "filePath": "\/Users\/vagrant\/git\/project\/MWContractsPlugin\/MWContractsPlugin\/Signature Step\/MWSignatureView.swift",
      "kind": "IntegerLiteral",
      "offset": 441,
      "length": 1,
      "value": "9"
    },
    {
      "filePath": "\/Users\/vagrant\/git\/project\/MWContractsPlugin\/MWContractsPlugin\/Signature Step\/MWSignatureView.swift",
      "kind": "FloatLiteral",
      "offset": 486,
      "length": 4,
      "value": "0.25"
    },
    {
      "filePath": "\/Users\/vagrant\/git\/project\/MWContractsPlugin\/MWContractsPlugin\/Signature Step\/MWSignatureView.swift",
      "kind": "BooleanLiteral",
      "offset": 828,
      "length": 4,
      "value": "true"
    },
    {
      "filePath": "\/Users\/vagrant\/git\/project\/MWContractsPlugin\/MWContractsPlugin\/Signature Step\/MWSignatureView.swift",
      "kind": "IntegerLiteral",
      "offset": 1751,
      "length": 1,
      "value": "0"
    },
    {
      "filePath": "\/Users\/vagrant\/git\/project\/MWContractsPlugin\/MWContractsPlugin\/Signature Step\/MWSignatureView.swift",
      "kind": "IntegerLiteral",
      "offset": 1954,
      "length": 1,
      "value": "0"
    },
    {
      "filePath": "\/Users\/vagrant\/git\/project\/MWContractsPlugin\/MWContractsPlugin\/Signature Step\/MWSignatureView.swift",
      "kind": "Array",
      "offset": 2080,
      "length": 2,
      "value": "[]"
    },
    {
      "filePath": "\/Users\/vagrant\/git\/project\/MWContractsPlugin\/MWContractsPlugin\/Signature Step\/MWSignatureView.swift",
      "kind": "IntegerLiteral",
      "offset": 2303,
      "length": 1,
      "value": "0"
    },
    {
      "filePath": "\/Users\/vagrant\/git\/project\/MWContractsPlugin\/MWContractsPlugin\/Signature Step\/MWSignatureView.swift",
      "kind": "BooleanLiteral",
      "offset": 2645,
      "length": 4,
      "value": "true"
    },
    {
      "filePath": "\/Users\/vagrant\/git\/project\/MWContractsPlugin\/MWContractsPlugin\/Signature Step\/MWSignatureGestureRecognizer.swift",
      "kind": "FloatLiteral",
      "offset": 183,
      "length": 3,
      "value": "2.0"
    },
    {
      "filePath": "\/Users\/vagrant\/git\/project\/MWContractsPlugin\/MWContractsPlugin\/Signature Step\/MWContractSignatureStep.swift",
      "kind": "StringLiteral",
      "offset": 142,
      "length": 23,
      "value": "\"MWContractsPlugin.MWContractSignatureStep\""
    },
    {
      "filePath": "\/Users\/vagrant\/git\/project\/MWContractsPlugin\/MWContractsPlugin\/Signature Step\/MWSignatureWrapperView.swift",
      "kind": "FloatLiteral",
      "offset": 190,
      "length": 4,
      "value": "16.0"
    },
    {
      "filePath": "\/Users\/vagrant\/git\/project\/MWContractsPlugin\/MWContractsPlugin\/Signature Step\/MWSignatureWrapperView.swift",
      "kind": "FloatLiteral",
      "offset": 235,
      "length": 4,
      "value": "20.0"
    },
    {
      "filePath": "\/Users\/vagrant\/git\/project\/MWContractsPlugin\/MWContractsPlugin\/Signature Step\/MWSignatureWrapperView.swift",
      "kind": "FloatLiteral",
      "offset": 284,
      "length": 5,
      "value": "200.0"
    },
    {
      "filePath": "\/Users\/vagrant\/git\/project\/MWContractsPlugin\/MWContractsPlugin\/Signature Step\/MWSignatureWrapperView.swift",
      "kind": "FloatLiteral",
      "offset": 333,
      "length": 3,
      "value": "8.0"
    },
    {
      "filePath": "\/Users\/vagrant\/git\/project\/MWContractsPlugin\/MWContractsPlugin\/Signature Step\/MWSignatureWrapperView.swift",
      "kind": "FloatLiteral",
      "offset": 373,
      "length": 4,
      "value": "10.0"
    },
    {
      "filePath": "\/Users\/vagrant\/git\/project\/MWContractsPlugin\/MWContractsPlugin\/Signature Step\/MWSignatureWrapperView.swift",
      "kind": "BooleanLiteral",
      "offset": 563,
      "length": 4,
      "value": "true"
    },
    {
      "filePath": "\/Users\/vagrant\/git\/project\/MWContractsPlugin\/MWContractsPlugin\/Signature Step\/MWSignatureWrapperView.swift",
      "kind": "BooleanLiteral",
      "offset": 634,
      "length": 5,
      "value": "false"
    },
    {
      "filePath": "\/Users\/vagrant\/git\/project\/MWContractsPlugin\/MWContractsPlugin\/Signature Step\/MWSignatureWrapperView.swift",
      "kind": "IntegerLiteral",
      "offset": 955,
      "length": 1,
      "value": "0"
    },
    {
      "filePath": "\/Users\/vagrant\/git\/project\/MWContractsPlugin\/MWContractsPlugin\/Signature Step\/MWSignatureWrapperView.swift",
      "kind": "BooleanLiteral",
      "offset": 1173,
      "length": 5,
      "value": "false"
    },
    {
      "filePath": "\/Users\/vagrant\/git\/project\/MWContractsPlugin\/MWContractsPlugin\/Signature Step\/MWSignatureWrapperView.swift",
      "kind": "IntegerLiteral",
      "offset": 1388,
      "length": 2,
      "value": "12"
    },
    {
      "filePath": "\/Users\/vagrant\/git\/project\/MWContractsPlugin\/MWContractsPlugin\/Signature Step\/MWSignatureWrapperView.swift",
      "kind": "IntegerLiteral",
      "offset": 1398,
      "length": 2,
      "value": "10"
    },
    {
      "filePath": "\/Users\/vagrant\/git\/project\/MWContractsPlugin\/MWContractsPlugin\/Signature Step\/MWSignatureWrapperView.swift",
      "kind": "IntegerLiteral",
      "offset": 1410,
      "length": 1,
      "value": "8"
    },
    {
      "filePath": "\/Users\/vagrant\/git\/project\/MWContractsPlugin\/MWContractsPlugin\/Signature Step\/MWSignatureWrapperView.swift",
      "kind": "IntegerLiteral",
      "offset": 1420,
      "length": 2,
      "value": "10"
    },
    {
      "filePath": "\/Users\/vagrant\/git\/project\/MWContractsPlugin\/MWContractsPlugin\/Signature Step\/MWSignatureWrapperView.swift",
      "kind": "BooleanLiteral",
      "offset": 1463,
      "length": 4,
      "value": "true"
    },
    {
      "filePath": "\/Users\/vagrant\/git\/project\/MWContractsPlugin\/MWContractsPlugin\/Signature Step\/MWSignatureWrapperView.swift",
      "kind": "BooleanLiteral",
      "offset": 1612,
      "length": 5,
      "value": "false"
    },
    {
      "filePath": "\/Users\/vagrant\/git\/project\/MWContractsPlugin\/MWContractsPlugin\/Signature Step\/MWSignatureWrapperView.swift",
      "kind": "IntegerLiteral",
      "offset": 1646,
      "length": 1,
      "value": "0"
    },
    {
      "filePath": "\/Users\/vagrant\/git\/project\/MWContractsPlugin\/MWContractsPlugin\/Signature Step\/MWSignatureWrapperView.swift",
      "kind": "BooleanLiteral",
      "offset": 1841,
      "length": 5,
      "value": "false"
    },
    {
      "filePath": "\/Users\/vagrant\/git\/project\/MWContractsPlugin\/MWContractsPlugin\/Signature Step\/MWSignatureWrapperView.swift",
      "kind": "BooleanLiteral",
      "offset": 2034,
      "length": 5,
      "value": "false"
    },
    {
      "filePath": "\/Users\/vagrant\/git\/project\/MWContractsPlugin\/MWContractsPlugin\/Signature Step\/MWSignatureWrapperView.swift",
      "kind": "BooleanLiteral",
      "offset": 2170,
      "length": 4,
      "value": "true"
    },
    {
      "filePath": "\/Users\/vagrant\/git\/project\/MWContractsPlugin\/MWContractsPlugin\/Signature Step\/MWSignatureWrapperView.swift",
      "kind": "BooleanLiteral",
      "offset": 2532,
      "length": 5,
      "value": "false"
    },
    {
      "filePath": "\/Users\/vagrant\/git\/project\/MWContractsPlugin\/MWContractsPlugin\/Signature Step\/MWSignatureWrapperView.swift",
      "kind": "BooleanLiteral",
      "offset": 2628,
      "length": 4,
      "value": "true"
    },
    {
      "filePath": "\/Users\/vagrant\/git\/project\/MWContractsPlugin\/MWContractsPlugin\/Signature Step\/MWSignatureWrapperView.swift",
      "kind": "IntegerLiteral",
      "offset": 2689,
      "length": 1,
      "value": "0"
    },
    {
      "filePath": "\/Users\/vagrant\/git\/project\/MWContractsPlugin\/MWContractsPlugin\/Signature Step\/MWSignatureWrapperView.swift",
      "kind": "IntegerLiteral",
      "offset": 2729,
      "length": 1,
      "value": "0"
    },
    {
      "filePath": "\/Users\/vagrant\/git\/project\/MWContractsPlugin\/MWContractsPlugin\/Signature Step\/MWSignatureWrapperView.swift",
      "kind": "FloatLiteral",
      "offset": 2921,
      "length": 3,
      "value": "1.0"
    },
    {
      "filePath": "\/Users\/vagrant\/git\/project\/MWContractsPlugin\/MWContractsPlugin\/Signature Step\/MWSignatureWrapperView.swift",
      "kind": "IntegerLiteral",
      "offset": 2927,
      "length": 1,
      "value": "0"
    },
    {
      "filePath": "\/Users\/vagrant\/git\/project\/MWContractsPlugin\/MWContractsPlugin\/Signature Step\/MWSignatureWrapperView.swift",
      "kind": "BooleanLiteral",
      "offset": 2835,
      "length": 4,
      "value": "true"
    },
    {
      "filePath": "\/Users\/vagrant\/git\/project\/MWContractsPlugin\/MWContractsPlugin\/Signature Step\/MWSignatureWrapperView.swift",
      "kind": "StringLiteral",
      "offset": 391,
      "length": 22,
      "value": "\"MWContractsPlugin.MWSignatureWrapperView\""
    },
    {
      "filePath": "\/Users\/vagrant\/git\/project\/MWContractsPlugin\/MWContractsPlugin\/Signature Step\/MWContractSignatureStepViewController.swift",
      "kind": "Array",
      "offset": 377,
      "length": 2,
      "value": "[]"
    },
    {
      "filePath": "\/Users\/vagrant\/git\/project\/MWContractsPlugin\/MWContractsPlugin\/Signature Step\/MWContractSignatureStepViewController.swift",
      "kind": "StringLiteral",
      "offset": 169,
      "length": 29,
      "value": "\"MWContractsPlugin.MWSignatureStepViewController\""
    }
  ]
}