{
  "ABIRoot": {
    "kind": "Root",
    "name": "TopLevel",
    "printedName": "TopLevel",
    "children": [
      {
        "kind": "Import",
        "name": "MobileWorkflowCore",
        "printedName": "MobileWorkflowCore",
        "declKind": "Import",
        "moduleName": "MWQuizSummaryPlugin",
        "declAttributes": [
          "RawDocComment"
        ]
      },
      {
        "kind": "Import",
        "name": "MobileWorkflowCore",
        "printedName": "MobileWorkflowCore",
        "declKind": "Import",
        "moduleName": "MWQuizSummaryPlugin",
        "declAttributes": [
          "RawDocComment"
        ]
      },
      {
        "kind": "TypeDecl",
        "name": "MWQuizSummaryPluginStruct",
        "printedName": "MWQuizSummaryPluginStruct",
        "children": [
          {
            "kind": "Var",
            "name": "allStepsTypes",
            "printedName": "allStepsTypes",
            "children": [
              {
                "kind": "TypeNominal",
                "name": "Array",
                "printedName": "[MobileWorkflowCore.StepType]",
                "children": [
                  {
                    "kind": "TypeNominal",
                    "name": "StepType",
                    "printedName": "MobileWorkflowCore.StepType",
                    "usr": "s:18MobileWorkflowCore8StepTypeP"
                  }
                ],
                "usr": "s:Sa"
              }
            ],
            "declKind": "Var",
            "usr": "s:19MWQuizSummaryPlugin0abC6StructV13allStepsTypesSay18MobileWorkflowCore8StepType_pGvpZ",
            "mangledName": "$s19MWQuizSummaryPlugin0abC6StructV13allStepsTypesSay18MobileWorkflowCore8StepType_pGvpZ",
            "moduleName": "MWQuizSummaryPlugin",
            "static": true,
            "declAttributes": [
              "AccessControl"
            ],
            "accessors": [
              {
                "kind": "Accessor",
                "name": "Get",
                "printedName": "Get()",
                "children": [
                  {
                    "kind": "TypeNominal",
                    "name": "Array",
                    "printedName": "[MobileWorkflowCore.StepType]",
                    "children": [
                      {
                        "kind": "TypeNominal",
                        "name": "StepType",
                        "printedName": "MobileWorkflowCore.StepType",
                        "usr": "s:18MobileWorkflowCore8StepTypeP"
                      }
                    ],
                    "usr": "s:Sa"
                  }
                ],
                "declKind": "Accessor",
                "usr": "s:19MWQuizSummaryPlugin0abC6StructV13allStepsTypesSay18MobileWorkflowCore8StepType_pGvgZ",
                "mangledName": "$s19MWQuizSummaryPlugin0abC6StructV13allStepsTypesSay18MobileWorkflowCore8StepType_pGvgZ",
                "moduleName": "MWQuizSummaryPlugin",
                "static": true,
                "accessorKind": "get"
              }
            ]
          }
        ],
        "declKind": "Struct",
        "usr": "s:19MWQuizSummaryPlugin0abC6StructV",
        "mangledName": "$s19MWQuizSummaryPlugin0abC6StructV",
        "moduleName": "MWQuizSummaryPlugin",
        "declAttributes": [
          "AccessControl"
        ],
        "conformances": [
          {
            "kind": "Conformance",
            "name": "Plugin",
            "printedName": "Plugin",
            "usr": "s:18MobileWorkflowCore6PluginP",
            "mangledName": "$s18MobileWorkflowCore6PluginP"
          }
        ]
      },
      {
        "kind": "TypeDecl",
        "name": "MWQuizSummaryType",
        "printedName": "MWQuizSummaryType",
        "children": [
          {
            "kind": "Var",
            "name": "quiz",
            "printedName": "quiz",
            "children": [
              {
                "kind": "TypeFunc",
                "name": "Function",
                "printedName": "(MWQuizSummaryPlugin.MWQuizSummaryType.Type) -> MWQuizSummaryPlugin.MWQuizSummaryType",
                "children": [
                  {
                    "kind": "TypeNominal",
                    "name": "MWQuizSummaryType",
                    "printedName": "MWQuizSummaryPlugin.MWQuizSummaryType",
                    "usr": "s:19MWQuizSummaryPlugin0aB4TypeO"
                  },
                  {
                    "kind": "TypeNominal",
                    "name": "Metatype",
                    "printedName": "MWQuizSummaryPlugin.MWQuizSummaryType.Type",
                    "children": [
                      {
                        "kind": "TypeNominal",
                        "name": "MWQuizSummaryType",
                        "printedName": "MWQuizSummaryPlugin.MWQuizSummaryType",
                        "usr": "s:19MWQuizSummaryPlugin0aB4TypeO"
                      }
                    ]
                  }
                ]
              }
            ],
            "declKind": "EnumElement",
            "usr": "s:19MWQuizSummaryPlugin0aB4TypeO4quizyA2CmF",
            "mangledName": "$s19MWQuizSummaryPlugin0aB4TypeO4quizyA2CmF",
            "moduleName": "MWQuizSummaryPlugin"
          },
          {
            "kind": "Var",
            "name": "typeName",
            "printedName": "typeName",
            "children": [
              {
                "kind": "TypeNominal",
                "name": "String",
                "printedName": "Swift.String",
                "usr": "s:SS"
              }
            ],
            "declKind": "Var",
            "usr": "s:19MWQuizSummaryPlugin0aB4TypeO8typeNameSSvp",
            "mangledName": "$s19MWQuizSummaryPlugin0aB4TypeO8typeNameSSvp",
            "moduleName": "MWQuizSummaryPlugin",
            "declAttributes": [
              "AccessControl"
            ],
            "accessors": [
              {
                "kind": "Accessor",
                "name": "Get",
                "printedName": "Get()",
                "children": [
                  {
                    "kind": "TypeNominal",
                    "name": "String",
                    "printedName": "Swift.String",
                    "usr": "s:SS"
                  }
                ],
                "declKind": "Accessor",
                "usr": "s:19MWQuizSummaryPlugin0aB4TypeO8typeNameSSvg",
                "mangledName": "$s19MWQuizSummaryPlugin0aB4TypeO8typeNameSSvg",
                "moduleName": "MWQuizSummaryPlugin",
                "accessorKind": "get"
              }
            ]
          },
          {
            "kind": "Var",
            "name": "stepClass",
            "printedName": "stepClass",
            "children": [
              {
                "kind": "TypeNominal",
                "name": "ExistentialMetatype",
                "printedName": "MobileWorkflowCore.BuildableStep.Type",
                "children": [
                  {
                    "kind": "TypeNominal",
                    "name": "BuildableStep",
                    "printedName": "MobileWorkflowCore.BuildableStep",
                    "usr": "s:18MobileWorkflowCore13BuildableStepP"
                  }
                ]
              }
            ],
            "declKind": "Var",
            "usr": "s:19MWQuizSummaryPlugin0aB4TypeO9stepClass18MobileWorkflowCore13BuildableStep_pXpvp",
            "mangledName": "$s19MWQuizSummaryPlugin0aB4TypeO9stepClass18MobileWorkflowCore13BuildableStep_pXpvp",
            "moduleName": "MWQuizSummaryPlugin",
            "declAttributes": [
              "AccessControl"
            ],
            "accessors": [
              {
                "kind": "Accessor",
                "name": "Get",
                "printedName": "Get()",
                "children": [
                  {
                    "kind": "TypeNominal",
                    "name": "ExistentialMetatype",
                    "printedName": "MobileWorkflowCore.BuildableStep.Type",
                    "children": [
                      {
                        "kind": "TypeNominal",
                        "name": "BuildableStep",
                        "printedName": "MobileWorkflowCore.BuildableStep",
                        "usr": "s:18MobileWorkflowCore13BuildableStepP"
                      }
                    ]
                  }
                ],
                "declKind": "Accessor",
                "usr": "s:19MWQuizSummaryPlugin0aB4TypeO9stepClass18MobileWorkflowCore13BuildableStep_pXpvg",
                "mangledName": "$s19MWQuizSummaryPlugin0aB4TypeO9stepClass18MobileWorkflowCore13BuildableStep_pXpvg",
                "moduleName": "MWQuizSummaryPlugin",
                "accessorKind": "get"
              }
            ]
          },
          {
            "kind": "Constructor",
            "name": "init",
            "printedName": "init(rawValue:)",
            "children": [
              {
                "kind": "TypeNominal",
                "name": "Optional",
                "printedName": "MWQuizSummaryPlugin.MWQuizSummaryType?",
                "children": [
                  {
                    "kind": "TypeNominal",
                    "name": "MWQuizSummaryType",
                    "printedName": "MWQuizSummaryPlugin.MWQuizSummaryType",
                    "usr": "s:19MWQuizSummaryPlugin0aB4TypeO"
                  }
                ],
                "usr": "s:Sq"
              },
              {
                "kind": "TypeNominal",
                "name": "String",
                "printedName": "Swift.String",
                "usr": "s:SS"
              }
            ],
            "declKind": "Constructor",
            "usr": "s:19MWQuizSummaryPlugin0aB4TypeO8rawValueACSgSS_tcfc",
            "mangledName": "$s19MWQuizSummaryPlugin0aB4TypeO8rawValueACSgSS_tcfc",
            "moduleName": "MWQuizSummaryPlugin",
            "implicit": true,
            "init_kind": "Designated"
          },
          {
            "kind": "Var",
            "name": "rawValue",
            "printedName": "rawValue",
            "children": [
              {
                "kind": "TypeNominal",
                "name": "String",
                "printedName": "Swift.String",
                "usr": "s:SS"
              }
            ],
            "declKind": "Var",
            "usr": "s:19MWQuizSummaryPlugin0aB4TypeO8rawValueSSvp",
            "mangledName": "$s19MWQuizSummaryPlugin0aB4TypeO8rawValueSSvp",
            "moduleName": "MWQuizSummaryPlugin",
            "implicit": true,
            "accessors": [
              {
                "kind": "Accessor",
                "name": "Get",
                "printedName": "Get()",
                "children": [
                  {
                    "kind": "TypeNominal",
                    "name": "String",
                    "printedName": "Swift.String",
                    "usr": "s:SS"
                  }
                ],
                "declKind": "Accessor",
                "usr": "s:19MWQuizSummaryPlugin0aB4TypeO8rawValueSSvg",
                "mangledName": "$s19MWQuizSummaryPlugin0aB4TypeO8rawValueSSvg",
                "moduleName": "MWQuizSummaryPlugin",
                "implicit": true,
                "accessorKind": "get"
              }
            ]
          },
          {
            "kind": "Var",
            "name": "allCases",
            "printedName": "allCases",
            "children": [
              {
                "kind": "TypeNominal",
                "name": "Array",
                "printedName": "[MWQuizSummaryPlugin.MWQuizSummaryType]",
                "children": [
                  {
                    "kind": "TypeNominal",
                    "name": "MWQuizSummaryType",
                    "printedName": "MWQuizSummaryPlugin.MWQuizSummaryType",
                    "usr": "s:19MWQuizSummaryPlugin0aB4TypeO"
                  }
                ],
                "usr": "s:Sa"
              }
            ],
            "declKind": "Var",
            "usr": "s:19MWQuizSummaryPlugin0aB4TypeO8allCasesSayACGvpZ",
            "mangledName": "$s19MWQuizSummaryPlugin0aB4TypeO8allCasesSayACGvpZ",
            "moduleName": "MWQuizSummaryPlugin",
            "static": true,
            "implicit": true,
            "accessors": [
              {
                "kind": "Accessor",
                "name": "Get",
                "printedName": "Get()",
                "children": [
                  {
                    "kind": "TypeNominal",
                    "name": "Array",
                    "printedName": "[MWQuizSummaryPlugin.MWQuizSummaryType]",
                    "children": [
                      {
                        "kind": "TypeNominal",
                        "name": "MWQuizSummaryType",
                        "printedName": "MWQuizSummaryPlugin.MWQuizSummaryType",
                        "usr": "s:19MWQuizSummaryPlugin0aB4TypeO"
                      }
                    ],
                    "usr": "s:Sa"
                  }
                ],
                "declKind": "Accessor",
                "usr": "s:19MWQuizSummaryPlugin0aB4TypeO8allCasesSayACGvgZ",
                "mangledName": "$s19MWQuizSummaryPlugin0aB4TypeO8allCasesSayACGvgZ",
                "moduleName": "MWQuizSummaryPlugin",
                "static": true,
                "implicit": true,
                "accessorKind": "get"
              }
            ]
          }
        ],
        "declKind": "Enum",
        "usr": "s:19MWQuizSummaryPlugin0aB4TypeO",
        "mangledName": "$s19MWQuizSummaryPlugin0aB4TypeO",
        "moduleName": "MWQuizSummaryPlugin",
        "declAttributes": [
          "AccessControl"
        ],
        "enumRawTypeName": "String",
        "conformances": [
          {
            "kind": "Conformance",
            "name": "Equatable",
            "printedName": "Equatable",
            "usr": "s:SQ",
            "mangledName": "$sSQ"
          },
          {
            "kind": "Conformance",
            "name": "Hashable",
            "printedName": "Hashable",
            "usr": "s:SH",
            "mangledName": "$sSH"
          },
          {
            "kind": "Conformance",
            "name": "RawRepresentable",
            "printedName": "RawRepresentable",
            "children": [
              {
                "kind": "TypeWitness",
                "name": "RawValue",
                "printedName": "RawValue",
                "children": [
                  {
                    "kind": "TypeNominal",
                    "name": "String",
                    "printedName": "Swift.String",
                    "usr": "s:SS"
                  }
                ]
              }
            ],
            "usr": "s:SY",
            "mangledName": "$sSY"
          },
          {
            "kind": "Conformance",
            "name": "CaseIterable",
            "printedName": "CaseIterable",
            "children": [
              {
                "kind": "TypeWitness",
                "name": "AllCases",
                "printedName": "AllCases",
                "children": [
                  {
                    "kind": "TypeNominal",
                    "name": "Array",
                    "printedName": "[MWQuizSummaryPlugin.MWQuizSummaryType]",
                    "children": [
                      {
                        "kind": "TypeNominal",
                        "name": "MWQuizSummaryType",
                        "printedName": "MWQuizSummaryPlugin.MWQuizSummaryType",
                        "usr": "s:19MWQuizSummaryPlugin0aB4TypeO"
                      }
                    ],
                    "usr": "s:Sa"
                  }
                ]
              }
            ],
            "usr": "s:s12CaseIterableP",
            "mangledName": "$ss12CaseIterableP"
          },
          {
            "kind": "Conformance",
            "name": "StepType",
            "printedName": "StepType",
            "usr": "s:18MobileWorkflowCore8StepTypeP",
            "mangledName": "$s18MobileWorkflowCore8StepTypeP"
          },
          {
            "kind": "Conformance",
            "name": "NamedType",
            "printedName": "NamedType",
            "usr": "s:18MobileWorkflowCore9NamedTypeP",
            "mangledName": "$s18MobileWorkflowCore9NamedTypeP"
          }
        ]
      },
      {
        "kind": "Import",
        "name": "MobileWorkflowCore",
        "printedName": "MobileWorkflowCore",
        "declKind": "Import",
        "moduleName": "MWQuizSummaryPlugin",
        "declAttributes": [
          "RawDocComment"
        ]
      },
      {
        "kind": "TypeDecl",
        "name": "MWQuizSummaryStepViewController",
        "printedName": "MWQuizSummaryStepViewController",
        "children": [
          {
            "kind": "Function",
            "name": "viewWillAppear",
            "printedName": "viewWillAppear(_:)",
            "children": [
              {
                "kind": "TypeNominal",
                "name": "Void",
                "printedName": "()"
              },
              {
                "kind": "TypeNominal",
                "name": "Bool",
                "printedName": "Swift.Bool",
                "usr": "s:Sb"
              }
            ],
            "declKind": "Func",
            "usr": "c:@M@MWQuizSummaryPlugin@objc(cs)MWQuizSummaryStepViewController(im)viewWillAppear:",
            "mangledName": "$s19MWQuizSummaryPlugin0aB18StepViewControllerC14viewWillAppearyySbF",
            "moduleName": "MWQuizSummaryPlugin",
            "overriding": true,
            "objc_name": "viewWillAppear:",
            "declAttributes": [
              "Dynamic",
              "ObjC",
              "Custom",
              "Override",
              "AccessControl"
            ],
            "funcSelfKind": "NonMutating"
          },
          {
            "kind": "Constructor",
            "name": "init",
            "printedName": "init(instructionStep:)",
            "children": [
              {
                "kind": "TypeNominal",
                "name": "MWQuizSummaryStepViewController",
                "printedName": "MWQuizSummaryPlugin.MWQuizSummaryStepViewController",
                "usr": "c:@M@MWQuizSummaryPlugin@objc(cs)MWQuizSummaryStepViewController"
              },
              {
                "kind": "TypeNominal",
                "name": "InstructionStep",
                "printedName": "MobileWorkflowCore.InstructionStep",
                "usr": "s:18MobileWorkflowCore15InstructionStepP"
              }
            ],
            "declKind": "Constructor",
            "usr": "s:19MWQuizSummaryPlugin0aB18StepViewControllerC011instructionD0AC18MobileWorkflowCore011InstructionD0_p_tcfc",
            "mangledName": "$s19MWQuizSummaryPlugin0aB18StepViewControllerC011instructionD0AC18MobileWorkflowCore011InstructionD0_p_tcfc",
            "moduleName": "MWQuizSummaryPlugin",
            "overriding": true,
            "implicit": true,
            "declAttributes": [
              "Custom",
              "Override"
            ],
            "init_kind": "Designated"
          },
          {
            "kind": "Constructor",
            "name": "init",
            "printedName": "init(coder:)",
            "children": [
              {
                "kind": "TypeNominal",
                "name": "Optional",
                "printedName": "MWQuizSummaryPlugin.MWQuizSummaryStepViewController?",
                "children": [
                  {
                    "kind": "TypeNominal",
                    "name": "MWQuizSummaryStepViewController",
                    "printedName": "MWQuizSummaryPlugin.MWQuizSummaryStepViewController",
                    "usr": "c:@M@MWQuizSummaryPlugin@objc(cs)MWQuizSummaryStepViewController"
                  }
                ],
                "usr": "s:Sq"
              },
              {
                "kind": "TypeNominal",
                "name": "NSCoder",
                "printedName": "Foundation.NSCoder",
                "usr": "c:objc(cs)NSCoder"
              }
            ],
            "declKind": "Constructor",
            "usr": "c:@M@MWQuizSummaryPlugin@objc(cs)MWQuizSummaryStepViewController(im)initWithCoder:",
            "mangledName": "$s19MWQuizSummaryPlugin0aB18StepViewControllerC5coderACSgSo7NSCoderC_tcfc",
            "moduleName": "MWQuizSummaryPlugin",
            "overriding": true,
            "implicit": true,
            "objc_name": "initWithCoder:",
            "declAttributes": [
              "Dynamic",
              "ObjC",
              "Custom",
              "Required"
            ],
            "init_kind": "Designated"
          }
        ],
        "declKind": "Class",
        "usr": "c:@M@MWQuizSummaryPlugin@objc(cs)MWQuizSummaryStepViewController",
        "mangledName": "$s19MWQuizSummaryPlugin0aB18StepViewControllerC",
        "moduleName": "MWQuizSummaryPlugin",
        "declAttributes": [
          "Custom",
          "AccessControl",
          "ObjC"
        ],
        "superclassUsr": "c:@M@MobileWorkflowCore@objc(cs)MWInstructionStepViewController",
        "inheritsConvenienceInitializers": true,
        "superclassNames": [
          "MobileWorkflowCore.MWInstructionStepViewController",
          "MobileWorkflowCore.MWContentStepViewController",
          "MobileWorkflowCore.MWStepViewController",
          "UIKit.UIViewController",
          "UIKit.UIResponder",
          "ObjectiveC.NSObject"
        ],
        "conformances": [
          {
            "kind": "Conformance",
            "name": "StepViewController",
            "printedName": "StepViewController",
            "usr": "s:18MobileWorkflowCore18StepViewControllerP",
            "mangledName": "$s18MobileWorkflowCore18StepViewControllerP"
          },
          {
            "kind": "Conformance",
            "name": "Equatable",
            "printedName": "Equatable",
            "usr": "s:SQ",
            "mangledName": "$sSQ"
          },
          {
            "kind": "Conformance",
            "name": "Hashable",
            "printedName": "Hashable",
            "usr": "s:SH",
            "mangledName": "$sSH"
          },
          {
            "kind": "Conformance",
            "name": "CVarArg",
            "printedName": "CVarArg",
            "usr": "s:s7CVarArgP",
            "mangledName": "$ss7CVarArgP"
          },
          {
            "kind": "Conformance",
            "name": "_KeyValueCodingAndObservingPublishing",
            "printedName": "_KeyValueCodingAndObservingPublishing",
            "usr": "s:10Foundation37_KeyValueCodingAndObservingPublishingP",
            "mangledName": "$s10Foundation37_KeyValueCodingAndObservingPublishingP"
          },
          {
            "kind": "Conformance",
            "name": "_KeyValueCodingAndObserving",
            "printedName": "_KeyValueCodingAndObserving",
            "usr": "s:10Foundation27_KeyValueCodingAndObservingP",
            "mangledName": "$s10Foundation27_KeyValueCodingAndObservingP"
          },
          {
            "kind": "Conformance",
            "name": "CustomStringConvertible",
            "printedName": "CustomStringConvertible",
            "usr": "s:s23CustomStringConvertibleP",
            "mangledName": "$ss23CustomStringConvertibleP"
          },
          {
            "kind": "Conformance",
            "name": "CustomDebugStringConvertible",
            "printedName": "CustomDebugStringConvertible",
            "usr": "s:s28CustomDebugStringConvertibleP",
            "mangledName": "$ss28CustomDebugStringConvertibleP"
          }
        ]
      },
      {
        "kind": "Import",
        "name": "MobileWorkflowCore",
        "printedName": "MobileWorkflowCore",
        "declKind": "Import",
        "moduleName": "MWQuizSummaryPlugin",
        "declAttributes": [
          "RawDocComment"
        ]
      },
      {
        "kind": "Import",
        "name": "UIKit",
        "printedName": "UIKit",
        "declKind": "Import",
        "moduleName": "MWQuizSummaryPlugin"
      },
      {
        "kind": "TypeDecl",
        "name": "MWQuizSummaryStep",
        "printedName": "MWQuizSummaryStep",
        "children": [
          {
            "kind": "Var",
            "name": "imageURL",
            "printedName": "imageURL",
            "children": [
              {
                "kind": "TypeNominal",
                "name": "Optional",
                "printedName": "Swift.String?",
                "children": [
                  {
                    "kind": "TypeNominal",
                    "name": "String",
                    "printedName": "Swift.String",
                    "usr": "s:SS"
                  }
                ],
                "usr": "s:Sq"
              }
            ],
            "declKind": "Var",
            "usr": "s:19MWQuizSummaryPlugin0aB4StepC8imageURLSSSgvp",
            "mangledName": "$s19MWQuizSummaryPlugin0aB4StepC8imageURLSSSgvp",
            "moduleName": "MWQuizSummaryPlugin",
            "declAttributes": [
              "HasInitialValue",
              "HasStorage",
              "AccessControl"
            ],
            "hasStorage": true,
            "accessors": [
              {
                "kind": "Accessor",
                "name": "Get",
                "printedName": "Get()",
                "children": [
                  {
                    "kind": "TypeNominal",
                    "name": "Optional",
                    "printedName": "Swift.String?",
                    "children": [
                      {
                        "kind": "TypeNominal",
                        "name": "String",
                        "printedName": "Swift.String",
                        "usr": "s:SS"
                      }
                    ],
                    "usr": "s:Sq"
                  }
                ],
                "declKind": "Accessor",
                "usr": "s:19MWQuizSummaryPlugin0aB4StepC8imageURLSSSgvg",
                "mangledName": "$s19MWQuizSummaryPlugin0aB4StepC8imageURLSSSgvg",
                "moduleName": "MWQuizSummaryPlugin",
                "implicit": true,
                "accessorKind": "get"
              },
              {
                "kind": "Accessor",
                "name": "Set",
                "printedName": "Set()",
                "children": [
                  {
                    "kind": "TypeNominal",
                    "name": "Void",
                    "printedName": "()"
                  },
                  {
                    "kind": "TypeNominal",
                    "name": "Optional",
                    "printedName": "Swift.String?",
                    "children": [
                      {
                        "kind": "TypeNominal",
                        "name": "String",
                        "printedName": "Swift.String",
                        "usr": "s:SS"
                      }
                    ],
                    "usr": "s:Sq"
                  }
                ],
                "declKind": "Accessor",
                "usr": "s:19MWQuizSummaryPlugin0aB4StepC8imageURLSSSgvs",
                "mangledName": "$s19MWQuizSummaryPlugin0aB4StepC8imageURLSSSgvs",
                "moduleName": "MWQuizSummaryPlugin",
                "implicit": true,
                "accessorKind": "set"
              },
              {
                "kind": "Accessor",
                "name": "Modify",
                "printedName": "Modify()",
                "children": [
                  {
                    "kind": "TypeNominal",
                    "name": "Void",
                    "printedName": "()"
                  }
                ],
                "declKind": "Accessor",
                "usr": "s:19MWQuizSummaryPlugin0aB4StepC8imageURLSSSgvM",
                "mangledName": "$s19MWQuizSummaryPlugin0aB4StepC8imageURLSSSgvM",
                "moduleName": "MWQuizSummaryPlugin",
                "implicit": true,
                "accessorKind": "_modify"
              }
            ]
          },
          {
            "kind": "Var",
            "name": "image",
            "printedName": "image",
            "children": [
              {
                "kind": "TypeNominal",
                "name": "Optional",
                "printedName": "UIKit.UIImage?",
                "children": [
                  {
                    "kind": "TypeNominal",
                    "name": "UIImage",
                    "printedName": "UIKit.UIImage",
                    "usr": "c:objc(cs)UIImage"
                  }
                ],
                "usr": "s:Sq"
              }
            ],
            "declKind": "Var",
            "usr": "s:19MWQuizSummaryPlugin0aB4StepC5imageSo7UIImageCSgvp",
            "mangledName": "$s19MWQuizSummaryPlugin0aB4StepC5imageSo7UIImageCSgvp",
            "moduleName": "MWQuizSummaryPlugin",
            "declAttributes": [
              "HasInitialValue",
              "HasStorage",
              "AccessControl",
              "Custom"
            ],
            "hasStorage": true,
            "accessors": [
              {
                "kind": "Accessor",
                "name": "Get",
                "printedName": "Get()",
                "children": [
                  {
                    "kind": "TypeNominal",
                    "name": "Optional",
                    "printedName": "UIKit.UIImage?",
                    "children": [
                      {
                        "kind": "TypeNominal",
                        "name": "UIImage",
                        "printedName": "UIKit.UIImage",
                        "usr": "c:objc(cs)UIImage"
                      }
                    ],
                    "usr": "s:Sq"
                  }
                ],
                "declKind": "Accessor",
                "usr": "s:19MWQuizSummaryPlugin0aB4StepC5imageSo7UIImageCSgvg",
                "mangledName": "$s19MWQuizSummaryPlugin0aB4StepC5imageSo7UIImageCSgvg",
                "moduleName": "MWQuizSummaryPlugin",
                "implicit": true,
                "accessorKind": "get"
              },
              {
                "kind": "Accessor",
                "name": "Set",
                "printedName": "Set()",
                "children": [
                  {
                    "kind": "TypeNominal",
                    "name": "Void",
                    "printedName": "()"
                  },
                  {
                    "kind": "TypeNominal",
                    "name": "Optional",
                    "printedName": "UIKit.UIImage?",
                    "children": [
                      {
                        "kind": "TypeNominal",
                        "name": "UIImage",
                        "printedName": "UIKit.UIImage",
                        "usr": "c:objc(cs)UIImage"
                      }
                    ],
                    "usr": "s:Sq"
                  }
                ],
                "declKind": "Accessor",
                "usr": "s:19MWQuizSummaryPlugin0aB4StepC5imageSo7UIImageCSgvs",
                "mangledName": "$s19MWQuizSummaryPlugin0aB4StepC5imageSo7UIImageCSgvs",
                "moduleName": "MWQuizSummaryPlugin",
                "implicit": true,
                "accessorKind": "set"
              },
              {
                "kind": "Accessor",
                "name": "Modify",
                "printedName": "Modify()",
                "children": [
                  {
                    "kind": "TypeNominal",
                    "name": "Void",
                    "printedName": "()"
                  }
                ],
                "declKind": "Accessor",
                "usr": "s:19MWQuizSummaryPlugin0aB4StepC5imageSo7UIImageCSgvM",
                "mangledName": "$s19MWQuizSummaryPlugin0aB4StepC5imageSo7UIImageCSgvM",
                "moduleName": "MWQuizSummaryPlugin",
                "implicit": true,
                "accessorKind": "_modify"
              }
            ]
          },
          {
            "kind": "Var",
            "name": "session",
            "printedName": "session",
            "children": [
              {
                "kind": "TypeNominal",
                "name": "Session",
                "printedName": "MobileWorkflowCore.Session",
                "usr": "s:18MobileWorkflowCore7SessionC"
              }
            ],
            "declKind": "Var",
            "usr": "s:19MWQuizSummaryPlugin0aB4StepC7session18MobileWorkflowCore7SessionCvp",
            "mangledName": "$s19MWQuizSummaryPlugin0aB4StepC7session18MobileWorkflowCore7SessionCvp",
            "moduleName": "MWQuizSummaryPlugin",
            "declAttributes": [
              "HasStorage",
              "AccessControl"
            ],
            "hasStorage": true,
            "accessors": [
              {
                "kind": "Accessor",
                "name": "Get",
                "printedName": "Get()",
                "children": [
                  {
                    "kind": "TypeNominal",
                    "name": "Session",
                    "printedName": "MobileWorkflowCore.Session",
                    "usr": "s:18MobileWorkflowCore7SessionC"
                  }
                ],
                "declKind": "Accessor",
                "usr": "s:19MWQuizSummaryPlugin0aB4StepC7session18MobileWorkflowCore7SessionCvg",
                "mangledName": "$s19MWQuizSummaryPlugin0aB4StepC7session18MobileWorkflowCore7SessionCvg",
                "moduleName": "MWQuizSummaryPlugin",
                "implicit": true,
                "accessorKind": "get"
              },
              {
                "kind": "Accessor",
                "name": "Set",
                "printedName": "Set()",
                "children": [
                  {
                    "kind": "TypeNominal",
                    "name": "Void",
                    "printedName": "()"
                  },
                  {
                    "kind": "TypeNominal",
                    "name": "Session",
                    "printedName": "MobileWorkflowCore.Session",
                    "usr": "s:18MobileWorkflowCore7SessionC"
                  }
                ],
                "declKind": "Accessor",
                "usr": "s:19MWQuizSummaryPlugin0aB4StepC7session18MobileWorkflowCore7SessionCvs",
                "mangledName": "$s19MWQuizSummaryPlugin0aB4StepC7session18MobileWorkflowCore7SessionCvs",
                "moduleName": "MWQuizSummaryPlugin",
                "implicit": true,
                "accessorKind": "set"
              },
              {
                "kind": "Accessor",
                "name": "Modify",
                "printedName": "Modify()",
                "children": [
                  {
                    "kind": "TypeNominal",
                    "name": "Void",
                    "printedName": "()"
                  }
                ],
                "declKind": "Accessor",
                "usr": "s:19MWQuizSummaryPlugin0aB4StepC7session18MobileWorkflowCore7SessionCvM",
                "mangledName": "$s19MWQuizSummaryPlugin0aB4StepC7session18MobileWorkflowCore7SessionCvM",
                "moduleName": "MWQuizSummaryPlugin",
                "implicit": true,
                "accessorKind": "_modify"
              }
            ]
          },
          {
            "kind": "Var",
            "name": "services",
            "printedName": "services",
            "children": [
              {
                "kind": "TypeNominal",
                "name": "StepServices",
                "printedName": "MobileWorkflowCore.StepServices",
                "usr": "s:18MobileWorkflowCore12StepServicesC"
              }
            ],
            "declKind": "Var",
            "usr": "s:19MWQuizSummaryPlugin0aB4StepC8services18MobileWorkflowCore0D8ServicesCvp",
            "mangledName": "$s19MWQuizSummaryPlugin0aB4StepC8services18MobileWorkflowCore0D8ServicesCvp",
            "moduleName": "MWQuizSummaryPlugin",
            "declAttributes": [
              "HasStorage",
              "AccessControl"
            ],
            "hasStorage": true,
            "accessors": [
              {
                "kind": "Accessor",
                "name": "Get",
                "printedName": "Get()",
                "children": [
                  {
                    "kind": "TypeNominal",
                    "name": "StepServices",
                    "printedName": "MobileWorkflowCore.StepServices",
                    "usr": "s:18MobileWorkflowCore12StepServicesC"
                  }
                ],
                "declKind": "Accessor",
                "usr": "s:19MWQuizSummaryPlugin0aB4StepC8services18MobileWorkflowCore0D8ServicesCvg",
                "mangledName": "$s19MWQuizSummaryPlugin0aB4StepC8services18MobileWorkflowCore0D8ServicesCvg",
                "moduleName": "MWQuizSummaryPlugin",
                "implicit": true,
                "accessorKind": "get"
              },
              {
                "kind": "Accessor",
                "name": "Set",
                "printedName": "Set()",
                "children": [
                  {
                    "kind": "TypeNominal",
                    "name": "Void",
                    "printedName": "()"
                  },
                  {
                    "kind": "TypeNominal",
                    "name": "StepServices",
                    "printedName": "MobileWorkflowCore.StepServices",
                    "usr": "s:18MobileWorkflowCore12StepServicesC"
                  }
                ],
                "declKind": "Accessor",
                "usr": "s:19MWQuizSummaryPlugin0aB4StepC8services18MobileWorkflowCore0D8ServicesCvs",
                "mangledName": "$s19MWQuizSummaryPlugin0aB4StepC8services18MobileWorkflowCore0D8ServicesCvs",
                "moduleName": "MWQuizSummaryPlugin",
                "implicit": true,
                "accessorKind": "set"
              },
              {
                "kind": "Accessor",
                "name": "Modify",
                "printedName": "Modify()",
                "children": [
                  {
                    "kind": "TypeNominal",
                    "name": "Void",
                    "printedName": "()"
                  }
                ],
                "declKind": "Accessor",
                "usr": "s:19MWQuizSummaryPlugin0aB4StepC8services18MobileWorkflowCore0D8ServicesCvM",
                "mangledName": "$s19MWQuizSummaryPlugin0aB4StepC8services18MobileWorkflowCore0D8ServicesCvM",
                "moduleName": "MWQuizSummaryPlugin",
                "implicit": true,
                "accessorKind": "_modify"
              }
            ]
          },
          {
            "kind": "Function",
            "name": "instantiateViewController",
            "printedName": "instantiateViewController()",
            "children": [
              {
                "kind": "TypeNominal",
                "name": "StepViewController",
                "printedName": "MobileWorkflowCore.StepViewController",
                "usr": "s:18MobileWorkflowCore18StepViewControllerP"
              }
            ],
            "declKind": "Func",
            "usr": "s:19MWQuizSummaryPlugin0aB4StepC25instantiateViewController18MobileWorkflowCore0dfG0_pyF",
            "mangledName": "$s19MWQuizSummaryPlugin0aB4StepC25instantiateViewController18MobileWorkflowCore0dfG0_pyF",
            "moduleName": "MWQuizSummaryPlugin",
            "overriding": true,
            "declAttributes": [
              "Override",
              "AccessControl"
            ],
            "funcSelfKind": "NonMutating"
          },
          {
            "kind": "Constructor",
            "name": "init",
            "printedName": "init(identifier:title:text:theme:links:navigationItems:)",
            "children": [
              {
                "kind": "TypeNominal",
                "name": "MWQuizSummaryStep",
                "printedName": "MWQuizSummaryPlugin.MWQuizSummaryStep",
                "usr": "s:19MWQuizSummaryPlugin0aB4StepC"
              },
              {
                "kind": "TypeNominal",
                "name": "String",
                "printedName": "Swift.String",
                "usr": "s:SS"
              },
              {
                "kind": "TypeNominal",
                "name": "Optional",
                "printedName": "Swift.String?",
                "children": [
                  {
                    "kind": "TypeNominal",
                    "name": "String",
                    "printedName": "Swift.String",
                    "usr": "s:SS"
                  }
                ],
                "hasDefaultArg": true,
                "usr": "s:Sq"
              },
              {
                "kind": "TypeNominal",
                "name": "Optional",
                "printedName": "Swift.String?",
                "children": [
                  {
                    "kind": "TypeNominal",
                    "name": "String",
                    "printedName": "Swift.String",
                    "usr": "s:SS"
                  }
                ],
                "hasDefaultArg": true,
                "usr": "s:Sq"
              },
              {
                "kind": "TypeNominal",
                "name": "Theme",
                "printedName": "MobileWorkflowCore.Theme",
                "hasDefaultArg": true,
                "usr": "s:18MobileWorkflowCore5ThemeV"
              },
              {
                "kind": "TypeNominal",
                "name": "Array",
                "printedName": "[MobileWorkflowCore.StepLink]",
                "children": [
                  {
                    "kind": "TypeNominal",
                    "name": "StepLink",
                    "printedName": "MobileWorkflowCore.StepLink",
                    "usr": "s:18MobileWorkflowCore8StepLinkV"
                  }
                ],
                "hasDefaultArg": true,
                "usr": "s:Sa"
              },
              {
                "kind": "TypeNominal",
                "name": "Array",
                "printedName": "[MobileWorkflowCore.StepNavigationItem]",
                "children": [
                  {
                    "kind": "TypeNominal",
                    "name": "StepNavigationItem",
                    "printedName": "MobileWorkflowCore.StepNavigationItem",
                    "usr": "s:18MobileWorkflowCore18StepNavigationItemV"
                  }
                ],
                "hasDefaultArg": true,
                "usr": "s:Sa"
              }
            ],
            "declKind": "Constructor",
            "usr": "s:19MWQuizSummaryPlugin0aB4StepC10identifier5title4text5theme5links15navigationItemsACSS_SSSgAJ18MobileWorkflowCore5ThemeVSayAK0D4LinkVGSayAK0D14NavigationItemVGtcfc",
            "mangledName": "$s19MWQuizSummaryPlugin0aB4StepC10identifier5title4text5theme5links15navigationItemsACSS_SSSgAJ18MobileWorkflowCore5ThemeVSayAK0D4LinkVGSayAK0D14NavigationItemVGtcfc",
            "moduleName": "MWQuizSummaryPlugin",
            "overriding": true,
            "implicit": true,
            "declAttributes": [
              "Override"
            ],
            "init_kind": "Designated"
          },
          {
            "kind": "Var",
            "name": "mandatoryCodingPaths",
            "printedName": "mandatoryCodingPaths",
            "children": [
              {
                "kind": "TypeNominal",
                "name": "Array",
                "printedName": "[Swift.CodingKey]",
                "children": [
                  {
                    "kind": "TypeNominal",
                    "name": "CodingKey",
                    "printedName": "Swift.CodingKey",
                    "usr": "s:s9CodingKeyP"
                  }
                ],
                "usr": "s:Sa"
              }
            ],
            "declKind": "Var",
            "usr": "s:19MWQuizSummaryPlugin0aB4StepC20mandatoryCodingPathsSays0F3Key_pGvpZ",
            "mangledName": "$s19MWQuizSummaryPlugin0aB4StepC20mandatoryCodingPathsSays0F3Key_pGvpZ",
            "moduleName": "MWQuizSummaryPlugin",
            "static": true,
            "declAttributes": [
              "Final",
              "AccessControl"
            ],
            "isFromExtension": true,
            "accessors": [
              {
                "kind": "Accessor",
                "name": "Get",
                "printedName": "Get()",
                "children": [
                  {
                    "kind": "TypeNominal",
                    "name": "Array",
                    "printedName": "[Swift.CodingKey]",
                    "children": [
                      {
                        "kind": "TypeNominal",
                        "name": "CodingKey",
                        "printedName": "Swift.CodingKey",
                        "usr": "s:s9CodingKeyP"
                      }
                    ],
                    "usr": "s:Sa"
                  }
                ],
                "declKind": "Accessor",
                "usr": "s:19MWQuizSummaryPlugin0aB4StepC20mandatoryCodingPathsSays0F3Key_pGvgZ",
                "mangledName": "$s19MWQuizSummaryPlugin0aB4StepC20mandatoryCodingPathsSays0F3Key_pGvgZ",
                "moduleName": "MWQuizSummaryPlugin",
                "static": true,
                "declAttributes": [
                  "Final"
                ],
                "isFromExtension": true,
                "accessorKind": "get"
              }
            ]
          },
          {
            "kind": "Function",
            "name": "build",
            "printedName": "build(stepInfo:services:)",
            "children": [
              {
                "kind": "TypeNominal",
                "name": "Step",
                "printedName": "MobileWorkflowCore.Step",
                "usr": "s:18MobileWorkflowCore4StepP"
              },
              {
                "kind": "TypeNominal",
                "name": "StepInfo",
                "printedName": "MobileWorkflowCore.StepInfo",
                "usr": "s:18MobileWorkflowCore8StepInfoV"
              },
              {
                "kind": "TypeNominal",
                "name": "StepServices",
                "printedName": "MobileWorkflowCore.StepServices",
                "usr": "s:18MobileWorkflowCore12StepServicesC"
              }
            ],
            "declKind": "Func",
            "usr": "s:19MWQuizSummaryPlugin0aB4StepC5build8stepInfo8services18MobileWorkflowCore0D0_pAG0dG0V_AG0D8ServicesCtKFZ",
            "mangledName": "$s19MWQuizSummaryPlugin0aB4StepC5build8stepInfo8services18MobileWorkflowCore0D0_pAG0dG0V_AG0D8ServicesCtKFZ",
            "moduleName": "MWQuizSummaryPlugin",
            "static": true,
            "declAttributes": [
              "Final",
              "AccessControl"
            ],
            "isFromExtension": true,
            "throwing": true,
            "funcSelfKind": "NonMutating"
          }
        ],
        "declKind": "Class",
        "usr": "s:19MWQuizSummaryPlugin0aB4StepC",
        "mangledName": "$s19MWQuizSummaryPlugin0aB4StepC",
        "moduleName": "MWQuizSummaryPlugin",
        "declAttributes": [
          "AccessControl"
        ],
        "superclassUsr": "s:18MobileWorkflowCore6MWStepC",
        "hasMissingDesignatedInitializers": true,
        "superclassNames": [
          "MobileWorkflowCore.MWStep"
        ],
        "conformances": [
          {
            "kind": "Conformance",
            "name": "InstructionStep",
            "printedName": "InstructionStep",
            "usr": "s:18MobileWorkflowCore15InstructionStepP",
            "mangledName": "$s18MobileWorkflowCore15InstructionStepP"
          },
          {
            "kind": "Conformance",
            "name": "Step",
            "printedName": "Step",
            "usr": "s:18MobileWorkflowCore4StepP",
            "mangledName": "$s18MobileWorkflowCore4StepP"
          },
          {
            "kind": "Conformance",
            "name": "BuildableStep",
            "printedName": "BuildableStep",
            "usr": "s:18MobileWorkflowCore13BuildableStepP",
            "mangledName": "$s18MobileWorkflowCore13BuildableStepP"
          }
        ]
      }
    ],
    "json_format_version": 8
  },
  "ConstValues": [
    {
      "filePath": "\/Users\/vagrant\/git\/project\/MWQuizSummaryPlugin\/MWQuizSummaryPlugin\/MWQuizSummaryPluginStruct.swift",
      "kind": "StringLiteral",
      "offset": 364,
      "length": 31,
      "value": "\"io.mobileworkflow.QuizSummary\""
    },
    {
      "filePath": "\/Users\/vagrant\/git\/project\/MWQuizSummaryPlugin\/MWQuizSummaryPlugin\/MWQuizSummaryPluginStruct.swift",
      "kind": "StringLiteral",
      "offset": 364,
      "length": 31,
      "value": "\"io.mobileworkflow.QuizSummary\""
    },
    {
      "filePath": "\/Users\/vagrant\/git\/project\/MWQuizSummaryPlugin\/MWQuizSummaryPlugin\/MWQuizSummaryPluginStruct.swift",
      "kind": "StringLiteral",
      "offset": 642,
      "length": 39,
      "value": "\"%d\/%d question was answered correctly\""
    },
    {
      "filePath": "\/Users\/vagrant\/git\/project\/MWQuizSummaryPlugin\/MWQuizSummaryPlugin\/MWQuizSummaryPluginStruct.swift",
      "kind": "StringLiteral",
      "offset": 721,
      "length": 41,
      "value": "\"%d\/%d questions were answered correctly\""
    },
    {
      "filePath": "\/Users\/vagrant\/git\/project\/MWQuizSummaryPlugin\/MWQuizSummaryPlugin\/MWQuizSummaryStep.swift",
      "kind": "StringLiteral",
      "offset": 253,
      "length": 17,
      "value": "\"MWQuizSummaryPlugin.MWQuizSummaryStep\""
    }
  ]
}