{
  "ABIRoot": {
    "kind": "Root",
    "name": "TopLevel",
    "printedName": "TopLevel",
    "children": [
      {
        "kind": "Import",
        "name": "Foundation",
        "printedName": "Foundation",
        "declKind": "Import",
        "moduleName": "MWWelbaChallengeRecorderPlugin",
        "declAttributes": [
          "RawDocComment"
        ]
      },
      {
        "kind": "Import",
        "name": "MobileWorkflowCore",
        "printedName": "MobileWorkflowCore",
        "declKind": "Import",
        "moduleName": "MWWelbaChallengeRecorderPlugin"
      },
      {
        "kind": "TypeDecl",
        "name": "MWWelbaChallengeRecorderPluginStruct",
        "printedName": "MWWelbaChallengeRecorderPluginStruct",
        "children": [
          {
            "kind": "Var",
            "name": "allStepsTypes",
            "printedName": "allStepsTypes",
            "children": [
              {
                "kind": "TypeNominal",
                "name": "Array",
                "printedName": "[MobileWorkflowCore.StepType]",
                "children": [
                  {
                    "kind": "TypeNominal",
                    "name": "StepType",
                    "printedName": "MobileWorkflowCore.StepType",
                    "usr": "s:18MobileWorkflowCore8StepTypeP"
                  }
                ],
                "usr": "s:Sa"
              }
            ],
            "declKind": "Var",
            "usr": "s:30MWWelbaChallengeRecorderPlugin0abcD6StructV13allStepsTypesSay18MobileWorkflowCore8StepType_pGvpZ",
            "mangledName": "$s30MWWelbaChallengeRecorderPlugin0abcD6StructV13allStepsTypesSay18MobileWorkflowCore8StepType_pGvpZ",
            "moduleName": "MWWelbaChallengeRecorderPlugin",
            "static": true,
            "declAttributes": [
              "AccessControl"
            ],
            "accessors": [
              {
                "kind": "Accessor",
                "name": "Get",
                "printedName": "Get()",
                "children": [
                  {
                    "kind": "TypeNominal",
                    "name": "Array",
                    "printedName": "[MobileWorkflowCore.StepType]",
                    "children": [
                      {
                        "kind": "TypeNominal",
                        "name": "StepType",
                        "printedName": "MobileWorkflowCore.StepType",
                        "usr": "s:18MobileWorkflowCore8StepTypeP"
                      }
                    ],
                    "usr": "s:Sa"
                  }
                ],
                "declKind": "Accessor",
                "usr": "s:30MWWelbaChallengeRecorderPlugin0abcD6StructV13allStepsTypesSay18MobileWorkflowCore8StepType_pGvgZ",
                "mangledName": "$s30MWWelbaChallengeRecorderPlugin0abcD6StructV13allStepsTypesSay18MobileWorkflowCore8StepType_pGvgZ",
                "moduleName": "MWWelbaChallengeRecorderPlugin",
                "static": true,
                "accessorKind": "get"
              }
            ]
          }
        ],
        "declKind": "Struct",
        "usr": "s:30MWWelbaChallengeRecorderPlugin0abcD6StructV",
        "mangledName": "$s30MWWelbaChallengeRecorderPlugin0abcD6StructV",
        "moduleName": "MWWelbaChallengeRecorderPlugin",
        "declAttributes": [
          "AccessControl"
        ],
        "conformances": [
          {
            "kind": "Conformance",
            "name": "Plugin",
            "printedName": "Plugin",
            "usr": "s:18MobileWorkflowCore6PluginP",
            "mangledName": "$s18MobileWorkflowCore6PluginP"
          }
        ]
      },
      {
        "kind": "Import",
        "name": "UIKit",
        "printedName": "UIKit",
        "declKind": "Import",
        "moduleName": "MWWelbaChallengeRecorderPlugin",
        "declAttributes": [
          "RawDocComment"
        ]
      },
      {
        "kind": "Import",
        "name": "MobileWorkflowCore",
        "printedName": "MobileWorkflowCore",
        "declKind": "Import",
        "moduleName": "MWWelbaChallengeRecorderPlugin"
      },
      {
        "kind": "Import",
        "name": "MWHealthPlugin",
        "printedName": "MWHealthPlugin",
        "declKind": "Import",
        "moduleName": "MWWelbaChallengeRecorderPlugin"
      },
      {
        "kind": "Import",
        "name": "HealthKit",
        "printedName": "HealthKit",
        "declKind": "Import",
        "moduleName": "MWWelbaChallengeRecorderPlugin"
      },
      {
        "kind": "Import",
        "name": "Foundation",
        "printedName": "Foundation",
        "declKind": "Import",
        "moduleName": "MWWelbaChallengeRecorderPlugin",
        "declAttributes": [
          "RawDocComment"
        ]
      },
      {
        "kind": "Import",
        "name": "MobileWorkflowCore",
        "printedName": "MobileWorkflowCore",
        "declKind": "Import",
        "moduleName": "MWWelbaChallengeRecorderPlugin"
      },
      {
        "kind": "TypeDecl",
        "name": "ChallengeRecorderStep",
        "printedName": "ChallengeRecorderStep",
        "children": [
          {
            "kind": "Function",
            "name": "instantiateViewController",
            "printedName": "instantiateViewController()",
            "children": [
              {
                "kind": "TypeNominal",
                "name": "StepViewController",
                "printedName": "MobileWorkflowCore.StepViewController",
                "usr": "s:18MobileWorkflowCore18StepViewControllerP"
              }
            ],
            "declKind": "Func",
            "usr": "s:30MWWelbaChallengeRecorderPlugin0bC4StepC25instantiateViewController18MobileWorkflowCore0egH0_pyF",
            "mangledName": "$s30MWWelbaChallengeRecorderPlugin0bC4StepC25instantiateViewController18MobileWorkflowCore0egH0_pyF",
            "moduleName": "MWWelbaChallengeRecorderPlugin",
            "overriding": true,
            "declAttributes": [
              "Override",
              "AccessControl",
              "RawDocComment"
            ],
            "funcSelfKind": "NonMutating"
          },
          {
            "kind": "Constructor",
            "name": "init",
            "printedName": "init(identifier:title:text:theme:links:navigationItems:)",
            "children": [
              {
                "kind": "TypeNominal",
                "name": "ChallengeRecorderStep",
                "printedName": "MWWelbaChallengeRecorderPlugin.ChallengeRecorderStep",
                "usr": "s:30MWWelbaChallengeRecorderPlugin0bC4StepC"
              },
              {
                "kind": "TypeNominal",
                "name": "String",
                "printedName": "Swift.String",
                "usr": "s:SS"
              },
              {
                "kind": "TypeNominal",
                "name": "Optional",
                "printedName": "Swift.String?",
                "children": [
                  {
                    "kind": "TypeNominal",
                    "name": "String",
                    "printedName": "Swift.String",
                    "usr": "s:SS"
                  }
                ],
                "hasDefaultArg": true,
                "usr": "s:Sq"
              },
              {
                "kind": "TypeNominal",
                "name": "Optional",
                "printedName": "Swift.String?",
                "children": [
                  {
                    "kind": "TypeNominal",
                    "name": "String",
                    "printedName": "Swift.String",
                    "usr": "s:SS"
                  }
                ],
                "hasDefaultArg": true,
                "usr": "s:Sq"
              },
              {
                "kind": "TypeNominal",
                "name": "Theme",
                "printedName": "MobileWorkflowCore.Theme",
                "hasDefaultArg": true,
                "usr": "s:18MobileWorkflowCore5ThemeV"
              },
              {
                "kind": "TypeNominal",
                "name": "Array",
                "printedName": "[MobileWorkflowCore.StepLink]",
                "children": [
                  {
                    "kind": "TypeNominal",
                    "name": "StepLink",
                    "printedName": "MobileWorkflowCore.StepLink",
                    "usr": "s:18MobileWorkflowCore8StepLinkV"
                  }
                ],
                "hasDefaultArg": true,
                "usr": "s:Sa"
              },
              {
                "kind": "TypeNominal",
                "name": "Array",
                "printedName": "[MobileWorkflowCore.StepNavigationItem]",
                "children": [
                  {
                    "kind": "TypeNominal",
                    "name": "StepNavigationItem",
                    "printedName": "MobileWorkflowCore.StepNavigationItem",
                    "usr": "s:18MobileWorkflowCore18StepNavigationItemV"
                  }
                ],
                "hasDefaultArg": true,
                "usr": "s:Sa"
              }
            ],
            "declKind": "Constructor",
            "usr": "s:30MWWelbaChallengeRecorderPlugin0bC4StepC10identifier5title4text5theme5links15navigationItemsACSS_SSSgAJ18MobileWorkflowCore5ThemeVSayAK0E4LinkVGSayAK0E14NavigationItemVGtcfc",
            "mangledName": "$s30MWWelbaChallengeRecorderPlugin0bC4StepC10identifier5title4text5theme5links15navigationItemsACSS_SSSgAJ18MobileWorkflowCore5ThemeVSayAK0E4LinkVGSayAK0E14NavigationItemVGtcfc",
            "moduleName": "MWWelbaChallengeRecorderPlugin",
            "overriding": true,
            "implicit": true,
            "declAttributes": [
              "Override"
            ],
            "init_kind": "Designated"
          },
          {
            "kind": "Var",
            "name": "mandatoryCodingPaths",
            "printedName": "mandatoryCodingPaths",
            "children": [
              {
                "kind": "TypeNominal",
                "name": "Array",
                "printedName": "[Swift.CodingKey]",
                "children": [
                  {
                    "kind": "TypeNominal",
                    "name": "CodingKey",
                    "printedName": "Swift.CodingKey",
                    "usr": "s:s9CodingKeyP"
                  }
                ],
                "usr": "s:Sa"
              }
            ],
            "declKind": "Var",
            "usr": "s:30MWWelbaChallengeRecorderPlugin0bC4StepC20mandatoryCodingPathsSays0G3Key_pGvpZ",
            "mangledName": "$s30MWWelbaChallengeRecorderPlugin0bC4StepC20mandatoryCodingPathsSays0G3Key_pGvpZ",
            "moduleName": "MWWelbaChallengeRecorderPlugin",
            "static": true,
            "declAttributes": [
              "Final",
              "AccessControl"
            ],
            "isFromExtension": true,
            "accessors": [
              {
                "kind": "Accessor",
                "name": "Get",
                "printedName": "Get()",
                "children": [
                  {
                    "kind": "TypeNominal",
                    "name": "Array",
                    "printedName": "[Swift.CodingKey]",
                    "children": [
                      {
                        "kind": "TypeNominal",
                        "name": "CodingKey",
                        "printedName": "Swift.CodingKey",
                        "usr": "s:s9CodingKeyP"
                      }
                    ],
                    "usr": "s:Sa"
                  }
                ],
                "declKind": "Accessor",
                "usr": "s:30MWWelbaChallengeRecorderPlugin0bC4StepC20mandatoryCodingPathsSays0G3Key_pGvgZ",
                "mangledName": "$s30MWWelbaChallengeRecorderPlugin0bC4StepC20mandatoryCodingPathsSays0G3Key_pGvgZ",
                "moduleName": "MWWelbaChallengeRecorderPlugin",
                "static": true,
                "declAttributes": [
                  "Final"
                ],
                "isFromExtension": true,
                "accessorKind": "get"
              }
            ]
          },
          {
            "kind": "Function",
            "name": "build",
            "printedName": "build(stepInfo:services:)",
            "children": [
              {
                "kind": "TypeNominal",
                "name": "Step",
                "printedName": "MobileWorkflowCore.Step",
                "usr": "s:18MobileWorkflowCore4StepP"
              },
              {
                "kind": "TypeNominal",
                "name": "StepInfo",
                "printedName": "MobileWorkflowCore.StepInfo",
                "usr": "s:18MobileWorkflowCore8StepInfoV"
              },
              {
                "kind": "TypeNominal",
                "name": "StepServices",
                "printedName": "MobileWorkflowCore.StepServices",
                "usr": "s:18MobileWorkflowCore12StepServicesC"
              }
            ],
            "declKind": "Func",
            "usr": "s:30MWWelbaChallengeRecorderPlugin0bC4StepC5build8stepInfo8services18MobileWorkflowCore0E0_pAG0eH0V_AG0E8ServicesCtKFZ",
            "mangledName": "$s30MWWelbaChallengeRecorderPlugin0bC4StepC5build8stepInfo8services18MobileWorkflowCore0E0_pAG0eH0V_AG0E8ServicesCtKFZ",
            "moduleName": "MWWelbaChallengeRecorderPlugin",
            "static": true,
            "declAttributes": [
              "Final",
              "AccessControl"
            ],
            "isFromExtension": true,
            "throwing": true,
            "funcSelfKind": "NonMutating"
          }
        ],
        "declKind": "Class",
        "usr": "s:30MWWelbaChallengeRecorderPlugin0bC4StepC",
        "mangledName": "$s30MWWelbaChallengeRecorderPlugin0bC4StepC",
        "moduleName": "MWWelbaChallengeRecorderPlugin",
        "declAttributes": [
          "AccessControl"
        ],
        "superclassUsr": "s:18MobileWorkflowCore6MWStepC",
        "hasMissingDesignatedInitializers": true,
        "superclassNames": [
          "MobileWorkflowCore.MWStep"
        ],
        "conformances": [
          {
            "kind": "Conformance",
            "name": "Step",
            "printedName": "Step",
            "usr": "s:18MobileWorkflowCore4StepP",
            "mangledName": "$s18MobileWorkflowCore4StepP"
          },
          {
            "kind": "Conformance",
            "name": "BuildableStep",
            "printedName": "BuildableStep",
            "usr": "s:18MobileWorkflowCore13BuildableStepP",
            "mangledName": "$s18MobileWorkflowCore13BuildableStepP"
          }
        ]
      },
      {
        "kind": "Import",
        "name": "UIKit",
        "printedName": "UIKit",
        "declKind": "Import",
        "moduleName": "MWWelbaChallengeRecorderPlugin",
        "declAttributes": [
          "RawDocComment"
        ]
      },
      {
        "kind": "Import",
        "name": "MobileWorkflowCore",
        "printedName": "MobileWorkflowCore",
        "declKind": "Import",
        "moduleName": "MWWelbaChallengeRecorderPlugin"
      },
      {
        "kind": "Import",
        "name": "Foundation",
        "printedName": "Foundation",
        "declKind": "Import",
        "moduleName": "MWWelbaChallengeRecorderPlugin",
        "declAttributes": [
          "RawDocComment"
        ]
      },
      {
        "kind": "Import",
        "name": "MobileWorkflowCore",
        "printedName": "MobileWorkflowCore",
        "declKind": "Import",
        "moduleName": "MWWelbaChallengeRecorderPlugin"
      },
      {
        "kind": "Import",
        "name": "HealthKit",
        "printedName": "HealthKit",
        "declKind": "Import",
        "moduleName": "MWWelbaChallengeRecorderPlugin",
        "declAttributes": [
          "RawDocComment"
        ]
      },
      {
        "kind": "Import",
        "name": "Foundation",
        "printedName": "Foundation",
        "declKind": "Import",
        "moduleName": "MWWelbaChallengeRecorderPlugin",
        "declAttributes": [
          "RawDocComment"
        ]
      },
      {
        "kind": "Import",
        "name": "MobileWorkflowCore",
        "printedName": "MobileWorkflowCore",
        "declKind": "Import",
        "moduleName": "MWWelbaChallengeRecorderPlugin"
      },
      {
        "kind": "Import",
        "name": "Foundation",
        "printedName": "Foundation",
        "declKind": "Import",
        "moduleName": "MWWelbaChallengeRecorderPlugin",
        "declAttributes": [
          "RawDocComment"
        ]
      },
      {
        "kind": "Import",
        "name": "HealthKit",
        "printedName": "HealthKit",
        "declKind": "Import",
        "moduleName": "MWWelbaChallengeRecorderPlugin"
      },
      {
        "kind": "Import",
        "name": "UIKit",
        "printedName": "UIKit",
        "declKind": "Import",
        "moduleName": "MWWelbaChallengeRecorderPlugin",
        "declAttributes": [
          "RawDocComment"
        ]
      },
      {
        "kind": "Import",
        "name": "MobileWorkflowCore",
        "printedName": "MobileWorkflowCore",
        "declKind": "Import",
        "moduleName": "MWWelbaChallengeRecorderPlugin"
      },
      {
        "kind": "Import",
        "name": "Foundation",
        "printedName": "Foundation",
        "declKind": "Import",
        "moduleName": "MWWelbaChallengeRecorderPlugin",
        "declAttributes": [
          "RawDocComment"
        ]
      },
      {
        "kind": "Import",
        "name": "MobileWorkflowCore",
        "printedName": "MobileWorkflowCore",
        "declKind": "Import",
        "moduleName": "MWWelbaChallengeRecorderPlugin"
      },
      {
        "kind": "Import",
        "name": "Foundation",
        "printedName": "Foundation",
        "declKind": "Import",
        "moduleName": "MWWelbaChallengeRecorderPlugin",
        "declAttributes": [
          "RawDocComment"
        ]
      },
      {
        "kind": "Import",
        "name": "MobileWorkflowCore",
        "printedName": "MobileWorkflowCore",
        "declKind": "Import",
        "moduleName": "MWWelbaChallengeRecorderPlugin"
      },
      {
        "kind": "Import",
        "name": "MWHealthPlugin",
        "printedName": "MWHealthPlugin",
        "declKind": "Import",
        "moduleName": "MWWelbaChallengeRecorderPlugin"
      },
      {
        "kind": "Import",
        "name": "HealthKit",
        "printedName": "HealthKit",
        "declKind": "Import",
        "moduleName": "MWWelbaChallengeRecorderPlugin"
      },
      {
        "kind": "Import",
        "name": "UIKit",
        "printedName": "UIKit",
        "declKind": "Import",
        "moduleName": "MWWelbaChallengeRecorderPlugin"
      },
      {
        "kind": "Import",
        "name": "Foundation",
        "printedName": "Foundation",
        "declKind": "Import",
        "moduleName": "MWWelbaChallengeRecorderPlugin",
        "declAttributes": [
          "RawDocComment"
        ]
      },
      {
        "kind": "Import",
        "name": "MobileWorkflowCore",
        "printedName": "MobileWorkflowCore",
        "declKind": "Import",
        "moduleName": "MWWelbaChallengeRecorderPlugin"
      },
      {
        "kind": "Import",
        "name": "UIKit",
        "printedName": "UIKit",
        "declKind": "Import",
        "moduleName": "MWWelbaChallengeRecorderPlugin"
      },
      {
        "kind": "Import",
        "name": "Foundation",
        "printedName": "Foundation",
        "declKind": "Import",
        "moduleName": "MWWelbaChallengeRecorderPlugin",
        "declAttributes": [
          "RawDocComment"
        ]
      },
      {
        "kind": "Import",
        "name": "MobileWorkflowCore",
        "printedName": "MobileWorkflowCore",
        "declKind": "Import",
        "moduleName": "MWWelbaChallengeRecorderPlugin"
      },
      {
        "kind": "Import",
        "name": "HealthKit",
        "printedName": "HealthKit",
        "declKind": "Import",
        "moduleName": "MWWelbaChallengeRecorderPlugin"
      },
      {
        "kind": "Import",
        "name": "Foundation",
        "printedName": "Foundation",
        "declKind": "Import",
        "moduleName": "MWWelbaChallengeRecorderPlugin",
        "declAttributes": [
          "RawDocComment"
        ]
      },
      {
        "kind": "Import",
        "name": "MobileWorkflowCore",
        "printedName": "MobileWorkflowCore",
        "declKind": "Import",
        "moduleName": "MWWelbaChallengeRecorderPlugin"
      },
      {
        "kind": "Import",
        "name": "UIKit",
        "printedName": "UIKit",
        "declKind": "Import",
        "moduleName": "MWWelbaChallengeRecorderPlugin",
        "declAttributes": [
          "RawDocComment"
        ]
      },
      {
        "kind": "Import",
        "name": "UIKit",
        "printedName": "UIKit",
        "declKind": "Import",
        "moduleName": "MWWelbaChallengeRecorderPlugin",
        "declAttributes": [
          "RawDocComment"
        ]
      },
      {
        "kind": "Import",
        "name": "UIKit",
        "printedName": "UIKit",
        "declKind": "Import",
        "moduleName": "MWWelbaChallengeRecorderPlugin",
        "declAttributes": [
          "RawDocComment"
        ]
      },
      {
        "kind": "Import",
        "name": "UIKit",
        "printedName": "UIKit",
        "declKind": "Import",
        "moduleName": "MWWelbaChallengeRecorderPlugin",
        "declAttributes": [
          "RawDocComment"
        ]
      },
      {
        "kind": "Import",
        "name": "UIKit",
        "printedName": "UIKit",
        "declKind": "Import",
        "moduleName": "MWWelbaChallengeRecorderPlugin",
        "declAttributes": [
          "RawDocComment"
        ]
      },
      {
        "kind": "TypeDecl",
        "name": "UserDefaults",
        "printedName": "UserDefaults",
        "children": [
          {
            "kind": "TypeDecl",
            "name": "WelbaChallengeRecorderKeys",
            "printedName": "WelbaChallengeRecorderKeys",
            "children": [
              {
                "kind": "Var",
                "name": "timestamps",
                "printedName": "timestamps",
                "children": [
                  {
                    "kind": "TypeFunc",
                    "name": "Function",
                    "printedName": "(Foundation.UserDefaults.WelbaChallengeRecorderKeys.Type) -> Foundation.UserDefaults.WelbaChallengeRecorderKeys",
                    "children": [
                      {
                        "kind": "TypeNominal",
                        "name": "WelbaChallengeRecorderKeys",
                        "printedName": "Foundation.UserDefaults.WelbaChallengeRecorderKeys",
                        "usr": "s:So14NSUserDefaultsC30MWWelbaChallengeRecorderPluginE05WelbadE4KeysO"
                      },
                      {
                        "kind": "TypeNominal",
                        "name": "Metatype",
                        "printedName": "Foundation.UserDefaults.WelbaChallengeRecorderKeys.Type",
                        "children": [
                          {
                            "kind": "TypeNominal",
                            "name": "WelbaChallengeRecorderKeys",
                            "printedName": "Foundation.UserDefaults.WelbaChallengeRecorderKeys",
                            "usr": "s:So14NSUserDefaultsC30MWWelbaChallengeRecorderPluginE05WelbadE4KeysO"
                          }
                        ]
                      }
                    ]
                  }
                ],
                "declKind": "EnumElement",
                "usr": "s:So14NSUserDefaultsC30MWWelbaChallengeRecorderPluginE05WelbadE4KeysO10timestampsyA2EmF",
                "mangledName": "$sSo14NSUserDefaultsC30MWWelbaChallengeRecorderPluginE05WelbadE4KeysO10timestampsyA2EmF",
                "moduleName": "MWWelbaChallengeRecorderPlugin"
              },
              {
                "kind": "Var",
                "name": "session",
                "printedName": "session",
                "children": [
                  {
                    "kind": "TypeFunc",
                    "name": "Function",
                    "printedName": "(Foundation.UserDefaults.WelbaChallengeRecorderKeys.Type) -> Foundation.UserDefaults.WelbaChallengeRecorderKeys",
                    "children": [
                      {
                        "kind": "TypeNominal",
                        "name": "WelbaChallengeRecorderKeys",
                        "printedName": "Foundation.UserDefaults.WelbaChallengeRecorderKeys",
                        "usr": "s:So14NSUserDefaultsC30MWWelbaChallengeRecorderPluginE05WelbadE4KeysO"
                      },
                      {
                        "kind": "TypeNominal",
                        "name": "Metatype",
                        "printedName": "Foundation.UserDefaults.WelbaChallengeRecorderKeys.Type",
                        "children": [
                          {
                            "kind": "TypeNominal",
                            "name": "WelbaChallengeRecorderKeys",
                            "printedName": "Foundation.UserDefaults.WelbaChallengeRecorderKeys",
                            "usr": "s:So14NSUserDefaultsC30MWWelbaChallengeRecorderPluginE05WelbadE4KeysO"
                          }
                        ]
                      }
                    ]
                  }
                ],
                "declKind": "EnumElement",
                "usr": "s:So14NSUserDefaultsC30MWWelbaChallengeRecorderPluginE05WelbadE4KeysO7sessionyA2EmF",
                "mangledName": "$sSo14NSUserDefaultsC30MWWelbaChallengeRecorderPluginE05WelbadE4KeysO7sessionyA2EmF",
                "moduleName": "MWWelbaChallengeRecorderPlugin"
              },
              {
                "kind": "Var",
                "name": "workflowId",
                "printedName": "workflowId",
                "children": [
                  {
                    "kind": "TypeFunc",
                    "name": "Function",
                    "printedName": "(Foundation.UserDefaults.WelbaChallengeRecorderKeys.Type) -> Foundation.UserDefaults.WelbaChallengeRecorderKeys",
                    "children": [
                      {
                        "kind": "TypeNominal",
                        "name": "WelbaChallengeRecorderKeys",
                        "printedName": "Foundation.UserDefaults.WelbaChallengeRecorderKeys",
                        "usr": "s:So14NSUserDefaultsC30MWWelbaChallengeRecorderPluginE05WelbadE4KeysO"
                      },
                      {
                        "kind": "TypeNominal",
                        "name": "Metatype",
                        "printedName": "Foundation.UserDefaults.WelbaChallengeRecorderKeys.Type",
                        "children": [
                          {
                            "kind": "TypeNominal",
                            "name": "WelbaChallengeRecorderKeys",
                            "printedName": "Foundation.UserDefaults.WelbaChallengeRecorderKeys",
                            "usr": "s:So14NSUserDefaultsC30MWWelbaChallengeRecorderPluginE05WelbadE4KeysO"
                          }
                        ]
                      }
                    ]
                  }
                ],
                "declKind": "EnumElement",
                "usr": "s:So14NSUserDefaultsC30MWWelbaChallengeRecorderPluginE05WelbadE4KeysO10workflowIdyA2EmF",
                "mangledName": "$sSo14NSUserDefaultsC30MWWelbaChallengeRecorderPluginE05WelbadE4KeysO10workflowIdyA2EmF",
                "moduleName": "MWWelbaChallengeRecorderPlugin"
              },
              {
                "kind": "Constructor",
                "name": "init",
                "printedName": "init(rawValue:)",
                "children": [
                  {
                    "kind": "TypeNominal",
                    "name": "Optional",
                    "printedName": "Foundation.UserDefaults.WelbaChallengeRecorderKeys?",
                    "children": [
                      {
                        "kind": "TypeNominal",
                        "name": "WelbaChallengeRecorderKeys",
                        "printedName": "Foundation.UserDefaults.WelbaChallengeRecorderKeys",
                        "usr": "s:So14NSUserDefaultsC30MWWelbaChallengeRecorderPluginE05WelbadE4KeysO"
                      }
                    ],
                    "usr": "s:Sq"
                  },
                  {
                    "kind": "TypeNominal",
                    "name": "String",
                    "printedName": "Swift.String",
                    "usr": "s:SS"
                  }
                ],
                "declKind": "Constructor",
                "usr": "s:So14NSUserDefaultsC30MWWelbaChallengeRecorderPluginE05WelbadE4KeysO8rawValueAESgSS_tcfc",
                "mangledName": "$sSo14NSUserDefaultsC30MWWelbaChallengeRecorderPluginE05WelbadE4KeysO8rawValueAESgSS_tcfc",
                "moduleName": "MWWelbaChallengeRecorderPlugin",
                "implicit": true,
                "init_kind": "Designated"
              },
              {
                "kind": "Var",
                "name": "rawValue",
                "printedName": "rawValue",
                "children": [
                  {
                    "kind": "TypeNominal",
                    "name": "String",
                    "printedName": "Swift.String",
                    "usr": "s:SS"
                  }
                ],
                "declKind": "Var",
                "usr": "s:So14NSUserDefaultsC30MWWelbaChallengeRecorderPluginE05WelbadE4KeysO8rawValueSSvp",
                "mangledName": "$sSo14NSUserDefaultsC30MWWelbaChallengeRecorderPluginE05WelbadE4KeysO8rawValueSSvp",
                "moduleName": "MWWelbaChallengeRecorderPlugin",
                "implicit": true,
                "accessors": [
                  {
                    "kind": "Accessor",
                    "name": "Get",
                    "printedName": "Get()",
                    "children": [
                      {
                        "kind": "TypeNominal",
                        "name": "String",
                        "printedName": "Swift.String",
                        "usr": "s:SS"
                      }
                    ],
                    "declKind": "Accessor",
                    "usr": "s:So14NSUserDefaultsC30MWWelbaChallengeRecorderPluginE05WelbadE4KeysO8rawValueSSvg",
                    "mangledName": "$sSo14NSUserDefaultsC30MWWelbaChallengeRecorderPluginE05WelbadE4KeysO8rawValueSSvg",
                    "moduleName": "MWWelbaChallengeRecorderPlugin",
                    "implicit": true,
                    "accessorKind": "get"
                  }
                ]
              }
            ],
            "declKind": "Enum",
            "usr": "s:So14NSUserDefaultsC30MWWelbaChallengeRecorderPluginE05WelbadE4KeysO",
            "mangledName": "$sSo14NSUserDefaultsC30MWWelbaChallengeRecorderPluginE05WelbadE4KeysO",
            "moduleName": "MWWelbaChallengeRecorderPlugin",
            "isFromExtension": true,
            "enumRawTypeName": "String",
            "conformances": [
              {
                "kind": "Conformance",
                "name": "Equatable",
                "printedName": "Equatable",
                "usr": "s:SQ",
                "mangledName": "$sSQ"
              },
              {
                "kind": "Conformance",
                "name": "Hashable",
                "printedName": "Hashable",
                "usr": "s:SH",
                "mangledName": "$sSH"
              },
              {
                "kind": "Conformance",
                "name": "RawRepresentable",
                "printedName": "RawRepresentable",
                "children": [
                  {
                    "kind": "TypeWitness",
                    "name": "RawValue",
                    "printedName": "RawValue",
                    "children": [
                      {
                        "kind": "TypeNominal",
                        "name": "String",
                        "printedName": "Swift.String",
                        "usr": "s:SS"
                      }
                    ]
                  }
                ],
                "usr": "s:SY",
                "mangledName": "$sSY"
              }
            ]
          },
          {
            "kind": "Function",
            "name": "set",
            "printedName": "set(_:forKey:)",
            "children": [
              {
                "kind": "TypeNominal",
                "name": "Void",
                "printedName": "()"
              },
              {
                "kind": "TypeNominal",
                "name": "Optional",
                "printedName": "Any?",
                "children": [
                  {
                    "kind": "TypeNominal",
                    "name": "ProtocolComposition",
                    "printedName": "Any"
                  }
                ],
                "usr": "s:Sq"
              },
              {
                "kind": "TypeNominal",
                "name": "WelbaChallengeRecorderKeys",
                "printedName": "Foundation.UserDefaults.WelbaChallengeRecorderKeys",
                "usr": "s:So14NSUserDefaultsC30MWWelbaChallengeRecorderPluginE05WelbadE4KeysO"
              }
            ],
            "declKind": "Func",
            "usr": "s:So14NSUserDefaultsC30MWWelbaChallengeRecorderPluginE3set_6forKeyyypSg_AbCE05WelbadE4KeysOtF",
            "mangledName": "$sSo14NSUserDefaultsC30MWWelbaChallengeRecorderPluginE3set_6forKeyyypSg_AbCE05WelbadE4KeysOtF",
            "moduleName": "MWWelbaChallengeRecorderPlugin",
            "isFromExtension": true,
            "funcSelfKind": "NonMutating"
          },
          {
            "kind": "Function",
            "name": "dictionary",
            "printedName": "dictionary(forKey:)",
            "children": [
              {
                "kind": "TypeNominal",
                "name": "Optional",
                "printedName": "[Swift.String : Any]?",
                "children": [
                  {
                    "kind": "TypeNominal",
                    "name": "Dictionary",
                    "printedName": "[Swift.String : Any]",
                    "children": [
                      {
                        "kind": "TypeNominal",
                        "name": "String",
                        "printedName": "Swift.String",
                        "usr": "s:SS"
                      },
                      {
                        "kind": "TypeNominal",
                        "name": "ProtocolComposition",
                        "printedName": "Any"
                      }
                    ],
                    "usr": "s:SD"
                  }
                ],
                "usr": "s:Sq"
              },
              {
                "kind": "TypeNominal",
                "name": "WelbaChallengeRecorderKeys",
                "printedName": "Foundation.UserDefaults.WelbaChallengeRecorderKeys",
                "usr": "s:So14NSUserDefaultsC30MWWelbaChallengeRecorderPluginE05WelbadE4KeysO"
              }
            ],
            "declKind": "Func",
            "usr": "s:So14NSUserDefaultsC30MWWelbaChallengeRecorderPluginE10dictionary6forKeySDySSypGSgAbCE05WelbadE4KeysO_tF",
            "mangledName": "$sSo14NSUserDefaultsC30MWWelbaChallengeRecorderPluginE10dictionary6forKeySDySSypGSgAbCE05WelbadE4KeysO_tF",
            "moduleName": "MWWelbaChallengeRecorderPlugin",
            "isFromExtension": true,
            "funcSelfKind": "NonMutating"
          },
          {
            "kind": "Function",
            "name": "array",
            "printedName": "array(forKey:)",
            "children": [
              {
                "kind": "TypeNominal",
                "name": "Optional",
                "printedName": "[Any]?",
                "children": [
                  {
                    "kind": "TypeNominal",
                    "name": "Array",
                    "printedName": "[Any]",
                    "children": [
                      {
                        "kind": "TypeNominal",
                        "name": "ProtocolComposition",
                        "printedName": "Any"
                      }
                    ],
                    "usr": "s:Sa"
                  }
                ],
                "usr": "s:Sq"
              },
              {
                "kind": "TypeNominal",
                "name": "WelbaChallengeRecorderKeys",
                "printedName": "Foundation.UserDefaults.WelbaChallengeRecorderKeys",
                "usr": "s:So14NSUserDefaultsC30MWWelbaChallengeRecorderPluginE05WelbadE4KeysO"
              }
            ],
            "declKind": "Func",
            "usr": "s:So14NSUserDefaultsC30MWWelbaChallengeRecorderPluginE5array6forKeySayypGSgAbCE05WelbadE4KeysO_tF",
            "mangledName": "$sSo14NSUserDefaultsC30MWWelbaChallengeRecorderPluginE5array6forKeySayypGSgAbCE05WelbadE4KeysO_tF",
            "moduleName": "MWWelbaChallengeRecorderPlugin",
            "isFromExtension": true,
            "funcSelfKind": "NonMutating"
          },
          {
            "kind": "Function",
            "name": "string",
            "printedName": "string(forKey:)",
            "children": [
              {
                "kind": "TypeNominal",
                "name": "Optional",
                "printedName": "Swift.String?",
                "children": [
                  {
                    "kind": "TypeNominal",
                    "name": "String",
                    "printedName": "Swift.String",
                    "usr": "s:SS"
                  }
                ],
                "usr": "s:Sq"
              },
              {
                "kind": "TypeNominal",
                "name": "WelbaChallengeRecorderKeys",
                "printedName": "Foundation.UserDefaults.WelbaChallengeRecorderKeys",
                "usr": "s:So14NSUserDefaultsC30MWWelbaChallengeRecorderPluginE05WelbadE4KeysO"
              }
            ],
            "declKind": "Func",
            "usr": "s:So14NSUserDefaultsC30MWWelbaChallengeRecorderPluginE6string6forKeySSSgAbCE05WelbadE4KeysO_tF",
            "mangledName": "$sSo14NSUserDefaultsC30MWWelbaChallengeRecorderPluginE6string6forKeySSSgAbCE05WelbadE4KeysO_tF",
            "moduleName": "MWWelbaChallengeRecorderPlugin",
            "isFromExtension": true,
            "funcSelfKind": "NonMutating"
          },
          {
            "kind": "Function",
            "name": "removeObject",
            "printedName": "removeObject(forKey:)",
            "children": [
              {
                "kind": "TypeNominal",
                "name": "Void",
                "printedName": "()"
              },
              {
                "kind": "TypeNominal",
                "name": "WelbaChallengeRecorderKeys",
                "printedName": "Foundation.UserDefaults.WelbaChallengeRecorderKeys",
                "usr": "s:So14NSUserDefaultsC30MWWelbaChallengeRecorderPluginE05WelbadE4KeysO"
              }
            ],
            "declKind": "Func",
            "usr": "s:So14NSUserDefaultsC30MWWelbaChallengeRecorderPluginE12removeObject6forKeyyAbCE05WelbadE4KeysO_tF",
            "mangledName": "$sSo14NSUserDefaultsC30MWWelbaChallengeRecorderPluginE12removeObject6forKeyyAbCE05WelbadE4KeysO_tF",
            "moduleName": "MWWelbaChallengeRecorderPlugin",
            "isFromExtension": true,
            "funcSelfKind": "NonMutating"
          }
        ],
        "declKind": "Class",
        "usr": "c:objc(cs)NSUserDefaults",
        "moduleName": "Foundation",
        "isOpen": true,
        "objc_name": "NSUserDefaults",
        "declAttributes": [
          "ObjC",
          "NonSendable",
          "Dynamic"
        ],
        "superclassUsr": "c:objc(cs)NSObject",
        "isExternal": true,
        "inheritsConvenienceInitializers": true,
        "superclassNames": [
          "ObjectiveC.NSObject"
        ],
        "conformances": [
          {
            "kind": "Conformance",
            "name": "Equatable",
            "printedName": "Equatable",
            "usr": "s:SQ",
            "mangledName": "$sSQ"
          },
          {
            "kind": "Conformance",
            "name": "Hashable",
            "printedName": "Hashable",
            "usr": "s:SH",
            "mangledName": "$sSH"
          },
          {
            "kind": "Conformance",
            "name": "CVarArg",
            "printedName": "CVarArg",
            "usr": "s:s7CVarArgP",
            "mangledName": "$ss7CVarArgP"
          },
          {
            "kind": "Conformance",
            "name": "_KeyValueCodingAndObservingPublishing",
            "printedName": "_KeyValueCodingAndObservingPublishing",
            "usr": "s:10Foundation37_KeyValueCodingAndObservingPublishingP",
            "mangledName": "$s10Foundation37_KeyValueCodingAndObservingPublishingP"
          },
          {
            "kind": "Conformance",
            "name": "_KeyValueCodingAndObserving",
            "printedName": "_KeyValueCodingAndObserving",
            "usr": "s:10Foundation27_KeyValueCodingAndObservingP",
            "mangledName": "$s10Foundation27_KeyValueCodingAndObservingP"
          },
          {
            "kind": "Conformance",
            "name": "CustomStringConvertible",
            "printedName": "CustomStringConvertible",
            "usr": "s:s23CustomStringConvertibleP",
            "mangledName": "$ss23CustomStringConvertibleP"
          },
          {
            "kind": "Conformance",
            "name": "CustomDebugStringConvertible",
            "printedName": "CustomDebugStringConvertible",
            "usr": "s:s28CustomDebugStringConvertibleP",
            "mangledName": "$ss28CustomDebugStringConvertibleP"
          }
        ]
      }
    ],
    "json_format_version": 8
  },
  "ConstValues": [
    {
      "filePath": "\/Users\/vagrant\/git\/project\/MWWelbaChallengeRecorderPlugin\/MWWelbaChallengeRecorderPlugin\/MWWelbaChallengeRecorderPluginStruct.swift",
      "kind": "StringLiteral",
      "offset": 409,
      "length": 37,
      "value": "\"io.mobileworkflow.ChallengeRecorder\""
    },
    {
      "filePath": "\/Users\/vagrant\/git\/project\/MWWelbaChallengeRecorderPlugin\/MWWelbaChallengeRecorderPlugin\/MWWelbaChallengeRecorderPluginStruct.swift",
      "kind": "StringLiteral",
      "offset": 483,
      "length": 44,
      "value": "\"io.mobileworkflow.NetworkChallengeRecorder\""
    },
    {
      "filePath": "\/Users\/vagrant\/git\/project\/MWWelbaChallengeRecorderPlugin\/MWWelbaChallengeRecorderPlugin\/MWWelbaChallengeRecorderPluginStruct.swift",
      "kind": "StringLiteral",
      "offset": 555,
      "length": 35,
      "value": "\"io.mobileworkflow.ChallengeImport\""
    },
    {
      "filePath": "\/Users\/vagrant\/git\/project\/MWWelbaChallengeRecorderPlugin\/MWWelbaChallengeRecorderPlugin\/MWWelbaChallengeRecorderPluginStruct.swift",
      "kind": "StringLiteral",
      "offset": 625,
      "length": 42,
      "value": "\"io.mobileworkflow.NetworkChallengeImport\""
    },
    {
      "filePath": "\/Users\/vagrant\/git\/project\/MWWelbaChallengeRecorderPlugin\/MWWelbaChallengeRecorderPlugin\/MWWelbaChallengeRecorderPluginStruct.swift",
      "kind": "StringLiteral",
      "offset": 409,
      "length": 37,
      "value": "\"io.mobileworkflow.ChallengeRecorder\""
    },
    {
      "filePath": "\/Users\/vagrant\/git\/project\/MWWelbaChallengeRecorderPlugin\/MWWelbaChallengeRecorderPlugin\/MWWelbaChallengeRecorderPluginStruct.swift",
      "kind": "StringLiteral",
      "offset": 483,
      "length": 44,
      "value": "\"io.mobileworkflow.NetworkChallengeRecorder\""
    },
    {
      "filePath": "\/Users\/vagrant\/git\/project\/MWWelbaChallengeRecorderPlugin\/MWWelbaChallengeRecorderPlugin\/MWWelbaChallengeRecorderPluginStruct.swift",
      "kind": "StringLiteral",
      "offset": 555,
      "length": 35,
      "value": "\"io.mobileworkflow.ChallengeImport\""
    },
    {
      "filePath": "\/Users\/vagrant\/git\/project\/MWWelbaChallengeRecorderPlugin\/MWWelbaChallengeRecorderPlugin\/MWWelbaChallengeRecorderPluginStruct.swift",
      "kind": "StringLiteral",
      "offset": 625,
      "length": 42,
      "value": "\"io.mobileworkflow.NetworkChallengeImport\""
    },
    {
      "filePath": "\/Users\/vagrant\/git\/project\/MWWelbaChallengeRecorderPlugin\/MWWelbaChallengeRecorderPlugin\/MWWelbaChallengeRecorderPluginStruct.swift",
      "kind": "StringLiteral",
      "offset": 1279,
      "length": 9,
      "value": "\"STOPPED\""
    },
    {
      "filePath": "\/Users\/vagrant\/git\/project\/MWWelbaChallengeRecorderPlugin\/MWWelbaChallengeRecorderPlugin\/MWWelbaChallengeRecorderPluginStruct.swift",
      "kind": "StringLiteral",
      "offset": 1316,
      "length": 19,
      "value": "\"Today's Challenge\""
    },
    {
      "filePath": "\/Users\/vagrant\/git\/project\/MWWelbaChallengeRecorderPlugin\/MWWelbaChallengeRecorderPlugin\/MWWelbaChallengeRecorderPluginStruct.swift",
      "kind": "StringLiteral",
      "offset": 1430,
      "length": 6,
      "value": "\"TIME\""
    },
    {
      "filePath": "\/Users\/vagrant\/git\/project\/MWWelbaChallengeRecorderPlugin\/MWWelbaChallengeRecorderPlugin\/MWWelbaChallengeRecorderPluginStruct.swift",
      "kind": "StringLiteral",
      "offset": 1477,
      "length": 16,
      "value": "\"TIME REMAINING\""
    },
    {
      "filePath": "\/Users\/vagrant\/git\/project\/MWWelbaChallengeRecorderPlugin\/MWWelbaChallengeRecorderPlugin\/MWWelbaChallengeRecorderPluginStruct.swift",
      "kind": "StringLiteral",
      "offset": 1532,
      "length": 10,
      "value": "\"00:00:00\""
    },
    {
      "filePath": "\/Users\/vagrant\/git\/project\/MWWelbaChallengeRecorderPlugin\/MWWelbaChallengeRecorderPlugin\/MWWelbaChallengeRecorderPluginStruct.swift",
      "kind": "StringLiteral",
      "offset": 1617,
      "length": 10,
      "value": "\"DISTANCE\""
    },
    {
      "filePath": "\/Users\/vagrant\/git\/project\/MWWelbaChallengeRecorderPlugin\/MWWelbaChallengeRecorderPlugin\/MWWelbaChallengeRecorderPluginStruct.swift",
      "kind": "StringLiteral",
      "offset": 1668,
      "length": 20,
      "value": "\"DISTANCE REMAINING\""
    },
    {
      "filePath": "\/Users\/vagrant\/git\/project\/MWWelbaChallengeRecorderPlugin\/MWWelbaChallengeRecorderPlugin\/MWWelbaChallengeRecorderPluginStruct.swift",
      "kind": "StringLiteral",
      "offset": 1727,
      "length": 6,
      "value": "\"0,00\""
    },
    {
      "filePath": "\/Users\/vagrant\/git\/project\/MWWelbaChallengeRecorderPlugin\/MWWelbaChallengeRecorderPlugin\/MWWelbaChallengeRecorderPluginStruct.swift",
      "kind": "StringLiteral",
      "offset": 1804,
      "length": 7,
      "value": "\"Error\""
    },
    {
      "filePath": "\/Users\/vagrant\/git\/project\/MWWelbaChallengeRecorderPlugin\/MWWelbaChallengeRecorderPlugin\/MWWelbaChallengeRecorderPluginStruct.swift",
      "kind": "StringLiteral",
      "offset": 1846,
      "length": 7,
      "value": "\"Retry\""
    },
    {
      "filePath": "\/Users\/vagrant\/git\/project\/MWWelbaChallengeRecorderPlugin\/MWWelbaChallengeRecorderPlugin\/MWWelbaChallengeRecorderPluginStruct.swift",
      "kind": "StringLiteral",
      "offset": 1920,
      "length": 7,
      "value": "\"START\""
    },
    {
      "filePath": "\/Users\/vagrant\/git\/project\/MWWelbaChallengeRecorderPlugin\/MWWelbaChallengeRecorderPlugin\/MWWelbaChallengeRecorderPluginStruct.swift",
      "kind": "StringLiteral",
      "offset": 1959,
      "length": 6,
      "value": "\"STOP\""
    },
    {
      "filePath": "\/Users\/vagrant\/git\/project\/MWWelbaChallengeRecorderPlugin\/MWWelbaChallengeRecorderPlugin\/MWWelbaChallengeRecorderPluginStruct.swift",
      "kind": "StringLiteral",
      "offset": 1999,
      "length": 8,
      "value": "\"RESUME\""
    },
    {
      "filePath": "\/Users\/vagrant\/git\/project\/MWWelbaChallengeRecorderPlugin\/MWWelbaChallengeRecorderPlugin\/MWWelbaChallengeRecorderPluginStruct.swift",
      "kind": "StringLiteral",
      "offset": 2041,
      "length": 8,
      "value": "\"FINISH\""
    },
    {
      "filePath": "\/Users\/vagrant\/git\/project\/MWWelbaChallengeRecorderPlugin\/MWWelbaChallengeRecorderPlugin\/MWWelbaChallengeRecorderPluginStruct.swift",
      "kind": "StringLiteral",
      "offset": 2114,
      "length": 132,
      "value": "\"No content \n\nRemember you can change your permissions' preferences at any time by Navigating to\nSettings App > Privacy > Health\""
    },
    {
      "filePath": "\/Users\/vagrant\/git\/project\/MWWelbaChallengeRecorderPlugin\/MWWelbaChallengeRecorderPlugin\/MWWelbaChallengeRecorderPluginStruct.swift",
      "kind": "StringLiteral",
      "offset": 2281,
      "length": 10,
      "value": "\"Imported\""
    },
    {
      "filePath": "\/Users\/vagrant\/git\/project\/MWWelbaChallengeRecorderPlugin\/MWWelbaChallengeRecorderPlugin\/MWWelbaChallengeRecorderPluginStruct.swift",
      "kind": "StringLiteral",
      "offset": 2338,
      "length": 58,
      "value": "\"You can't import activity until the challenge start date\""
    },
    {
      "filePath": "\/Users\/vagrant\/git\/project\/MWWelbaChallengeRecorderPlugin\/MWWelbaChallengeRecorderPlugin\/MWWelbaChallengeRecorderPluginStruct.swift",
      "kind": "StringLiteral",
      "offset": 2457,
      "length": 50,
      "value": "\"Would you like to clear your challenge progress?\""
    },
    {
      "filePath": "\/Users\/vagrant\/git\/project\/MWWelbaChallengeRecorderPlugin\/MWWelbaChallengeRecorderPlugin\/MWWelbaChallengeRecorderPluginStruct.swift",
      "kind": "StringLiteral",
      "offset": 2537,
      "length": 79,
      "value": "\"Selecting yes will clear your progress. Selecting no will keep your progress.\""
    },
    {
      "filePath": "\/Users\/vagrant\/git\/project\/MWWelbaChallengeRecorderPlugin\/MWWelbaChallengeRecorderPlugin\/MWWelbaChallengeRecorderPluginStruct.swift",
      "kind": "StringLiteral",
      "offset": 2646,
      "length": 5,
      "value": "\"Yes\""
    },
    {
      "filePath": "\/Users\/vagrant\/git\/project\/MWWelbaChallengeRecorderPlugin\/MWWelbaChallengeRecorderPlugin\/MWWelbaChallengeRecorderPluginStruct.swift",
      "kind": "StringLiteral",
      "offset": 2681,
      "length": 4,
      "value": "\"No\""
    },
    {
      "filePath": "\/Users\/vagrant\/git\/project\/MWWelbaChallengeRecorderPlugin\/MWWelbaChallengeRecorderPlugin\/MWWelbaChallengeRecorder\/Record\/ChallengeRecorderStepViewController.swift",
      "kind": "FloatLiteral",
      "offset": 583,
      "length": 3,
      "value": "0.0"
    },
    {
      "filePath": "\/Users\/vagrant\/git\/project\/MWWelbaChallengeRecorderPlugin\/MWWelbaChallengeRecorderPlugin\/MWWelbaChallengeRecorder\/Record\/ChallengeRecorderStepViewController.swift",
      "kind": "Array",
      "offset": 616,
      "length": 2,
      "value": "[]"
    },
    {
      "filePath": "\/Users\/vagrant\/git\/project\/MWWelbaChallengeRecorderPlugin\/MWWelbaChallengeRecorderPlugin\/MWWelbaChallengeRecorder\/Record\/ChallengeRecorderStepViewController.swift",
      "kind": "StringLiteral",
      "offset": 15543,
      "length": 48,
      "value": "\"io.mobileworkflow.ChallengeRecorder.timestamps\""
    },
    {
      "filePath": "\/Users\/vagrant\/git\/project\/MWWelbaChallengeRecorderPlugin\/MWWelbaChallengeRecorderPlugin\/MWWelbaChallengeRecorder\/Record\/ChallengeRecorderStepViewController.swift",
      "kind": "StringLiteral",
      "offset": 15615,
      "length": 45,
      "value": "\"io.mobileworkflow.ChallengeRecorder.session\""
    },
    {
      "filePath": "\/Users\/vagrant\/git\/project\/MWWelbaChallengeRecorderPlugin\/MWWelbaChallengeRecorderPlugin\/MWWelbaChallengeRecorder\/Record\/ChallengeRecorderStepViewController.swift",
      "kind": "StringLiteral",
      "offset": 15687,
      "length": 48,
      "value": "\"io.mobileworkflow.ChallengeRecorder.workflowId\""
    },
    {
      "filePath": "\/Users\/vagrant\/git\/project\/MWWelbaChallengeRecorderPlugin\/MWWelbaChallengeRecorderPlugin\/MWWelbaChallengeRecorder\/Record\/ChallengeRecorderStepViewController.swift",
      "kind": "StringLiteral",
      "offset": 15543,
      "length": 48,
      "value": "\"io.mobileworkflow.ChallengeRecorder.timestamps\""
    },
    {
      "filePath": "\/Users\/vagrant\/git\/project\/MWWelbaChallengeRecorderPlugin\/MWWelbaChallengeRecorderPlugin\/MWWelbaChallengeRecorder\/Record\/ChallengeRecorderStepViewController.swift",
      "kind": "StringLiteral",
      "offset": 15615,
      "length": 45,
      "value": "\"io.mobileworkflow.ChallengeRecorder.session\""
    },
    {
      "filePath": "\/Users\/vagrant\/git\/project\/MWWelbaChallengeRecorderPlugin\/MWWelbaChallengeRecorderPlugin\/MWWelbaChallengeRecorder\/Record\/ChallengeRecorderStepViewController.swift",
      "kind": "StringLiteral",
      "offset": 15687,
      "length": 48,
      "value": "\"io.mobileworkflow.ChallengeRecorder.workflowId\""
    },
    {
      "filePath": "\/Users\/vagrant\/git\/project\/MWWelbaChallengeRecorderPlugin\/MWWelbaChallengeRecorderPlugin\/MWWelbaChallengeRecorder\/Record\/ChallengeRecorderStep.swift",
      "kind": "BooleanLiteral",
      "offset": 927,
      "length": 5,
      "value": "false"
    },
    {
      "filePath": "\/Users\/vagrant\/git\/project\/MWWelbaChallengeRecorderPlugin\/MWWelbaChallengeRecorderPlugin\/MWWelbaChallengeRecorder\/Record\/ChallengeRecorderStep.swift",
      "kind": "StringLiteral",
      "offset": 462,
      "length": 21,
      "value": "\"MWWelbaChallengeRecorderPlugin.ChallengeRecorderStep\""
    },
    {
      "filePath": "\/Users\/vagrant\/git\/project\/MWWelbaChallengeRecorderPlugin\/MWWelbaChallengeRecorderPlugin\/MWWelbaChallengeRecorder\/Record\/NetworkChallengeRecorderStep.swift",
      "kind": "BooleanLiteral",
      "offset": 892,
      "length": 5,
      "value": "false"
    },
    {
      "filePath": "\/Users\/vagrant\/git\/project\/MWWelbaChallengeRecorderPlugin\/MWWelbaChallengeRecorderPlugin\/MWWelbaChallengeRecorder\/Record\/NetworkChallengeRecorderStep.swift",
      "kind": "StringLiteral",
      "offset": 580,
      "length": 28,
      "value": "\"MWWelbaChallengeRecorderPlugin.NetworkChallengeRecorderStep\""
    },
    {
      "filePath": "\/Users\/vagrant\/git\/project\/MWWelbaChallengeRecorderPlugin\/MWWelbaChallengeRecorderPlugin\/MWWelbaChallengeRecorder\/Import\/ChallengeImportItem.swift",
      "kind": "BooleanLiteral",
      "offset": 393,
      "length": 5,
      "value": "false"
    },
    {
      "filePath": "\/Users\/vagrant\/git\/project\/MWWelbaChallengeRecorderPlugin\/MWWelbaChallengeRecorderPlugin\/MWWelbaChallengeRecorder\/Import\/ChallengeImportItem.swift",
      "kind": "StringLiteral",
      "offset": 574,
      "length": 8,
      "value": "\"iPhone\""
    },
    {
      "filePath": "\/Users\/vagrant\/git\/project\/MWWelbaChallengeRecorderPlugin\/MWWelbaChallengeRecorderPlugin\/MWWelbaChallengeRecorder\/Import\/ChallengeImportItem.swift",
      "kind": "StringLiteral",
      "offset": 604,
      "length": 13,
      "value": "\"Apple Watch\""
    },
    {
      "filePath": "\/Users\/vagrant\/git\/project\/MWWelbaChallengeRecorderPlugin\/MWWelbaChallengeRecorderPlugin\/MWWelbaChallengeRecorder\/Import\/ChallengeImportItem.swift",
      "kind": "StringLiteral",
      "offset": 574,
      "length": 8,
      "value": "\"iPhone\""
    },
    {
      "filePath": "\/Users\/vagrant\/git\/project\/MWWelbaChallengeRecorderPlugin\/MWWelbaChallengeRecorderPlugin\/MWWelbaChallengeRecorder\/Import\/ChallengeImportItem.swift",
      "kind": "StringLiteral",
      "offset": 604,
      "length": 13,
      "value": "\"Apple Watch\""
    },
    {
      "filePath": "\/Users\/vagrant\/git\/project\/MWWelbaChallengeRecorderPlugin\/MWWelbaChallengeRecorderPlugin\/MWWelbaChallengeRecorder\/Import\/ChallengeImportStepViewController.swift",
      "kind": "Array",
      "offset": 7538,
      "length": 2,
      "value": "[]"
    },
    {
      "filePath": "\/Users\/vagrant\/git\/project\/MWWelbaChallengeRecorderPlugin\/MWWelbaChallengeRecorderPlugin\/MWWelbaChallengeRecorder\/Import\/ChallengeImportStepViewController.swift",
      "kind": "Array",
      "offset": 7576,
      "length": 2,
      "value": "[]"
    },
    {
      "filePath": "\/Users\/vagrant\/git\/project\/MWWelbaChallengeRecorderPlugin\/MWWelbaChallengeRecorderPlugin\/MWWelbaChallengeRecorder\/Import\/ChallengeImportableStep.swift",
      "kind": "StringLiteral",
      "offset": 179,
      "length": 23,
      "value": "\"MWWelbaChallengeRecorderPlugin.ChallengeImportableStep\""
    },
    {
      "filePath": "\/Users\/vagrant\/git\/project\/MWWelbaChallengeRecorderPlugin\/MWWelbaChallengeRecorderPlugin\/MWWelbaChallengeRecorder\/Import\/ChallengeImportableStep.swift",
      "kind": "StringLiteral",
      "offset": 2181,
      "length": 15,
      "value": "\"importedItems\""
    },
    {
      "filePath": "\/Users\/vagrant\/git\/project\/MWWelbaChallengeRecorderPlugin\/MWWelbaChallengeRecorderPlugin\/MWWelbaChallengeRecorder\/Import\/NetworkChallengeImportStep.swift",
      "kind": "StringLiteral",
      "offset": 370,
      "length": 26,
      "value": "\"MWWelbaChallengeRecorderPlugin.NetworkChallengeImportStep\""
    },
    {
      "filePath": "\/Users\/vagrant\/git\/project\/MWWelbaChallengeRecorderPlugin\/MWWelbaChallengeRecorderPlugin\/MWWelbaChallengeRecorder\/Views\/ChallengeRecorderView.swift",
      "kind": "BooleanLiteral",
      "offset": 699,
      "length": 5,
      "value": "false"
    },
    {
      "filePath": "\/Users\/vagrant\/git\/project\/MWWelbaChallengeRecorderPlugin\/MWWelbaChallengeRecorderPlugin\/MWWelbaChallengeRecorder\/Views\/ChallengeRecorderView.swift",
      "kind": "BooleanLiteral",
      "offset": 809,
      "length": 5,
      "value": "false"
    },
    {
      "filePath": "\/Users\/vagrant\/git\/project\/MWWelbaChallengeRecorderPlugin\/MWWelbaChallengeRecorderPlugin\/MWWelbaChallengeRecorder\/Views\/ChallengeRecorderView.swift",
      "kind": "FloatLiteral",
      "offset": 860,
      "length": 3,
      "value": "0.0"
    },
    {
      "filePath": "\/Users\/vagrant\/git\/project\/MWWelbaChallengeRecorderPlugin\/MWWelbaChallengeRecorderPlugin\/MWWelbaChallengeRecorder\/Views\/ChallengeRecorderView.swift",
      "kind": "BooleanLiteral",
      "offset": 928,
      "length": 5,
      "value": "false"
    },
    {
      "filePath": "\/Users\/vagrant\/git\/project\/MWWelbaChallengeRecorderPlugin\/MWWelbaChallengeRecorderPlugin\/MWWelbaChallengeRecorder\/Views\/ChallengeRecorderView.swift",
      "kind": "BooleanLiteral",
      "offset": 1089,
      "length": 5,
      "value": "false"
    },
    {
      "filePath": "\/Users\/vagrant\/git\/project\/MWWelbaChallengeRecorderPlugin\/MWWelbaChallengeRecorderPlugin\/MWWelbaChallengeRecorder\/Views\/ChallengeRecorderView.swift",
      "kind": "BooleanLiteral",
      "offset": 1198,
      "length": 5,
      "value": "false"
    },
    {
      "filePath": "\/Users\/vagrant\/git\/project\/MWWelbaChallengeRecorderPlugin\/MWWelbaChallengeRecorderPlugin\/MWWelbaChallengeRecorder\/Views\/ChallengeRecorderView.swift",
      "kind": "FloatLiteral",
      "offset": 1249,
      "length": 3,
      "value": "0.0"
    },
    {
      "filePath": "\/Users\/vagrant\/git\/project\/MWWelbaChallengeRecorderPlugin\/MWWelbaChallengeRecorderPlugin\/MWWelbaChallengeRecorder\/Views\/ChallengeRecorderView.swift",
      "kind": "BooleanLiteral",
      "offset": 1317,
      "length": 5,
      "value": "false"
    },
    {
      "filePath": "\/Users\/vagrant\/git\/project\/MWWelbaChallengeRecorderPlugin\/MWWelbaChallengeRecorderPlugin\/MWWelbaChallengeRecorder\/Views\/ChallengeRecorderView.swift",
      "kind": "BooleanLiteral",
      "offset": 1478,
      "length": 5,
      "value": "false"
    },
    {
      "filePath": "\/Users\/vagrant\/git\/project\/MWWelbaChallengeRecorderPlugin\/MWWelbaChallengeRecorderPlugin\/MWWelbaChallengeRecorder\/Views\/ChallengeRecorderView.swift",
      "kind": "BooleanLiteral",
      "offset": 1589,
      "length": 5,
      "value": "false"
    },
    {
      "filePath": "\/Users\/vagrant\/git\/project\/MWWelbaChallengeRecorderPlugin\/MWWelbaChallengeRecorderPlugin\/MWWelbaChallengeRecorder\/Views\/ChallengeRecorderView.swift",
      "kind": "FloatLiteral",
      "offset": 1658,
      "length": 3,
      "value": "0.0"
    },
    {
      "filePath": "\/Users\/vagrant\/git\/project\/MWWelbaChallengeRecorderPlugin\/MWWelbaChallengeRecorderPlugin\/MWWelbaChallengeRecorder\/Views\/ChallengeRecorderView.swift",
      "kind": "FloatLiteral",
      "offset": 1664,
      "length": 3,
      "value": "1.0"
    },
    {
      "filePath": "\/Users\/vagrant\/git\/project\/MWWelbaChallengeRecorderPlugin\/MWWelbaChallengeRecorderPlugin\/MWWelbaChallengeRecorder\/Views\/ChallengeRecorderView.swift",
      "kind": "BooleanLiteral",
      "offset": 2026,
      "length": 4,
      "value": "true"
    },
    {
      "filePath": "\/Users\/vagrant\/git\/project\/MWWelbaChallengeRecorderPlugin\/MWWelbaChallengeRecorderPlugin\/MWWelbaChallengeRecorder\/Views\/ChallengeRecorderView.swift",
      "kind": "FloatLiteral",
      "offset": 2094,
      "length": 3,
      "value": "0.0"
    },
    {
      "filePath": "\/Users\/vagrant\/git\/project\/MWWelbaChallengeRecorderPlugin\/MWWelbaChallengeRecorderPlugin\/MWWelbaChallengeRecorder\/Views\/ChallengeRecorderView.swift",
      "kind": "FloatLiteral",
      "offset": 2100,
      "length": 3,
      "value": "1.0"
    },
    {
      "filePath": "\/Users\/vagrant\/git\/project\/MWWelbaChallengeRecorderPlugin\/MWWelbaChallengeRecorderPlugin\/MWWelbaChallengeRecorder\/Views\/ChallengeRecorderView.swift",
      "kind": "BooleanLiteral",
      "offset": 2910,
      "length": 5,
      "value": "false"
    }
  ]
}