{
  "ABIRoot": {
    "kind": "Root",
    "name": "TopLevel",
    "printedName": "TopLevel",
    "children": [
      {
        "kind": "Import",
        "name": "UIKit",
        "printedName": "UIKit",
        "declKind": "Import",
        "moduleName": "MWAppAuthPlugin",
        "declAttributes": [
          "RawDocComment"
        ]
      },
      {
        "kind": "Import",
        "name": "UIKit",
        "printedName": "UIKit",
        "declKind": "Import",
        "moduleName": "MWAppAuthPlugin",
        "declAttributes": [
          "RawDocComment"
        ]
      },
      {
        "kind": "Import",
        "name": "MobileWorkflowCore",
        "printedName": "MobileWorkflowCore",
        "declKind": "Import",
        "moduleName": "MWAppAuthPlugin"
      },
      {
        "kind": "Import",
        "name": "Foundation",
        "printedName": "Foundation",
        "declKind": "Import",
        "moduleName": "MWAppAuthPlugin",
        "declAttributes": [
          "RawDocComment"
        ]
      },
      {
        "kind": "Import",
        "name": "UIKit",
        "printedName": "UIKit",
        "declKind": "Import",
        "moduleName": "MWAppAuthPlugin",
        "declAttributes": [
          "RawDocComment"
        ]
      },
      {
        "kind": "Import",
        "name": "MobileWorkflowCore",
        "printedName": "MobileWorkflowCore",
        "declKind": "Import",
        "moduleName": "MWAppAuthPlugin"
      },
      {
        "kind": "Import",
        "name": "AppAuth",
        "printedName": "AppAuth",
        "declKind": "Import",
        "moduleName": "MWAppAuthPlugin"
      },
      {
        "kind": "Import",
        "name": "AuthenticationServices",
        "printedName": "AuthenticationServices",
        "declKind": "Import",
        "moduleName": "MWAppAuthPlugin"
      },
      {
        "kind": "Import",
        "name": "UIKit",
        "printedName": "UIKit",
        "declKind": "Import",
        "moduleName": "MWAppAuthPlugin",
        "declAttributes": [
          "RawDocComment"
        ]
      },
      {
        "kind": "Import",
        "name": "MobileWorkflowCore",
        "printedName": "MobileWorkflowCore",
        "declKind": "Import",
        "moduleName": "MWAppAuthPlugin"
      },
      {
        "kind": "Import",
        "name": "AuthenticationServices",
        "printedName": "AuthenticationServices",
        "declKind": "Import",
        "moduleName": "MWAppAuthPlugin"
      },
      {
        "kind": "Import",
        "name": "UIKit",
        "printedName": "UIKit",
        "declKind": "Import",
        "moduleName": "MWAppAuthPlugin",
        "declAttributes": [
          "RawDocComment"
        ]
      },
      {
        "kind": "Import",
        "name": "MobileWorkflowCore",
        "printedName": "MobileWorkflowCore",
        "declKind": "Import",
        "moduleName": "MWAppAuthPlugin"
      },
      {
        "kind": "Import",
        "name": "Foundation",
        "printedName": "Foundation",
        "declKind": "Import",
        "moduleName": "MWAppAuthPlugin",
        "declAttributes": [
          "RawDocComment"
        ]
      },
      {
        "kind": "Import",
        "name": "MobileWorkflowCore",
        "printedName": "MobileWorkflowCore",
        "declKind": "Import",
        "moduleName": "MWAppAuthPlugin"
      },
      {
        "kind": "Import",
        "name": "Foundation",
        "printedName": "Foundation",
        "declKind": "Import",
        "moduleName": "MWAppAuthPlugin",
        "declAttributes": [
          "RawDocComment"
        ]
      },
      {
        "kind": "Import",
        "name": "MobileWorkflowCore",
        "printedName": "MobileWorkflowCore",
        "declKind": "Import",
        "moduleName": "MWAppAuthPlugin"
      },
      {
        "kind": "Import",
        "name": "Foundation",
        "printedName": "Foundation",
        "declKind": "Import",
        "moduleName": "MWAppAuthPlugin",
        "declAttributes": [
          "RawDocComment"
        ]
      },
      {
        "kind": "Import",
        "name": "MobileWorkflowCore",
        "printedName": "MobileWorkflowCore",
        "declKind": "Import",
        "moduleName": "MWAppAuthPlugin"
      },
      {
        "kind": "TypeDecl",
        "name": "MWAppAuthPluginStruct",
        "printedName": "MWAppAuthPluginStruct",
        "children": [
          {
            "kind": "Var",
            "name": "allStepsTypes",
            "printedName": "allStepsTypes",
            "children": [
              {
                "kind": "TypeNominal",
                "name": "Array",
                "printedName": "[MobileWorkflowCore.StepType]",
                "children": [
                  {
                    "kind": "TypeNominal",
                    "name": "StepType",
                    "printedName": "MobileWorkflowCore.StepType",
                    "usr": "s:18MobileWorkflowCore8StepTypeP"
                  }
                ],
                "usr": "s:Sa"
              }
            ],
            "declKind": "Var",
            "usr": "s:15MWAppAuthPlugin0abC6StructV13allStepsTypesSay18MobileWorkflowCore8StepType_pGvpZ",
            "mangledName": "$s15MWAppAuthPlugin0abC6StructV13allStepsTypesSay18MobileWorkflowCore8StepType_pGvpZ",
            "moduleName": "MWAppAuthPlugin",
            "static": true,
            "declAttributes": [
              "AccessControl"
            ],
            "accessors": [
              {
                "kind": "Accessor",
                "name": "Get",
                "printedName": "Get()",
                "children": [
                  {
                    "kind": "TypeNominal",
                    "name": "Array",
                    "printedName": "[MobileWorkflowCore.StepType]",
                    "children": [
                      {
                        "kind": "TypeNominal",
                        "name": "StepType",
                        "printedName": "MobileWorkflowCore.StepType",
                        "usr": "s:18MobileWorkflowCore8StepTypeP"
                      }
                    ],
                    "usr": "s:Sa"
                  }
                ],
                "declKind": "Accessor",
                "usr": "s:15MWAppAuthPlugin0abC6StructV13allStepsTypesSay18MobileWorkflowCore8StepType_pGvgZ",
                "mangledName": "$s15MWAppAuthPlugin0abC6StructV13allStepsTypesSay18MobileWorkflowCore8StepType_pGvgZ",
                "moduleName": "MWAppAuthPlugin",
                "static": true,
                "accessorKind": "get"
              }
            ]
          },
          {
            "kind": "Function",
            "name": "buildInterceptors",
            "printedName": "buildInterceptors(credentialStore:)",
            "children": [
              {
                "kind": "TypeNominal",
                "name": "Array",
                "printedName": "[MobileWorkflowCore.AsyncTaskInterceptor]",
                "children": [
                  {
                    "kind": "TypeNominal",
                    "name": "AsyncTaskInterceptor",
                    "printedName": "MobileWorkflowCore.AsyncTaskInterceptor",
                    "usr": "s:18MobileWorkflowCore20AsyncTaskInterceptorP"
                  }
                ],
                "usr": "s:Sa"
              },
              {
                "kind": "TypeNominal",
                "name": "CredentialStoreProtocol",
                "printedName": "MobileWorkflowCore.CredentialStoreProtocol",
                "usr": "s:18MobileWorkflowCore23CredentialStoreProtocolP"
              }
            ],
            "declKind": "Func",
            "usr": "s:15MWAppAuthPlugin0abC6StructV17buildInterceptors15credentialStoreSay18MobileWorkflowCore20AsyncTaskInterceptor_pGAF010CredentialH8Protocol_p_tFZ",
            "mangledName": "$s15MWAppAuthPlugin0abC6StructV17buildInterceptors15credentialStoreSay18MobileWorkflowCore20AsyncTaskInterceptor_pGAF010CredentialH8Protocol_p_tFZ",
            "moduleName": "MWAppAuthPlugin",
            "static": true,
            "declAttributes": [
              "AccessControl"
            ],
            "funcSelfKind": "NonMutating"
          }
        ],
        "declKind": "Struct",
        "usr": "s:15MWAppAuthPlugin0abC6StructV",
        "mangledName": "$s15MWAppAuthPlugin0abC6StructV",
        "moduleName": "MWAppAuthPlugin",
        "declAttributes": [
          "AccessControl"
        ],
        "conformances": [
          {
            "kind": "Conformance",
            "name": "Plugin",
            "printedName": "Plugin",
            "usr": "s:18MobileWorkflowCore6PluginP",
            "mangledName": "$s18MobileWorkflowCore6PluginP"
          }
        ]
      },
      {
        "kind": "Import",
        "name": "UIKit",
        "printedName": "UIKit",
        "declKind": "Import",
        "moduleName": "MWAppAuthPlugin",
        "declAttributes": [
          "RawDocComment"
        ]
      },
      {
        "kind": "Import",
        "name": "AuthenticationServices",
        "printedName": "AuthenticationServices",
        "declKind": "Import",
        "moduleName": "MWAppAuthPlugin"
      },
      {
        "kind": "Import",
        "name": "MobileWorkflowCore",
        "printedName": "MobileWorkflowCore",
        "declKind": "Import",
        "moduleName": "MWAppAuthPlugin"
      },
      {
        "kind": "Import",
        "name": "Foundation",
        "printedName": "Foundation",
        "declKind": "Import",
        "moduleName": "MWAppAuthPlugin",
        "declAttributes": [
          "RawDocComment"
        ]
      },
      {
        "kind": "Import",
        "name": "Foundation",
        "printedName": "Foundation",
        "declKind": "Import",
        "moduleName": "MWAppAuthPlugin",
        "declAttributes": [
          "RawDocComment"
        ]
      },
      {
        "kind": "Import",
        "name": "MobileWorkflowCore",
        "printedName": "MobileWorkflowCore",
        "declKind": "Import",
        "moduleName": "MWAppAuthPlugin"
      },
      {
        "kind": "Import",
        "name": "UIKit",
        "printedName": "UIKit",
        "declKind": "Import",
        "moduleName": "MWAppAuthPlugin"
      },
      {
        "kind": "TypeDecl",
        "name": "ParseError",
        "printedName": "ParseError",
        "children": [
          {
            "kind": "Var",
            "name": "invalidStepData",
            "printedName": "invalidStepData",
            "children": [
              {
                "kind": "TypeFunc",
                "name": "Function",
                "printedName": "(MWAppAuthPlugin.ParseError.Type) -> (Swift.String) -> MWAppAuthPlugin.ParseError",
                "children": [
                  {
                    "kind": "TypeFunc",
                    "name": "Function",
                    "printedName": "(Swift.String) -> MWAppAuthPlugin.ParseError",
                    "children": [
                      {
                        "kind": "TypeNominal",
                        "name": "ParseError",
                        "printedName": "MWAppAuthPlugin.ParseError",
                        "usr": "s:15MWAppAuthPlugin10ParseErrorO"
                      },
                      {
                        "kind": "TypeNominal",
                        "name": "Tuple",
                        "printedName": "(cause: Swift.String)",
                        "children": [
                          {
                            "kind": "TypeNominal",
                            "name": "String",
                            "printedName": "Swift.String",
                            "usr": "s:SS"
                          }
                        ]
                      }
                    ]
                  },
                  {
                    "kind": "TypeNominal",
                    "name": "Metatype",
                    "printedName": "MWAppAuthPlugin.ParseError.Type",
                    "children": [
                      {
                        "kind": "TypeNominal",
                        "name": "ParseError",
                        "printedName": "MWAppAuthPlugin.ParseError",
                        "usr": "s:15MWAppAuthPlugin10ParseErrorO"
                      }
                    ]
                  }
                ]
              }
            ],
            "declKind": "EnumElement",
            "usr": "s:15MWAppAuthPlugin10ParseErrorO15invalidStepDatayACSS_tcACmF",
            "mangledName": "$s15MWAppAuthPlugin10ParseErrorO15invalidStepDatayACSS_tcACmF",
            "moduleName": "MWAppAuthPlugin"
          },
          {
            "kind": "Var",
            "name": "unsupportedItemType",
            "printedName": "unsupportedItemType",
            "children": [
              {
                "kind": "TypeFunc",
                "name": "Function",
                "printedName": "(MWAppAuthPlugin.ParseError.Type) -> (Swift.String) -> MWAppAuthPlugin.ParseError",
                "children": [
                  {
                    "kind": "TypeFunc",
                    "name": "Function",
                    "printedName": "(Swift.String) -> MWAppAuthPlugin.ParseError",
                    "children": [
                      {
                        "kind": "TypeNominal",
                        "name": "ParseError",
                        "printedName": "MWAppAuthPlugin.ParseError",
                        "usr": "s:15MWAppAuthPlugin10ParseErrorO"
                      },
                      {
                        "kind": "TypeNominal",
                        "name": "Tuple",
                        "printedName": "(type: Swift.String)",
                        "children": [
                          {
                            "kind": "TypeNominal",
                            "name": "String",
                            "printedName": "Swift.String",
                            "usr": "s:SS"
                          }
                        ]
                      }
                    ]
                  },
                  {
                    "kind": "TypeNominal",
                    "name": "Metatype",
                    "printedName": "MWAppAuthPlugin.ParseError.Type",
                    "children": [
                      {
                        "kind": "TypeNominal",
                        "name": "ParseError",
                        "printedName": "MWAppAuthPlugin.ParseError",
                        "usr": "s:15MWAppAuthPlugin10ParseErrorO"
                      }
                    ]
                  }
                ]
              }
            ],
            "declKind": "EnumElement",
            "usr": "s:15MWAppAuthPlugin10ParseErrorO19unsupportedItemTypeyACSS_tcACmF",
            "mangledName": "$s15MWAppAuthPlugin10ParseErrorO19unsupportedItemTypeyACSS_tcACmF",
            "moduleName": "MWAppAuthPlugin"
          },
          {
            "kind": "Var",
            "name": "errorDescription",
            "printedName": "errorDescription",
            "children": [
              {
                "kind": "TypeNominal",
                "name": "Optional",
                "printedName": "Swift.String?",
                "children": [
                  {
                    "kind": "TypeNominal",
                    "name": "String",
                    "printedName": "Swift.String",
                    "usr": "s:SS"
                  }
                ],
                "usr": "s:Sq"
              }
            ],
            "declKind": "Var",
            "usr": "s:15MWAppAuthPlugin10ParseErrorO16errorDescriptionSSSgvp",
            "mangledName": "$s15MWAppAuthPlugin10ParseErrorO16errorDescriptionSSSgvp",
            "moduleName": "MWAppAuthPlugin",
            "declAttributes": [
              "AccessControl"
            ],
            "accessors": [
              {
                "kind": "Accessor",
                "name": "Get",
                "printedName": "Get()",
                "children": [
                  {
                    "kind": "TypeNominal",
                    "name": "Optional",
                    "printedName": "Swift.String?",
                    "children": [
                      {
                        "kind": "TypeNominal",
                        "name": "String",
                        "printedName": "Swift.String",
                        "usr": "s:SS"
                      }
                    ],
                    "usr": "s:Sq"
                  }
                ],
                "declKind": "Accessor",
                "usr": "s:15MWAppAuthPlugin10ParseErrorO16errorDescriptionSSSgvg",
                "mangledName": "$s15MWAppAuthPlugin10ParseErrorO16errorDescriptionSSSgvg",
                "moduleName": "MWAppAuthPlugin",
                "accessorKind": "get"
              }
            ]
          },
          {
            "kind": "Var",
            "name": "description",
            "printedName": "description",
            "children": [
              {
                "kind": "TypeNominal",
                "name": "String",
                "printedName": "Swift.String",
                "usr": "s:SS"
              }
            ],
            "declKind": "Var",
            "usr": "s:15MWAppAuthPlugin10ParseErrorO11descriptionSSvp",
            "mangledName": "$s15MWAppAuthPlugin10ParseErrorO11descriptionSSvp",
            "moduleName": "MWAppAuthPlugin",
            "declAttributes": [
              "AccessControl"
            ],
            "accessors": [
              {
                "kind": "Accessor",
                "name": "Get",
                "printedName": "Get()",
                "children": [
                  {
                    "kind": "TypeNominal",
                    "name": "String",
                    "printedName": "Swift.String",
                    "usr": "s:SS"
                  }
                ],
                "declKind": "Accessor",
                "usr": "s:15MWAppAuthPlugin10ParseErrorO11descriptionSSvg",
                "mangledName": "$s15MWAppAuthPlugin10ParseErrorO11descriptionSSvg",
                "moduleName": "MWAppAuthPlugin",
                "accessorKind": "get"
              }
            ]
          }
        ],
        "declKind": "Enum",
        "usr": "s:15MWAppAuthPlugin10ParseErrorO",
        "mangledName": "$s15MWAppAuthPlugin10ParseErrorO",
        "moduleName": "MWAppAuthPlugin",
        "declAttributes": [
          "AccessControl"
        ],
        "conformances": [
          {
            "kind": "Conformance",
            "name": "LocalizedError",
            "printedName": "LocalizedError",
            "usr": "s:10Foundation14LocalizedErrorP",
            "mangledName": "$s10Foundation14LocalizedErrorP"
          },
          {
            "kind": "Conformance",
            "name": "Error",
            "printedName": "Error",
            "usr": "s:s5ErrorP",
            "mangledName": "$ss5ErrorP"
          },
          {
            "kind": "Conformance",
            "name": "Sendable",
            "printedName": "Sendable",
            "usr": "s:s8SendableP",
            "mangledName": "$ss8SendableP"
          }
        ]
      },
      {
        "kind": "Import",
        "name": "UIKit",
        "printedName": "UIKit",
        "declKind": "Import",
        "moduleName": "MWAppAuthPlugin",
        "declAttributes": [
          "RawDocComment"
        ]
      },
      {
        "kind": "Import",
        "name": "MobileWorkflowCore",
        "printedName": "MobileWorkflowCore",
        "declKind": "Import",
        "moduleName": "MWAppAuthPlugin"
      },
      {
        "kind": "Import",
        "name": "AppAuth",
        "printedName": "AppAuth",
        "declKind": "Import",
        "moduleName": "MWAppAuthPlugin"
      },
      {
        "kind": "Import",
        "name": "Combine",
        "printedName": "Combine",
        "declKind": "Import",
        "moduleName": "MWAppAuthPlugin"
      },
      {
        "kind": "Import",
        "name": "AuthenticationServices",
        "printedName": "AuthenticationServices",
        "declKind": "Import",
        "moduleName": "MWAppAuthPlugin"
      },
      {
        "kind": "Import",
        "name": "UIKit",
        "printedName": "UIKit",
        "declKind": "Import",
        "moduleName": "MWAppAuthPlugin",
        "declAttributes": [
          "RawDocComment"
        ]
      },
      {
        "kind": "Import",
        "name": "MobileWorkflowCore",
        "printedName": "MobileWorkflowCore",
        "declKind": "Import",
        "moduleName": "MWAppAuthPlugin"
      },
      {
        "kind": "TypeDecl",
        "name": "MWROPCTextFieldDelegate",
        "printedName": "MWROPCTextFieldDelegate",
        "children": [
          {
            "kind": "Function",
            "name": "onReturnTapped",
            "printedName": "onReturnTapped(textField:)",
            "children": [
              {
                "kind": "TypeNominal",
                "name": "Void",
                "printedName": "()"
              },
              {
                "kind": "TypeNominal",
                "name": "MWROPCTextField",
                "printedName": "MWAppAuthPlugin.MWROPCTextField",
                "usr": "c:@M@MWAppAuthPlugin@objc(cs)MWROPCTextField"
              }
            ],
            "declKind": "Func",
            "usr": "s:15MWAppAuthPlugin23MWROPCTextFieldDelegateP14onReturnTapped04textE0yAA0dE0C_tF",
            "mangledName": "$s15MWAppAuthPlugin23MWROPCTextFieldDelegateP14onReturnTapped04textE0yAA0dE0C_tF",
            "moduleName": "MWAppAuthPlugin",
            "genericSig": "<τ_0_0 where τ_0_0 : MWAppAuthPlugin.MWROPCTextFieldDelegate>",
            "sugared_genericSig": "<Self where Self : MWAppAuthPlugin.MWROPCTextFieldDelegate>",
            "protocolReq": true,
            "reqNewWitnessTableEntry": true,
            "funcSelfKind": "NonMutating"
          },
          {
            "kind": "Function",
            "name": "valueDidChange",
            "printedName": "valueDidChange(textField:)",
            "children": [
              {
                "kind": "TypeNominal",
                "name": "Void",
                "printedName": "()"
              },
              {
                "kind": "TypeNominal",
                "name": "MWROPCTextField",
                "printedName": "MWAppAuthPlugin.MWROPCTextField",
                "usr": "c:@M@MWAppAuthPlugin@objc(cs)MWROPCTextField"
              }
            ],
            "declKind": "Func",
            "usr": "s:15MWAppAuthPlugin23MWROPCTextFieldDelegateP14valueDidChange04textE0yAA0dE0C_tF",
            "mangledName": "$s15MWAppAuthPlugin23MWROPCTextFieldDelegateP14valueDidChange04textE0yAA0dE0C_tF",
            "moduleName": "MWAppAuthPlugin",
            "genericSig": "<τ_0_0 where τ_0_0 : MWAppAuthPlugin.MWROPCTextFieldDelegate>",
            "sugared_genericSig": "<Self where Self : MWAppAuthPlugin.MWROPCTextFieldDelegate>",
            "protocolReq": true,
            "reqNewWitnessTableEntry": true,
            "funcSelfKind": "NonMutating"
          }
        ],
        "declKind": "Protocol",
        "usr": "s:15MWAppAuthPlugin23MWROPCTextFieldDelegateP",
        "mangledName": "$s15MWAppAuthPlugin23MWROPCTextFieldDelegateP",
        "moduleName": "MWAppAuthPlugin",
        "genericSig": "<τ_0_0 : AnyObject>",
        "sugared_genericSig": "<Self : AnyObject>",
        "declAttributes": [
          "AccessControl"
        ]
      },
      {
        "kind": "TypeDecl",
        "name": "MWROPCTextField",
        "printedName": "MWROPCTextField",
        "children": [
          {
            "kind": "Var",
            "name": "delegate",
            "printedName": "delegate",
            "children": [
              {
                "kind": "TypeNominal",
                "name": "WeakStorage",
                "printedName": "MWAppAuthPlugin.MWROPCTextFieldDelegate?"
              }
            ],
            "declKind": "Var",
            "usr": "s:15MWAppAuthPlugin15MWROPCTextFieldC8delegateAA0dE8Delegate_pSgvp",
            "mangledName": "$s15MWAppAuthPlugin15MWROPCTextFieldC8delegateAA0dE8Delegate_pSgvp",
            "moduleName": "MWAppAuthPlugin",
            "declAttributes": [
              "HasInitialValue",
              "HasStorage",
              "Custom",
              "ReferenceOwnership",
              "AccessControl"
            ],
            "ownership": 1,
            "hasStorage": true,
            "accessors": [
              {
                "kind": "Accessor",
                "name": "Get",
                "printedName": "Get()",
                "children": [
                  {
                    "kind": "TypeNominal",
                    "name": "Optional",
                    "printedName": "MWAppAuthPlugin.MWROPCTextFieldDelegate?",
                    "children": [
                      {
                        "kind": "TypeNominal",
                        "name": "MWROPCTextFieldDelegate",
                        "printedName": "MWAppAuthPlugin.MWROPCTextFieldDelegate",
                        "usr": "s:15MWAppAuthPlugin23MWROPCTextFieldDelegateP"
                      }
                    ],
                    "usr": "s:Sq"
                  }
                ],
                "declKind": "Accessor",
                "usr": "s:15MWAppAuthPlugin15MWROPCTextFieldC8delegateAA0dE8Delegate_pSgvg",
                "mangledName": "$s15MWAppAuthPlugin15MWROPCTextFieldC8delegateAA0dE8Delegate_pSgvg",
                "moduleName": "MWAppAuthPlugin",
                "implicit": true,
                "accessorKind": "get"
              },
              {
                "kind": "Accessor",
                "name": "Set",
                "printedName": "Set()",
                "children": [
                  {
                    "kind": "TypeNominal",
                    "name": "Void",
                    "printedName": "()"
                  },
                  {
                    "kind": "TypeNominal",
                    "name": "Optional",
                    "printedName": "MWAppAuthPlugin.MWROPCTextFieldDelegate?",
                    "children": [
                      {
                        "kind": "TypeNominal",
                        "name": "MWROPCTextFieldDelegate",
                        "printedName": "MWAppAuthPlugin.MWROPCTextFieldDelegate",
                        "usr": "s:15MWAppAuthPlugin23MWROPCTextFieldDelegateP"
                      }
                    ],
                    "usr": "s:Sq"
                  }
                ],
                "declKind": "Accessor",
                "usr": "s:15MWAppAuthPlugin15MWROPCTextFieldC8delegateAA0dE8Delegate_pSgvs",
                "mangledName": "$s15MWAppAuthPlugin15MWROPCTextFieldC8delegateAA0dE8Delegate_pSgvs",
                "moduleName": "MWAppAuthPlugin",
                "implicit": true,
                "accessorKind": "set"
              },
              {
                "kind": "Accessor",
                "name": "Modify",
                "printedName": "Modify()",
                "children": [
                  {
                    "kind": "TypeNominal",
                    "name": "Void",
                    "printedName": "()"
                  }
                ],
                "declKind": "Accessor",
                "usr": "s:15MWAppAuthPlugin15MWROPCTextFieldC8delegateAA0dE8Delegate_pSgvM",
                "mangledName": "$s15MWAppAuthPlugin15MWROPCTextFieldC8delegateAA0dE8Delegate_pSgvM",
                "moduleName": "MWAppAuthPlugin",
                "implicit": true,
                "accessorKind": "_modify"
              }
            ]
          },
          {
            "kind": "TypeDecl",
            "name": "Config",
            "printedName": "Config",
            "children": [
              {
                "kind": "Var",
                "name": "title",
                "printedName": "title",
                "children": [
                  {
                    "kind": "TypeNominal",
                    "name": "String",
                    "printedName": "Swift.String",
                    "usr": "s:SS"
                  }
                ],
                "declKind": "Var",
                "usr": "s:15MWAppAuthPlugin15MWROPCTextFieldC6ConfigV5titleSSvp",
                "mangledName": "$s15MWAppAuthPlugin15MWROPCTextFieldC6ConfigV5titleSSvp",
                "moduleName": "MWAppAuthPlugin",
                "declAttributes": [
                  "HasStorage",
                  "AccessControl"
                ],
                "isLet": true,
                "hasStorage": true,
                "accessors": [
                  {
                    "kind": "Accessor",
                    "name": "Get",
                    "printedName": "Get()",
                    "children": [
                      {
                        "kind": "TypeNominal",
                        "name": "String",
                        "printedName": "Swift.String",
                        "usr": "s:SS"
                      }
                    ],
                    "declKind": "Accessor",
                    "usr": "s:15MWAppAuthPlugin15MWROPCTextFieldC6ConfigV5titleSSvg",
                    "mangledName": "$s15MWAppAuthPlugin15MWROPCTextFieldC6ConfigV5titleSSvg",
                    "moduleName": "MWAppAuthPlugin",
                    "implicit": true,
                    "accessorKind": "get"
                  }
                ]
              },
              {
                "kind": "Var",
                "name": "placeholder",
                "printedName": "placeholder",
                "children": [
                  {
                    "kind": "TypeNominal",
                    "name": "Optional",
                    "printedName": "Swift.String?",
                    "children": [
                      {
                        "kind": "TypeNominal",
                        "name": "String",
                        "printedName": "Swift.String",
                        "usr": "s:SS"
                      }
                    ],
                    "usr": "s:Sq"
                  }
                ],
                "declKind": "Var",
                "usr": "s:15MWAppAuthPlugin15MWROPCTextFieldC6ConfigV11placeholderSSSgvp",
                "mangledName": "$s15MWAppAuthPlugin15MWROPCTextFieldC6ConfigV11placeholderSSSgvp",
                "moduleName": "MWAppAuthPlugin",
                "declAttributes": [
                  "HasStorage",
                  "AccessControl"
                ],
                "isLet": true,
                "hasStorage": true,
                "accessors": [
                  {
                    "kind": "Accessor",
                    "name": "Get",
                    "printedName": "Get()",
                    "children": [
                      {
                        "kind": "TypeNominal",
                        "name": "Optional",
                        "printedName": "Swift.String?",
                        "children": [
                          {
                            "kind": "TypeNominal",
                            "name": "String",
                            "printedName": "Swift.String",
                            "usr": "s:SS"
                          }
                        ],
                        "usr": "s:Sq"
                      }
                    ],
                    "declKind": "Accessor",
                    "usr": "s:15MWAppAuthPlugin15MWROPCTextFieldC6ConfigV11placeholderSSSgvg",
                    "mangledName": "$s15MWAppAuthPlugin15MWROPCTextFieldC6ConfigV11placeholderSSSgvg",
                    "moduleName": "MWAppAuthPlugin",
                    "implicit": true,
                    "accessorKind": "get"
                  }
                ]
              },
              {
                "kind": "Var",
                "name": "isSecureTextEntry",
                "printedName": "isSecureTextEntry",
                "children": [
                  {
                    "kind": "TypeNominal",
                    "name": "Bool",
                    "printedName": "Swift.Bool",
                    "usr": "s:Sb"
                  }
                ],
                "declKind": "Var",
                "usr": "s:15MWAppAuthPlugin15MWROPCTextFieldC6ConfigV17isSecureTextEntrySbvp",
                "mangledName": "$s15MWAppAuthPlugin15MWROPCTextFieldC6ConfigV17isSecureTextEntrySbvp",
                "moduleName": "MWAppAuthPlugin",
                "declAttributes": [
                  "HasStorage",
                  "AccessControl"
                ],
                "isLet": true,
                "hasStorage": true,
                "accessors": [
                  {
                    "kind": "Accessor",
                    "name": "Get",
                    "printedName": "Get()",
                    "children": [
                      {
                        "kind": "TypeNominal",
                        "name": "Bool",
                        "printedName": "Swift.Bool",
                        "usr": "s:Sb"
                      }
                    ],
                    "declKind": "Accessor",
                    "usr": "s:15MWAppAuthPlugin15MWROPCTextFieldC6ConfigV17isSecureTextEntrySbvg",
                    "mangledName": "$s15MWAppAuthPlugin15MWROPCTextFieldC6ConfigV17isSecureTextEntrySbvg",
                    "moduleName": "MWAppAuthPlugin",
                    "implicit": true,
                    "accessorKind": "get"
                  }
                ]
              },
              {
                "kind": "Var",
                "name": "textContentType",
                "printedName": "textContentType",
                "children": [
                  {
                    "kind": "TypeNominal",
                    "name": "UITextContentType",
                    "printedName": "UIKit.UITextContentType",
                    "usr": "c:@T@UITextContentType"
                  }
                ],
                "declKind": "Var",
                "usr": "s:15MWAppAuthPlugin15MWROPCTextFieldC6ConfigV15textContentTypeSo06UITexthI0avp",
                "mangledName": "$s15MWAppAuthPlugin15MWROPCTextFieldC6ConfigV15textContentTypeSo06UITexthI0avp",
                "moduleName": "MWAppAuthPlugin",
                "declAttributes": [
                  "HasStorage",
                  "AccessControl"
                ],
                "isLet": true,
                "hasStorage": true,
                "accessors": [
                  {
                    "kind": "Accessor",
                    "name": "Get",
                    "printedName": "Get()",
                    "children": [
                      {
                        "kind": "TypeNominal",
                        "name": "UITextContentType",
                        "printedName": "UIKit.UITextContentType",
                        "usr": "c:@T@UITextContentType"
                      }
                    ],
                    "declKind": "Accessor",
                    "usr": "s:15MWAppAuthPlugin15MWROPCTextFieldC6ConfigV15textContentTypeSo06UITexthI0avg",
                    "mangledName": "$s15MWAppAuthPlugin15MWROPCTextFieldC6ConfigV15textContentTypeSo06UITexthI0avg",
                    "moduleName": "MWAppAuthPlugin",
                    "implicit": true,
                    "accessorKind": "get"
                  }
                ]
              },
              {
                "kind": "Constructor",
                "name": "init",
                "printedName": "init(title:placeholder:isSecureTextEntry:textContentType:)",
                "children": [
                  {
                    "kind": "TypeNominal",
                    "name": "Config",
                    "printedName": "MWAppAuthPlugin.MWROPCTextField.Config",
                    "usr": "s:15MWAppAuthPlugin15MWROPCTextFieldC6ConfigV"
                  },
                  {
                    "kind": "TypeNominal",
                    "name": "String",
                    "printedName": "Swift.String",
                    "usr": "s:SS"
                  },
                  {
                    "kind": "TypeNominal",
                    "name": "Optional",
                    "printedName": "Swift.String?",
                    "children": [
                      {
                        "kind": "TypeNominal",
                        "name": "String",
                        "printedName": "Swift.String",
                        "usr": "s:SS"
                      }
                    ],
                    "usr": "s:Sq"
                  },
                  {
                    "kind": "TypeNominal",
                    "name": "Bool",
                    "printedName": "Swift.Bool",
                    "hasDefaultArg": true,
                    "usr": "s:Sb"
                  },
                  {
                    "kind": "TypeNominal",
                    "name": "UITextContentType",
                    "printedName": "UIKit.UITextContentType",
                    "usr": "c:@T@UITextContentType"
                  }
                ],
                "declKind": "Constructor",
                "usr": "s:15MWAppAuthPlugin15MWROPCTextFieldC6ConfigV5title11placeholder17isSecureTextEntry15textContentTypeAESS_SSSgSbSo06UITextnO0atcfc",
                "mangledName": "$s15MWAppAuthPlugin15MWROPCTextFieldC6ConfigV5title11placeholder17isSecureTextEntry15textContentTypeAESS_SSSgSbSo06UITextnO0atcfc",
                "moduleName": "MWAppAuthPlugin",
                "declAttributes": [
                  "AccessControl"
                ],
                "init_kind": "Designated"
              }
            ],
            "declKind": "Struct",
            "usr": "s:15MWAppAuthPlugin15MWROPCTextFieldC6ConfigV",
            "mangledName": "$s15MWAppAuthPlugin15MWROPCTextFieldC6ConfigV",
            "moduleName": "MWAppAuthPlugin",
            "declAttributes": [
              "AccessControl"
            ]
          },
          {
            "kind": "Var",
            "name": "value",
            "printedName": "value",
            "children": [
              {
                "kind": "TypeNominal",
                "name": "Optional",
                "printedName": "Swift.String?",
                "children": [
                  {
                    "kind": "TypeNominal",
                    "name": "String",
                    "printedName": "Swift.String",
                    "usr": "s:SS"
                  }
                ],
                "usr": "s:Sq"
              }
            ],
            "declKind": "Var",
            "usr": "s:15MWAppAuthPlugin15MWROPCTextFieldC5valueSSSgvp",
            "mangledName": "$s15MWAppAuthPlugin15MWROPCTextFieldC5valueSSSgvp",
            "moduleName": "MWAppAuthPlugin",
            "declAttributes": [
              "Custom",
              "AccessControl"
            ],
            "accessors": [
              {
                "kind": "Accessor",
                "name": "Get",
                "printedName": "Get()",
                "children": [
                  {
                    "kind": "TypeNominal",
                    "name": "Optional",
                    "printedName": "Swift.String?",
                    "children": [
                      {
                        "kind": "TypeNominal",
                        "name": "String",
                        "printedName": "Swift.String",
                        "usr": "s:SS"
                      }
                    ],
                    "usr": "s:Sq"
                  }
                ],
                "declKind": "Accessor",
                "usr": "s:15MWAppAuthPlugin15MWROPCTextFieldC5valueSSSgvg",
                "mangledName": "$s15MWAppAuthPlugin15MWROPCTextFieldC5valueSSSgvg",
                "moduleName": "MWAppAuthPlugin",
                "accessorKind": "get"
              }
            ]
          },
          {
            "kind": "Var",
            "name": "isEnabled",
            "printedName": "isEnabled",
            "children": [
              {
                "kind": "TypeNominal",
                "name": "Bool",
                "printedName": "Swift.Bool",
                "usr": "s:Sb"
              }
            ],
            "declKind": "Var",
            "usr": "s:15MWAppAuthPlugin15MWROPCTextFieldC9isEnabledSbvp",
            "mangledName": "$s15MWAppAuthPlugin15MWROPCTextFieldC9isEnabledSbvp",
            "moduleName": "MWAppAuthPlugin",
            "declAttributes": [
              "Custom",
              "AccessControl"
            ],
            "accessors": [
              {
                "kind": "Accessor",
                "name": "Get",
                "printedName": "Get()",
                "children": [
                  {
                    "kind": "TypeNominal",
                    "name": "Bool",
                    "printedName": "Swift.Bool",
                    "usr": "s:Sb"
                  }
                ],
                "declKind": "Accessor",
                "usr": "s:15MWAppAuthPlugin15MWROPCTextFieldC9isEnabledSbvg",
                "mangledName": "$s15MWAppAuthPlugin15MWROPCTextFieldC9isEnabledSbvg",
                "moduleName": "MWAppAuthPlugin",
                "accessorKind": "get"
              },
              {
                "kind": "Accessor",
                "name": "Set",
                "printedName": "Set()",
                "children": [
                  {
                    "kind": "TypeNominal",
                    "name": "Void",
                    "printedName": "()"
                  },
                  {
                    "kind": "TypeNominal",
                    "name": "Bool",
                    "printedName": "Swift.Bool",
                    "usr": "s:Sb"
                  }
                ],
                "declKind": "Accessor",
                "usr": "s:15MWAppAuthPlugin15MWROPCTextFieldC9isEnabledSbvs",
                "mangledName": "$s15MWAppAuthPlugin15MWROPCTextFieldC9isEnabledSbvs",
                "moduleName": "MWAppAuthPlugin",
                "accessorKind": "set"
              },
              {
                "kind": "Accessor",
                "name": "Modify",
                "printedName": "Modify()",
                "children": [
                  {
                    "kind": "TypeNominal",
                    "name": "Void",
                    "printedName": "()"
                  }
                ],
                "declKind": "Accessor",
                "usr": "s:15MWAppAuthPlugin15MWROPCTextFieldC9isEnabledSbvM",
                "mangledName": "$s15MWAppAuthPlugin15MWROPCTextFieldC9isEnabledSbvM",
                "moduleName": "MWAppAuthPlugin",
                "implicit": true,
                "accessorKind": "_modify"
              }
            ]
          },
          {
            "kind": "Var",
            "name": "theme",
            "printedName": "theme",
            "children": [
              {
                "kind": "TypeNominal",
                "name": "Theme",
                "printedName": "MobileWorkflowCore.Theme",
                "usr": "s:18MobileWorkflowCore5ThemeV"
              }
            ],
            "declKind": "Var",
            "usr": "s:15MWAppAuthPlugin15MWROPCTextFieldC5theme18MobileWorkflowCore5ThemeVvp",
            "mangledName": "$s15MWAppAuthPlugin15MWROPCTextFieldC5theme18MobileWorkflowCore5ThemeVvp",
            "moduleName": "MWAppAuthPlugin",
            "declAttributes": [
              "HasInitialValue",
              "HasStorage",
              "Custom",
              "AccessControl"
            ],
            "hasStorage": true,
            "accessors": [
              {
                "kind": "Accessor",
                "name": "Get",
                "printedName": "Get()",
                "children": [
                  {
                    "kind": "TypeNominal",
                    "name": "Theme",
                    "printedName": "MobileWorkflowCore.Theme",
                    "usr": "s:18MobileWorkflowCore5ThemeV"
                  }
                ],
                "declKind": "Accessor",
                "usr": "s:15MWAppAuthPlugin15MWROPCTextFieldC5theme18MobileWorkflowCore5ThemeVvg",
                "mangledName": "$s15MWAppAuthPlugin15MWROPCTextFieldC5theme18MobileWorkflowCore5ThemeVvg",
                "moduleName": "MWAppAuthPlugin",
                "implicit": true,
                "accessorKind": "get"
              },
              {
                "kind": "Accessor",
                "name": "Set",
                "printedName": "Set()",
                "children": [
                  {
                    "kind": "TypeNominal",
                    "name": "Void",
                    "printedName": "()"
                  },
                  {
                    "kind": "TypeNominal",
                    "name": "Theme",
                    "printedName": "MobileWorkflowCore.Theme",
                    "usr": "s:18MobileWorkflowCore5ThemeV"
                  }
                ],
                "declKind": "Accessor",
                "usr": "s:15MWAppAuthPlugin15MWROPCTextFieldC5theme18MobileWorkflowCore5ThemeVvs",
                "mangledName": "$s15MWAppAuthPlugin15MWROPCTextFieldC5theme18MobileWorkflowCore5ThemeVvs",
                "moduleName": "MWAppAuthPlugin",
                "implicit": true,
                "accessorKind": "set"
              },
              {
                "kind": "Accessor",
                "name": "Modify",
                "printedName": "Modify()",
                "children": [
                  {
                    "kind": "TypeNominal",
                    "name": "Void",
                    "printedName": "()"
                  }
                ],
                "declKind": "Accessor",
                "usr": "s:15MWAppAuthPlugin15MWROPCTextFieldC5theme18MobileWorkflowCore5ThemeVvM",
                "mangledName": "$s15MWAppAuthPlugin15MWROPCTextFieldC5theme18MobileWorkflowCore5ThemeVvM",
                "moduleName": "MWAppAuthPlugin",
                "implicit": true,
                "accessorKind": "_modify"
              }
            ]
          },
          {
            "kind": "Constructor",
            "name": "init",
            "printedName": "init(theme:)",
            "children": [
              {
                "kind": "TypeNominal",
                "name": "MWROPCTextField",
                "printedName": "MWAppAuthPlugin.MWROPCTextField",
                "usr": "c:@M@MWAppAuthPlugin@objc(cs)MWROPCTextField"
              },
              {
                "kind": "TypeNominal",
                "name": "Theme",
                "printedName": "MobileWorkflowCore.Theme",
                "usr": "s:18MobileWorkflowCore5ThemeV"
              }
            ],
            "declKind": "Constructor",
            "usr": "s:15MWAppAuthPlugin15MWROPCTextFieldC5themeAC18MobileWorkflowCore5ThemeV_tcfc",
            "mangledName": "$s15MWAppAuthPlugin15MWROPCTextFieldC5themeAC18MobileWorkflowCore5ThemeV_tcfc",
            "moduleName": "MWAppAuthPlugin",
            "declAttributes": [
              "Custom",
              "AccessControl"
            ],
            "init_kind": "Designated"
          },
          {
            "kind": "Constructor",
            "name": "init",
            "printedName": "init(coder:)",
            "children": [
              {
                "kind": "TypeNominal",
                "name": "Optional",
                "printedName": "MWAppAuthPlugin.MWROPCTextField?",
                "children": [
                  {
                    "kind": "TypeNominal",
                    "name": "MWROPCTextField",
                    "printedName": "MWAppAuthPlugin.MWROPCTextField",
                    "usr": "c:@M@MWAppAuthPlugin@objc(cs)MWROPCTextField"
                  }
                ],
                "usr": "s:Sq"
              },
              {
                "kind": "TypeNominal",
                "name": "NSCoder",
                "printedName": "Foundation.NSCoder",
                "usr": "c:objc(cs)NSCoder"
              }
            ],
            "declKind": "Constructor",
            "usr": "c:@M@MWAppAuthPlugin@objc(cs)MWROPCTextField(im)initWithCoder:",
            "mangledName": "$s15MWAppAuthPlugin15MWROPCTextFieldC5coderACSgSo7NSCoderC_tcfc",
            "moduleName": "MWAppAuthPlugin",
            "overriding": true,
            "objc_name": "initWithCoder:",
            "declAttributes": [
              "Dynamic",
              "ObjC",
              "Custom",
              "Required",
              "AccessControl"
            ],
            "init_kind": "Designated"
          },
          {
            "kind": "Function",
            "name": "configure",
            "printedName": "configure(config:)",
            "children": [
              {
                "kind": "TypeNominal",
                "name": "Void",
                "printedName": "()"
              },
              {
                "kind": "TypeNominal",
                "name": "Config",
                "printedName": "MWAppAuthPlugin.MWROPCTextField.Config",
                "usr": "s:15MWAppAuthPlugin15MWROPCTextFieldC6ConfigV"
              }
            ],
            "declKind": "Func",
            "usr": "s:15MWAppAuthPlugin15MWROPCTextFieldC9configure6configyAC6ConfigV_tF",
            "mangledName": "$s15MWAppAuthPlugin15MWROPCTextFieldC9configure6configyAC6ConfigV_tF",
            "moduleName": "MWAppAuthPlugin",
            "declAttributes": [
              "Custom",
              "AccessControl"
            ],
            "funcSelfKind": "NonMutating"
          },
          {
            "kind": "Function",
            "name": "becomeFirstResponder",
            "printedName": "becomeFirstResponder()",
            "children": [
              {
                "kind": "TypeNominal",
                "name": "Bool",
                "printedName": "Swift.Bool",
                "usr": "s:Sb"
              }
            ],
            "declKind": "Func",
            "usr": "c:@M@MWAppAuthPlugin@objc(cs)MWROPCTextField(im)becomeFirstResponder",
            "mangledName": "$s15MWAppAuthPlugin15MWROPCTextFieldC20becomeFirstResponderSbyF",
            "moduleName": "MWAppAuthPlugin",
            "overriding": true,
            "objc_name": "becomeFirstResponder",
            "declAttributes": [
              "Dynamic",
              "ObjC",
              "Custom",
              "Override",
              "AccessControl"
            ],
            "funcSelfKind": "NonMutating"
          },
          {
            "kind": "Function",
            "name": "resignFirstResponder",
            "printedName": "resignFirstResponder()",
            "children": [
              {
                "kind": "TypeNominal",
                "name": "Bool",
                "printedName": "Swift.Bool",
                "usr": "s:Sb"
              }
            ],
            "declKind": "Func",
            "usr": "c:@M@MWAppAuthPlugin@objc(cs)MWROPCTextField(im)resignFirstResponder",
            "mangledName": "$s15MWAppAuthPlugin15MWROPCTextFieldC20resignFirstResponderSbyF",
            "moduleName": "MWAppAuthPlugin",
            "overriding": true,
            "objc_name": "resignFirstResponder",
            "declAttributes": [
              "Dynamic",
              "ObjC",
              "Custom",
              "Override",
              "AccessControl"
            ],
            "funcSelfKind": "NonMutating"
          },
          {
            "kind": "Constructor",
            "name": "init",
            "printedName": "init(frame:)",
            "children": [
              {
                "kind": "TypeNominal",
                "name": "MWROPCTextField",
                "printedName": "MWAppAuthPlugin.MWROPCTextField",
                "usr": "c:@M@MWAppAuthPlugin@objc(cs)MWROPCTextField"
              },
              {
                "kind": "TypeNominal",
                "name": "CGRect",
                "printedName": "CoreFoundation.CGRect",
                "usr": "c:@S@CGRect"
              }
            ],
            "declKind": "Constructor",
            "usr": "c:@M@MWAppAuthPlugin@objc(cs)MWROPCTextField(im)initWithFrame:",
            "mangledName": "$s15MWAppAuthPlugin15MWROPCTextFieldC5frameACSo6CGRectV_tcfc",
            "moduleName": "MWAppAuthPlugin",
            "overriding": true,
            "implicit": true,
            "objc_name": "initWithFrame:",
            "declAttributes": [
              "Dynamic",
              "ObjC",
              "Custom",
              "Override"
            ],
            "init_kind": "Designated"
          },
          {
            "kind": "Function",
            "name": "textFieldShouldReturn",
            "printedName": "textFieldShouldReturn(_:)",
            "children": [
              {
                "kind": "TypeNominal",
                "name": "Bool",
                "printedName": "Swift.Bool",
                "usr": "s:Sb"
              },
              {
                "kind": "TypeNominal",
                "name": "UITextField",
                "printedName": "UIKit.UITextField",
                "usr": "c:objc(cs)UITextField"
              }
            ],
            "declKind": "Func",
            "usr": "c:@CM@MWAppAuthPlugin@objc(cs)MWROPCTextField(im)textFieldShouldReturn:",
            "mangledName": "$s15MWAppAuthPlugin15MWROPCTextFieldC04textE12ShouldReturnySbSo06UITextE0CF",
            "moduleName": "MWAppAuthPlugin",
            "objc_name": "textFieldShouldReturn:",
            "declAttributes": [
              "Dynamic",
              "ObjC",
              "Custom",
              "AccessControl"
            ],
            "isFromExtension": true,
            "funcSelfKind": "NonMutating"
          }
        ],
        "declKind": "Class",
        "usr": "c:@M@MWAppAuthPlugin@objc(cs)MWROPCTextField",
        "mangledName": "$s15MWAppAuthPlugin15MWROPCTextFieldC",
        "moduleName": "MWAppAuthPlugin",
        "declAttributes": [
          "Custom",
          "AccessControl",
          "ObjC"
        ],
        "superclassUsr": "c:objc(cs)UIView",
        "superclassNames": [
          "UIKit.UIView",
          "UIKit.UIResponder",
          "ObjectiveC.NSObject"
        ],
        "conformances": [
          {
            "kind": "Conformance",
            "name": "Equatable",
            "printedName": "Equatable",
            "usr": "s:SQ",
            "mangledName": "$sSQ"
          },
          {
            "kind": "Conformance",
            "name": "Hashable",
            "printedName": "Hashable",
            "usr": "s:SH",
            "mangledName": "$sSH"
          },
          {
            "kind": "Conformance",
            "name": "CVarArg",
            "printedName": "CVarArg",
            "usr": "s:s7CVarArgP",
            "mangledName": "$ss7CVarArgP"
          },
          {
            "kind": "Conformance",
            "name": "_KeyValueCodingAndObservingPublishing",
            "printedName": "_KeyValueCodingAndObservingPublishing",
            "usr": "s:10Foundation37_KeyValueCodingAndObservingPublishingP",
            "mangledName": "$s10Foundation37_KeyValueCodingAndObservingPublishingP"
          },
          {
            "kind": "Conformance",
            "name": "_KeyValueCodingAndObserving",
            "printedName": "_KeyValueCodingAndObserving",
            "usr": "s:10Foundation27_KeyValueCodingAndObservingP",
            "mangledName": "$s10Foundation27_KeyValueCodingAndObservingP"
          },
          {
            "kind": "Conformance",
            "name": "CustomStringConvertible",
            "printedName": "CustomStringConvertible",
            "usr": "s:s23CustomStringConvertibleP",
            "mangledName": "$ss23CustomStringConvertibleP"
          },
          {
            "kind": "Conformance",
            "name": "CustomDebugStringConvertible",
            "printedName": "CustomDebugStringConvertible",
            "usr": "s:s28CustomDebugStringConvertibleP",
            "mangledName": "$ss28CustomDebugStringConvertibleP"
          },
          {
            "kind": "Conformance",
            "name": "__DefaultCustomPlaygroundQuickLookable",
            "printedName": "__DefaultCustomPlaygroundQuickLookable",
            "usr": "s:s38__DefaultCustomPlaygroundQuickLookableP",
            "mangledName": "$ss38__DefaultCustomPlaygroundQuickLookableP"
          },
          {
            "kind": "Conformance",
            "name": "Sendable",
            "printedName": "Sendable",
            "usr": "s:s8SendableP",
            "mangledName": "$ss8SendableP"
          }
        ]
      }
    ],
    "json_format_version": 8
  },
  "ConstValues": [
    {
      "filePath": "\/Users\/vagrant\/git\/project\/MWAppAuthPlugin\/MWAppAuthPlugin\/AppAuthStep\/UIButton+Loading.swift",
      "kind": "IntegerLiteral",
      "offset": 156,
      "length": 6,
      "value": "654645"
    },
    {
      "filePath": "\/Users\/vagrant\/git\/project\/MWAppAuthPlugin\/MWAppAuthPlugin\/AppAuthStep\/MWAppAuthStepViewController+ROPC.swift",
      "kind": "StringLiteral",
      "offset": 199,
      "length": 16,
      "value": "\"ROPC_FORM_STEP\""
    },
    {
      "filePath": "\/Users\/vagrant\/git\/project\/MWAppAuthPlugin\/MWAppAuthPlugin\/AppAuthStep\/MWAppAuthStepViewController+ROPC.swift",
      "kind": "StringLiteral",
      "offset": 235,
      "length": 26,
      "value": "\"MWAppAuthPlugin.ROPCFormTaskViewController\""
    },
    {
      "filePath": "\/Users\/vagrant\/git\/project\/MWAppAuthPlugin\/MWAppAuthPlugin\/AppAuthStep\/MWAppAuthStepViewController+ROPC.swift",
      "kind": "StringLiteral",
      "offset": 6625,
      "length": 14,
      "value": "\"access_token\""
    },
    {
      "filePath": "\/Users\/vagrant\/git\/project\/MWAppAuthPlugin\/MWAppAuthPlugin\/AppAuthStep\/MWAppAuthStepViewController+ROPC.swift",
      "kind": "StringLiteral",
      "offset": 6668,
      "length": 15,
      "value": "\"refresh_token\""
    },
    {
      "filePath": "\/Users\/vagrant\/git\/project\/MWAppAuthPlugin\/MWAppAuthPlugin\/AppAuthStep\/MWAppAuthStepViewController+ROPC.swift",
      "kind": "StringLiteral",
      "offset": 6705,
      "length": 7,
      "value": "\"scope\""
    },
    {
      "filePath": "\/Users\/vagrant\/git\/project\/MWAppAuthPlugin\/MWAppAuthPlugin\/AppAuthStep\/MWAppAuthStepViewController+ROPC.swift",
      "kind": "StringLiteral",
      "offset": 6738,
      "length": 12,
      "value": "\"token_type\""
    },
    {
      "filePath": "\/Users\/vagrant\/git\/project\/MWAppAuthPlugin\/MWAppAuthPlugin\/AppAuthStep\/MWAppAuthStepViewController+ROPC.swift",
      "kind": "StringLiteral",
      "offset": 6776,
      "length": 12,
      "value": "\"expires_in\""
    },
    {
      "filePath": "\/Users\/vagrant\/git\/project\/MWAppAuthPlugin\/MWAppAuthPlugin\/AppAuthStep\/MWAppAuthStepViewController+ROPC.swift",
      "kind": "StringLiteral",
      "offset": 6625,
      "length": 14,
      "value": "\"access_token\""
    },
    {
      "filePath": "\/Users\/vagrant\/git\/project\/MWAppAuthPlugin\/MWAppAuthPlugin\/AppAuthStep\/MWAppAuthStepViewController+ROPC.swift",
      "kind": "StringLiteral",
      "offset": 6668,
      "length": 15,
      "value": "\"refresh_token\""
    },
    {
      "filePath": "\/Users\/vagrant\/git\/project\/MWAppAuthPlugin\/MWAppAuthPlugin\/AppAuthStep\/MWAppAuthStepViewController+ROPC.swift",
      "kind": "StringLiteral",
      "offset": 6705,
      "length": 7,
      "value": "\"scope\""
    },
    {
      "filePath": "\/Users\/vagrant\/git\/project\/MWAppAuthPlugin\/MWAppAuthPlugin\/AppAuthStep\/MWAppAuthStepViewController+ROPC.swift",
      "kind": "StringLiteral",
      "offset": 6738,
      "length": 12,
      "value": "\"token_type\""
    },
    {
      "filePath": "\/Users\/vagrant\/git\/project\/MWAppAuthPlugin\/MWAppAuthPlugin\/AppAuthStep\/MWAppAuthStepViewController+ROPC.swift",
      "kind": "StringLiteral",
      "offset": 6776,
      "length": 12,
      "value": "\"expires_in\""
    },
    {
      "filePath": "\/Users\/vagrant\/git\/project\/MWAppAuthPlugin\/MWAppAuthPlugin\/AppAuthStep\/MWAppAuthStepViewController+Apple.swift",
      "kind": "StringLiteral",
      "offset": 4038,
      "length": 15,
      "value": "\"user_identity\""
    },
    {
      "filePath": "\/Users\/vagrant\/git\/project\/MWAppAuthPlugin\/MWAppAuthPlugin\/AppAuthStep\/MWAppAuthStepViewController+Apple.swift",
      "kind": "StringLiteral",
      "offset": 4074,
      "length": 6,
      "value": "\"name\""
    },
    {
      "filePath": "\/Users\/vagrant\/git\/project\/MWAppAuthPlugin\/MWAppAuthPlugin\/AppAuthStep\/MWAppAuthStepViewController+Apple.swift",
      "kind": "StringLiteral",
      "offset": 4110,
      "length": 5,
      "value": "\"jwt\""
    },
    {
      "filePath": "\/Users\/vagrant\/git\/project\/MWAppAuthPlugin\/MWAppAuthPlugin\/AppAuthStep\/MWAppAuthStepViewController+Apple.swift",
      "kind": "StringLiteral",
      "offset": 4038,
      "length": 15,
      "value": "\"user_identity\""
    },
    {
      "filePath": "\/Users\/vagrant\/git\/project\/MWAppAuthPlugin\/MWAppAuthPlugin\/AppAuthStep\/MWAppAuthStepViewController+Apple.swift",
      "kind": "StringLiteral",
      "offset": 4074,
      "length": 6,
      "value": "\"name\""
    },
    {
      "filePath": "\/Users\/vagrant\/git\/project\/MWAppAuthPlugin\/MWAppAuthPlugin\/AppAuthStep\/MWAppAuthStepViewController+Apple.swift",
      "kind": "StringLiteral",
      "offset": 4110,
      "length": 5,
      "value": "\"jwt\""
    },
    {
      "filePath": "\/Users\/vagrant\/git\/project\/MWAppAuthPlugin\/MWAppAuthPlugin\/AppAuthStep\/MWROPCLoginViewController.swift",
      "kind": "StringLiteral",
      "offset": 300,
      "length": 8,
      "value": "\"MWAppAuthPlugin.ROPCStep\""
    },
    {
      "filePath": "\/Users\/vagrant\/git\/project\/MWAppAuthPlugin\/MWAppAuthPlugin\/AppAuthStep\/MWROPCLoginViewController.swift",
      "kind": "IntegerLiteral",
      "offset": 1701,
      "length": 1,
      "value": "0"
    },
    {
      "filePath": "\/Users\/vagrant\/git\/project\/MWAppAuthPlugin\/MWAppAuthPlugin\/AppAuthStep\/MWROPCLoginViewController.swift",
      "kind": "BooleanLiteral",
      "offset": 1765,
      "length": 5,
      "value": "false"
    },
    {
      "filePath": "\/Users\/vagrant\/git\/project\/MWAppAuthPlugin\/MWAppAuthPlugin\/AppAuthStep\/MWROPCLoginViewController.swift",
      "kind": "BooleanLiteral",
      "offset": 2772,
      "length": 4,
      "value": "true"
    },
    {
      "filePath": "\/Users\/vagrant\/git\/project\/MWAppAuthPlugin\/MWAppAuthPlugin\/AppAuthStep\/MWROPCLoginViewController.swift",
      "kind": "BooleanLiteral",
      "offset": 3195,
      "length": 5,
      "value": "false"
    },
    {
      "filePath": "\/Users\/vagrant\/git\/project\/MWAppAuthPlugin\/MWAppAuthPlugin\/AppAuthStep\/MWROPCLoginViewController.swift",
      "kind": "BooleanLiteral",
      "offset": 3495,
      "length": 5,
      "value": "false"
    },
    {
      "filePath": "\/Users\/vagrant\/git\/project\/MWAppAuthPlugin\/MWAppAuthPlugin\/AppAuthStep\/MWROPCLoginViewController.swift",
      "kind": "BooleanLiteral",
      "offset": 3612,
      "length": 5,
      "value": "false"
    },
    {
      "filePath": "\/Users\/vagrant\/git\/project\/MWAppAuthPlugin\/MWAppAuthPlugin\/AppAuthStep\/MWROPCLoginViewController.swift",
      "kind": "Array",
      "offset": 3817,
      "length": 2,
      "value": "[]"
    },
    {
      "filePath": "\/Users\/vagrant\/git\/project\/MWAppAuthPlugin\/MWAppAuthPlugin\/AppAuthStep\/MWROPCLoginViewController.swift",
      "kind": "StringLiteral",
      "offset": 1200,
      "length": 25,
      "value": "\"MWAppAuthPlugin.MWROPCLoginViewController\""
    },
    {
      "filePath": "\/Users\/vagrant\/git\/project\/MWAppAuthPlugin\/MWAppAuthPlugin\/AppAuthStep\/MWROPCLoginViewController.swift",
      "kind": "StringLiteral",
      "offset": 1200,
      "length": 25,
      "value": "\"MWAppAuthPlugin.MWROPCLoginViewController\""
    },
    {
      "filePath": "\/Users\/vagrant\/git\/project\/MWAppAuthPlugin\/MWAppAuthPlugin\/AppAuthStep\/MWROPCLoginViewController.swift",
      "kind": "IntegerLiteral",
      "offset": 13674,
      "length": 1,
      "value": "0"
    },
    {
      "filePath": "\/Users\/vagrant\/git\/project\/MWAppAuthPlugin\/MWAppAuthPlugin\/AppAuthStep\/MWROPCLoginViewController.swift",
      "kind": "IntegerLiteral",
      "offset": 13963,
      "length": 1,
      "value": "0"
    },
    {
      "filePath": "\/Users\/vagrant\/git\/project\/MWAppAuthPlugin\/MWAppAuthPlugin\/AppAuthStep\/OAuthSessionResponseInterceptor.swift",
      "kind": "StringLiteral",
      "offset": 193,
      "length": 15,
      "value": "\"oauth_session\""
    },
    {
      "filePath": "\/Users\/vagrant\/git\/project\/MWAppAuthPlugin\/MWAppAuthPlugin\/AppAuthStep\/OAuthSessionResponseInterceptor.swift",
      "kind": "StringLiteral",
      "offset": 2846,
      "length": 14,
      "value": "\"access_token\""
    },
    {
      "filePath": "\/Users\/vagrant\/git\/project\/MWAppAuthPlugin\/MWAppAuthPlugin\/AppAuthStep\/OAuthSessionResponseInterceptor.swift",
      "kind": "StringLiteral",
      "offset": 2889,
      "length": 15,
      "value": "\"refresh_token\""
    },
    {
      "filePath": "\/Users\/vagrant\/git\/project\/MWAppAuthPlugin\/MWAppAuthPlugin\/AppAuthStep\/OAuthSessionResponseInterceptor.swift",
      "kind": "StringLiteral",
      "offset": 2930,
      "length": 12,
      "value": "\"token_type\""
    },
    {
      "filePath": "\/Users\/vagrant\/git\/project\/MWAppAuthPlugin\/MWAppAuthPlugin\/AppAuthStep\/OAuthSessionResponseInterceptor.swift",
      "kind": "StringLiteral",
      "offset": 2968,
      "length": 12,
      "value": "\"expires_in\""
    },
    {
      "filePath": "\/Users\/vagrant\/git\/project\/MWAppAuthPlugin\/MWAppAuthPlugin\/AppAuthStep\/OAuthSessionResponseInterceptor.swift",
      "kind": "StringLiteral",
      "offset": 2846,
      "length": 14,
      "value": "\"access_token\""
    },
    {
      "filePath": "\/Users\/vagrant\/git\/project\/MWAppAuthPlugin\/MWAppAuthPlugin\/AppAuthStep\/OAuthSessionResponseInterceptor.swift",
      "kind": "StringLiteral",
      "offset": 2889,
      "length": 15,
      "value": "\"refresh_token\""
    },
    {
      "filePath": "\/Users\/vagrant\/git\/project\/MWAppAuthPlugin\/MWAppAuthPlugin\/AppAuthStep\/OAuthSessionResponseInterceptor.swift",
      "kind": "StringLiteral",
      "offset": 2930,
      "length": 12,
      "value": "\"token_type\""
    },
    {
      "filePath": "\/Users\/vagrant\/git\/project\/MWAppAuthPlugin\/MWAppAuthPlugin\/AppAuthStep\/OAuthSessionResponseInterceptor.swift",
      "kind": "StringLiteral",
      "offset": 2968,
      "length": 12,
      "value": "\"expires_in\""
    },
    {
      "filePath": "\/Users\/vagrant\/git\/project\/MWAppAuthPlugin\/MWAppAuthPlugin\/AppAuthStep\/RefreshTokenInterceptor.swift",
      "kind": "StringLiteral",
      "offset": 608,
      "length": 14,
      "value": "\"access_token\""
    },
    {
      "filePath": "\/Users\/vagrant\/git\/project\/MWAppAuthPlugin\/MWAppAuthPlugin\/AppAuthStep\/RefreshTokenInterceptor.swift",
      "kind": "StringLiteral",
      "offset": 651,
      "length": 15,
      "value": "\"refresh_token\""
    },
    {
      "filePath": "\/Users\/vagrant\/git\/project\/MWAppAuthPlugin\/MWAppAuthPlugin\/AppAuthStep\/RefreshTokenInterceptor.swift",
      "kind": "StringLiteral",
      "offset": 692,
      "length": 12,
      "value": "\"token_type\""
    },
    {
      "filePath": "\/Users\/vagrant\/git\/project\/MWAppAuthPlugin\/MWAppAuthPlugin\/AppAuthStep\/RefreshTokenInterceptor.swift",
      "kind": "StringLiteral",
      "offset": 730,
      "length": 12,
      "value": "\"expires_in\""
    },
    {
      "filePath": "\/Users\/vagrant\/git\/project\/MWAppAuthPlugin\/MWAppAuthPlugin\/AppAuthStep\/RefreshTokenInterceptor.swift",
      "kind": "StringLiteral",
      "offset": 608,
      "length": 14,
      "value": "\"access_token\""
    },
    {
      "filePath": "\/Users\/vagrant\/git\/project\/MWAppAuthPlugin\/MWAppAuthPlugin\/AppAuthStep\/RefreshTokenInterceptor.swift",
      "kind": "StringLiteral",
      "offset": 651,
      "length": 15,
      "value": "\"refresh_token\""
    },
    {
      "filePath": "\/Users\/vagrant\/git\/project\/MWAppAuthPlugin\/MWAppAuthPlugin\/AppAuthStep\/RefreshTokenInterceptor.swift",
      "kind": "StringLiteral",
      "offset": 692,
      "length": 12,
      "value": "\"token_type\""
    },
    {
      "filePath": "\/Users\/vagrant\/git\/project\/MWAppAuthPlugin\/MWAppAuthPlugin\/AppAuthStep\/RefreshTokenInterceptor.swift",
      "kind": "StringLiteral",
      "offset": 730,
      "length": 12,
      "value": "\"expires_in\""
    },
    {
      "filePath": "\/Users\/vagrant\/git\/project\/MWAppAuthPlugin\/MWAppAuthPlugin\/AppAuthStep\/MWAppAuthStep.swift",
      "kind": "StringLiteral",
      "offset": 279,
      "length": 10,
      "value": "\"Continue\""
    },
    {
      "filePath": "\/Users\/vagrant\/git\/project\/MWAppAuthPlugin\/MWAppAuthPlugin\/AppAuthStep\/MWAppAuthStep.swift",
      "kind": "StringLiteral",
      "offset": 575,
      "length": 34,
      "value": "\"Please enter your login details:\""
    },
    {
      "filePath": "\/Users\/vagrant\/git\/project\/MWAppAuthPlugin\/MWAppAuthPlugin\/AppAuthStep\/MWAppAuthStep.swift",
      "kind": "StringLiteral",
      "offset": 650,
      "length": 10,
      "value": "\"Username\""
    },
    {
      "filePath": "\/Users\/vagrant\/git\/project\/MWAppAuthPlugin\/MWAppAuthPlugin\/AppAuthStep\/MWAppAuthStep.swift",
      "kind": "StringLiteral",
      "offset": 701,
      "length": 10,
      "value": "\"Password\""
    },
    {
      "filePath": "\/Users\/vagrant\/git\/project\/MWAppAuthPlugin\/MWAppAuthPlugin\/AppAuthStep\/MWAppAuthStep.swift",
      "kind": "StringLiteral",
      "offset": 742,
      "length": 10,
      "value": "\"Required\""
    },
    {
      "filePath": "\/Users\/vagrant\/git\/project\/MWAppAuthPlugin\/MWAppAuthPlugin\/AppAuthStep\/MWAppAuthStep.swift",
      "kind": "StringLiteral",
      "offset": 797,
      "length": 14,
      "value": "\"Unauthorised\""
    },
    {
      "filePath": "\/Users\/vagrant\/git\/project\/MWAppAuthPlugin\/MWAppAuthPlugin\/AppAuthStep\/MWAppAuthStep.swift",
      "kind": "StringLiteral",
      "offset": 858,
      "length": 48,
      "value": "\"Incorrect email or password. Please try again.\""
    },
    {
      "filePath": "\/Users\/vagrant\/git\/project\/MWAppAuthPlugin\/MWAppAuthPlugin\/AppAuthStep\/MWAppAuthStep.swift",
      "kind": "StringLiteral",
      "offset": 952,
      "length": 4,
      "value": "\"OK\""
    },
    {
      "filePath": "\/Users\/vagrant\/git\/project\/MWAppAuthPlugin\/MWAppAuthPlugin\/AppAuthStep\/MWAppAuthStep.swift",
      "kind": "StringLiteral",
      "offset": 1022,
      "length": 7,
      "value": "\"Error\""
    },
    {
      "filePath": "\/Users\/vagrant\/git\/project\/MWAppAuthPlugin\/MWAppAuthPlugin\/AppAuthStep\/MWAppAuthStep.swift",
      "kind": "StringLiteral",
      "offset": 1064,
      "length": 67,
      "value": "\"Something went wrong. We couldn't validate your Apple credentials\""
    },
    {
      "filePath": "\/Users\/vagrant\/git\/project\/MWAppAuthPlugin\/MWAppAuthPlugin\/AppAuthStep\/MWAppAuthStep.swift",
      "kind": "StringLiteral",
      "offset": 1733,
      "length": 13,
      "value": "\"MWAppAuthPlugin.MWAppAuthStep\""
    },
    {
      "filePath": "\/Users\/vagrant\/git\/project\/MWAppAuthPlugin\/MWAppAuthPlugin\/AppAuthStep\/MWAppAuthStepViewController.swift",
      "kind": "StringLiteral",
      "offset": 321,
      "length": 12,
      "value": "\"\/authorize\""
    },
    {
      "filePath": "\/Users\/vagrant\/git\/project\/MWAppAuthPlugin\/MWAppAuthPlugin\/AppAuthStep\/MWAppAuthStepViewController.swift",
      "kind": "StringLiteral",
      "offset": 357,
      "length": 8,
      "value": "\"\/token\""
    },
    {
      "filePath": "\/Users\/vagrant\/git\/project\/MWAppAuthPlugin\/MWAppAuthPlugin\/AppAuthStep\/MWAppAuthStepViewController.swift",
      "kind": "Dictionary",
      "offset": 728,
      "length": 3,
      "value": "[]"
    },
    {
      "filePath": "\/Users\/vagrant\/git\/project\/MWAppAuthPlugin\/MWAppAuthPlugin\/AppAuthStep\/MWROPCTextField.swift",
      "kind": "IntegerLiteral",
      "offset": 401,
      "length": 2,
      "value": "16"
    },
    {
      "filePath": "\/Users\/vagrant\/git\/project\/MWAppAuthPlugin\/MWAppAuthPlugin\/AppAuthStep\/MWROPCTextField.swift",
      "kind": "IntegerLiteral",
      "offset": 414,
      "length": 2,
      "value": "16"
    },
    {
      "filePath": "\/Users\/vagrant\/git\/project\/MWAppAuthPlugin\/MWAppAuthPlugin\/AppAuthStep\/MWROPCTextField.swift",
      "kind": "IntegerLiteral",
      "offset": 426,
      "length": 2,
      "value": "16"
    },
    {
      "filePath": "\/Users\/vagrant\/git\/project\/MWAppAuthPlugin\/MWAppAuthPlugin\/AppAuthStep\/MWROPCTextField.swift",
      "kind": "IntegerLiteral",
      "offset": 440,
      "length": 2,
      "value": "16"
    },
    {
      "filePath": "\/Users\/vagrant\/git\/project\/MWAppAuthPlugin\/MWAppAuthPlugin\/AppAuthStep\/MWROPCTextField.swift",
      "kind": "BooleanLiteral",
      "offset": 836,
      "length": 5,
      "value": "false"
    },
    {
      "filePath": "\/Users\/vagrant\/git\/project\/MWAppAuthPlugin\/MWAppAuthPlugin\/AppAuthStep\/MWROPCTextField.swift",
      "kind": "BooleanLiteral",
      "offset": 1494,
      "length": 5,
      "value": "false"
    },
    {
      "filePath": "\/Users\/vagrant\/git\/project\/MWAppAuthPlugin\/MWAppAuthPlugin\/AppAuthStep\/MWROPCTextField.swift",
      "kind": "IntegerLiteral",
      "offset": 1530,
      "length": 1,
      "value": "0"
    },
    {
      "filePath": "\/Users\/vagrant\/git\/project\/MWAppAuthPlugin\/MWAppAuthPlugin\/AppAuthStep\/MWROPCTextField.swift",
      "kind": "BooleanLiteral",
      "offset": 2000,
      "length": 5,
      "value": "false"
    },
    {
      "filePath": "\/Users\/vagrant\/git\/project\/MWAppAuthPlugin\/MWAppAuthPlugin\/AppAuthStep\/MWROPCTextField.swift",
      "kind": "BooleanLiteral",
      "offset": 2127,
      "length": 4,
      "value": "true"
    },
    {
      "filePath": "\/Users\/vagrant\/git\/project\/MWAppAuthPlugin\/MWAppAuthPlugin\/AppAuthStep\/MWROPCTextField.swift",
      "kind": "BooleanLiteral",
      "offset": 2530,
      "length": 5,
      "value": "false"
    },
    {
      "filePath": "\/Users\/vagrant\/git\/project\/MWAppAuthPlugin\/MWAppAuthPlugin\/AppAuthStep\/MWROPCTextField.swift",
      "kind": "IntegerLiteral",
      "offset": 2635,
      "length": 1,
      "value": "5"
    },
    {
      "filePath": "\/Users\/vagrant\/git\/project\/MWAppAuthPlugin\/MWAppAuthPlugin\/AppAuthStep\/MWROPCTextField.swift",
      "kind": "BooleanLiteral",
      "offset": 2692,
      "length": 4,
      "value": "true"
    },
    {
      "filePath": "\/Users\/vagrant\/git\/project\/MWAppAuthPlugin\/MWAppAuthPlugin\/AppAuthStep\/MWROPCTextField.swift",
      "kind": "StringLiteral",
      "offset": 313,
      "length": 15,
      "value": "\"MWAppAuthPlugin.MWROPCTextField\""
    }
  ]
}