{
  "ABIRoot": {
    "kind": "Root",
    "name": "TopLevel",
    "printedName": "TopLevel",
    "children": [
      {
        "kind": "Import",
        "name": "Foundation",
        "printedName": "Foundation",
        "declKind": "Import",
        "moduleName": "ARPDFPlugin",
        "declAttributes": [
          "RawDocComment"
        ]
      },
      {
        "kind": "Import",
        "name": "MobileWorkflowCore",
        "printedName": "MobileWorkflowCore",
        "declKind": "Import",
        "moduleName": "ARPDFPlugin"
      },
      {
        "kind": "TypeDecl",
        "name": "ARPDFPluginStruct",
        "printedName": "ARPDFPluginStruct",
        "children": [
          {
            "kind": "Var",
            "name": "allStepsTypes",
            "printedName": "allStepsTypes",
            "children": [
              {
                "kind": "TypeNominal",
                "name": "Array",
                "printedName": "[MobileWorkflowCore.StepType]",
                "children": [
                  {
                    "kind": "TypeNominal",
                    "name": "StepType",
                    "printedName": "MobileWorkflowCore.StepType",
                    "usr": "s:18MobileWorkflowCore8StepTypeP"
                  }
                ],
                "usr": "s:Sa"
              }
            ],
            "declKind": "Var",
            "usr": "s:11ARPDFPlugin0A6StructV13allStepsTypesSay18MobileWorkflowCore8StepType_pGvpZ",
            "mangledName": "$s11ARPDFPlugin0A6StructV13allStepsTypesSay18MobileWorkflowCore8StepType_pGvpZ",
            "moduleName": "ARPDFPlugin",
            "static": true,
            "declAttributes": [
              "AccessControl"
            ],
            "accessors": [
              {
                "kind": "Accessor",
                "name": "Get",
                "printedName": "Get()",
                "children": [
                  {
                    "kind": "TypeNominal",
                    "name": "Array",
                    "printedName": "[MobileWorkflowCore.StepType]",
                    "children": [
                      {
                        "kind": "TypeNominal",
                        "name": "StepType",
                        "printedName": "MobileWorkflowCore.StepType",
                        "usr": "s:18MobileWorkflowCore8StepTypeP"
                      }
                    ],
                    "usr": "s:Sa"
                  }
                ],
                "declKind": "Accessor",
                "usr": "s:11ARPDFPlugin0A6StructV13allStepsTypesSay18MobileWorkflowCore8StepType_pGvgZ",
                "mangledName": "$s11ARPDFPlugin0A6StructV13allStepsTypesSay18MobileWorkflowCore8StepType_pGvgZ",
                "moduleName": "ARPDFPlugin",
                "static": true,
                "accessorKind": "get"
              }
            ]
          }
        ],
        "declKind": "Struct",
        "usr": "s:11ARPDFPlugin0A6StructV",
        "mangledName": "$s11ARPDFPlugin0A6StructV",
        "moduleName": "ARPDFPlugin",
        "declAttributes": [
          "AccessControl"
        ],
        "conformances": [
          {
            "kind": "Conformance",
            "name": "Plugin",
            "printedName": "Plugin",
            "usr": "s:18MobileWorkflowCore6PluginP",
            "mangledName": "$s18MobileWorkflowCore6PluginP"
          }
        ]
      },
      {
        "kind": "Import",
        "name": "Foundation",
        "printedName": "Foundation",
        "declKind": "Import",
        "moduleName": "ARPDFPlugin",
        "declAttributes": [
          "RawDocComment"
        ]
      },
      {
        "kind": "Import",
        "name": "WebKit",
        "printedName": "WebKit",
        "declKind": "Import",
        "moduleName": "ARPDFPlugin"
      },
      {
        "kind": "Import",
        "name": "Foundation",
        "printedName": "Foundation",
        "declKind": "Import",
        "moduleName": "ARPDFPlugin",
        "declAttributes": [
          "RawDocComment"
        ]
      },
      {
        "kind": "Import",
        "name": "MobileWorkflowCore",
        "printedName": "MobileWorkflowCore",
        "declKind": "Import",
        "moduleName": "ARPDFPlugin"
      },
      {
        "kind": "TypeDecl",
        "name": "CreatePDFStep",
        "printedName": "CreatePDFStep",
        "children": [
          {
            "kind": "Function",
            "name": "instantiateViewController",
            "printedName": "instantiateViewController()",
            "children": [
              {
                "kind": "TypeNominal",
                "name": "StepViewController",
                "printedName": "MobileWorkflowCore.StepViewController",
                "usr": "s:18MobileWorkflowCore18StepViewControllerP"
              }
            ],
            "declKind": "Func",
            "usr": "s:11ARPDFPlugin13CreatePDFStepC25instantiateViewController18MobileWorkflowCore04StepeF0_pyF",
            "mangledName": "$s11ARPDFPlugin13CreatePDFStepC25instantiateViewController18MobileWorkflowCore04StepeF0_pyF",
            "moduleName": "ARPDFPlugin",
            "overriding": true,
            "declAttributes": [
              "Override",
              "AccessControl"
            ],
            "funcSelfKind": "NonMutating"
          },
          {
            "kind": "Constructor",
            "name": "init",
            "printedName": "init(identifier:title:text:theme:links:navigationItems:)",
            "children": [
              {
                "kind": "TypeNominal",
                "name": "CreatePDFStep",
                "printedName": "ARPDFPlugin.CreatePDFStep",
                "usr": "s:11ARPDFPlugin13CreatePDFStepC"
              },
              {
                "kind": "TypeNominal",
                "name": "String",
                "printedName": "Swift.String",
                "usr": "s:SS"
              },
              {
                "kind": "TypeNominal",
                "name": "Optional",
                "printedName": "Swift.String?",
                "children": [
                  {
                    "kind": "TypeNominal",
                    "name": "String",
                    "printedName": "Swift.String",
                    "usr": "s:SS"
                  }
                ],
                "hasDefaultArg": true,
                "usr": "s:Sq"
              },
              {
                "kind": "TypeNominal",
                "name": "Optional",
                "printedName": "Swift.String?",
                "children": [
                  {
                    "kind": "TypeNominal",
                    "name": "String",
                    "printedName": "Swift.String",
                    "usr": "s:SS"
                  }
                ],
                "hasDefaultArg": true,
                "usr": "s:Sq"
              },
              {
                "kind": "TypeNominal",
                "name": "Theme",
                "printedName": "MobileWorkflowCore.Theme",
                "hasDefaultArg": true,
                "usr": "s:18MobileWorkflowCore5ThemeV"
              },
              {
                "kind": "TypeNominal",
                "name": "Array",
                "printedName": "[MobileWorkflowCore.StepLink]",
                "children": [
                  {
                    "kind": "TypeNominal",
                    "name": "StepLink",
                    "printedName": "MobileWorkflowCore.StepLink",
                    "usr": "s:18MobileWorkflowCore8StepLinkV"
                  }
                ],
                "hasDefaultArg": true,
                "usr": "s:Sa"
              },
              {
                "kind": "TypeNominal",
                "name": "Array",
                "printedName": "[MobileWorkflowCore.StepNavigationItem]",
                "children": [
                  {
                    "kind": "TypeNominal",
                    "name": "StepNavigationItem",
                    "printedName": "MobileWorkflowCore.StepNavigationItem",
                    "usr": "s:18MobileWorkflowCore18StepNavigationItemV"
                  }
                ],
                "hasDefaultArg": true,
                "usr": "s:Sa"
              }
            ],
            "declKind": "Constructor",
            "usr": "s:11ARPDFPlugin13CreatePDFStepC10identifier5title4text5theme5links15navigationItemsACSS_SSSgAJ18MobileWorkflowCore5ThemeVSayAK8StepLinkVGSayAK0O14NavigationItemVGtcfc",
            "mangledName": "$s11ARPDFPlugin13CreatePDFStepC10identifier5title4text5theme5links15navigationItemsACSS_SSSgAJ18MobileWorkflowCore5ThemeVSayAK8StepLinkVGSayAK0O14NavigationItemVGtcfc",
            "moduleName": "ARPDFPlugin",
            "overriding": true,
            "implicit": true,
            "declAttributes": [
              "Override"
            ],
            "init_kind": "Designated"
          },
          {
            "kind": "Function",
            "name": "build",
            "printedName": "build(stepInfo:services:)",
            "children": [
              {
                "kind": "TypeNominal",
                "name": "Step",
                "printedName": "MobileWorkflowCore.Step",
                "usr": "s:18MobileWorkflowCore4StepP"
              },
              {
                "kind": "TypeNominal",
                "name": "StepInfo",
                "printedName": "MobileWorkflowCore.StepInfo",
                "usr": "s:18MobileWorkflowCore8StepInfoV"
              },
              {
                "kind": "TypeNominal",
                "name": "StepServices",
                "printedName": "MobileWorkflowCore.StepServices",
                "usr": "s:18MobileWorkflowCore12StepServicesC"
              }
            ],
            "declKind": "Func",
            "usr": "s:11ARPDFPlugin13CreatePDFStepC5build8stepInfo8services18MobileWorkflowCore4Step_pAG0kF0V_AG0K8ServicesCtKFZ",
            "mangledName": "$s11ARPDFPlugin13CreatePDFStepC5build8stepInfo8services18MobileWorkflowCore4Step_pAG0kF0V_AG0K8ServicesCtKFZ",
            "moduleName": "ARPDFPlugin",
            "static": true,
            "declAttributes": [
              "Final",
              "AccessControl"
            ],
            "isFromExtension": true,
            "throwing": true,
            "funcSelfKind": "NonMutating"
          }
        ],
        "declKind": "Class",
        "usr": "s:11ARPDFPlugin13CreatePDFStepC",
        "mangledName": "$s11ARPDFPlugin13CreatePDFStepC",
        "moduleName": "ARPDFPlugin",
        "declAttributes": [
          "AccessControl"
        ],
        "superclassUsr": "s:18MobileWorkflowCore6MWStepC",
        "hasMissingDesignatedInitializers": true,
        "superclassNames": [
          "MobileWorkflowCore.MWStep"
        ],
        "conformances": [
          {
            "kind": "Conformance",
            "name": "BuildableStep",
            "printedName": "BuildableStep",
            "usr": "s:18MobileWorkflowCore13BuildableStepP",
            "mangledName": "$s18MobileWorkflowCore13BuildableStepP"
          },
          {
            "kind": "Conformance",
            "name": "Step",
            "printedName": "Step",
            "usr": "s:18MobileWorkflowCore4StepP",
            "mangledName": "$s18MobileWorkflowCore4StepP"
          }
        ]
      },
      {
        "kind": "Import",
        "name": "UIKit",
        "printedName": "UIKit",
        "declKind": "Import",
        "moduleName": "ARPDFPlugin",
        "declAttributes": [
          "RawDocComment"
        ]
      },
      {
        "kind": "Import",
        "name": "MobileWorkflowCore",
        "printedName": "MobileWorkflowCore",
        "declKind": "Import",
        "moduleName": "ARPDFPlugin"
      },
      {
        "kind": "Import",
        "name": "WebKit",
        "printedName": "WebKit",
        "declKind": "Import",
        "moduleName": "ARPDFPlugin"
      },
      {
        "kind": "TypeDecl",
        "name": "CreatePDFStepViewController",
        "printedName": "CreatePDFStepViewController",
        "children": [
          {
            "kind": "Function",
            "name": "viewDidLoad",
            "printedName": "viewDidLoad()",
            "children": [
              {
                "kind": "TypeNominal",
                "name": "Void",
                "printedName": "()"
              }
            ],
            "declKind": "Func",
            "usr": "c:@M@ARPDFPlugin@objc(cs)CreatePDFStepViewController(im)viewDidLoad",
            "mangledName": "$s11ARPDFPlugin27CreatePDFStepViewControllerC11viewDidLoadyyF",
            "moduleName": "ARPDFPlugin",
            "overriding": true,
            "objc_name": "viewDidLoad",
            "declAttributes": [
              "Dynamic",
              "ObjC",
              "Custom",
              "Override",
              "AccessControl"
            ],
            "funcSelfKind": "NonMutating"
          },
          {
            "kind": "Constructor",
            "name": "init",
            "printedName": "init(step:nibName:bundle:)",
            "children": [
              {
                "kind": "TypeNominal",
                "name": "CreatePDFStepViewController",
                "printedName": "ARPDFPlugin.CreatePDFStepViewController",
                "usr": "c:@M@ARPDFPlugin@objc(cs)CreatePDFStepViewController"
              },
              {
                "kind": "TypeNominal",
                "name": "Step",
                "printedName": "MobileWorkflowCore.Step",
                "usr": "s:18MobileWorkflowCore4StepP"
              },
              {
                "kind": "TypeNominal",
                "name": "Optional",
                "printedName": "Swift.String?",
                "children": [
                  {
                    "kind": "TypeNominal",
                    "name": "String",
                    "printedName": "Swift.String",
                    "usr": "s:SS"
                  }
                ],
                "usr": "s:Sq"
              },
              {
                "kind": "TypeNominal",
                "name": "Optional",
                "printedName": "Foundation.Bundle?",
                "children": [
                  {
                    "kind": "TypeNominal",
                    "name": "Bundle",
                    "printedName": "Foundation.Bundle",
                    "usr": "c:objc(cs)NSBundle"
                  }
                ],
                "usr": "s:Sq"
              }
            ],
            "declKind": "Constructor",
            "usr": "s:11ARPDFPlugin27CreatePDFStepViewControllerC4step7nibName6bundleAC18MobileWorkflowCore4Step_p_SSSgSo8NSBundleCSgtcfc",
            "mangledName": "$s11ARPDFPlugin27CreatePDFStepViewControllerC4step7nibName6bundleAC18MobileWorkflowCore4Step_p_SSSgSo8NSBundleCSgtcfc",
            "moduleName": "ARPDFPlugin",
            "overriding": true,
            "implicit": true,
            "declAttributes": [
              "Custom",
              "Override"
            ],
            "init_kind": "Designated"
          },
          {
            "kind": "Constructor",
            "name": "init",
            "printedName": "init(step:)",
            "children": [
              {
                "kind": "TypeNominal",
                "name": "CreatePDFStepViewController",
                "printedName": "ARPDFPlugin.CreatePDFStepViewController",
                "usr": "c:@M@ARPDFPlugin@objc(cs)CreatePDFStepViewController"
              },
              {
                "kind": "TypeNominal",
                "name": "Step",
                "printedName": "MobileWorkflowCore.Step",
                "usr": "s:18MobileWorkflowCore4StepP"
              }
            ],
            "declKind": "Constructor",
            "usr": "s:11ARPDFPlugin27CreatePDFStepViewControllerC4stepAC18MobileWorkflowCore4Step_p_tcfc",
            "mangledName": "$s11ARPDFPlugin27CreatePDFStepViewControllerC4stepAC18MobileWorkflowCore4Step_p_tcfc",
            "moduleName": "ARPDFPlugin",
            "overriding": true,
            "implicit": true,
            "declAttributes": [
              "Custom",
              "Override"
            ],
            "init_kind": "Designated"
          },
          {
            "kind": "Constructor",
            "name": "init",
            "printedName": "init(coder:)",
            "children": [
              {
                "kind": "TypeNominal",
                "name": "Optional",
                "printedName": "ARPDFPlugin.CreatePDFStepViewController?",
                "children": [
                  {
                    "kind": "TypeNominal",
                    "name": "CreatePDFStepViewController",
                    "printedName": "ARPDFPlugin.CreatePDFStepViewController",
                    "usr": "c:@M@ARPDFPlugin@objc(cs)CreatePDFStepViewController"
                  }
                ],
                "usr": "s:Sq"
              },
              {
                "kind": "TypeNominal",
                "name": "NSCoder",
                "printedName": "Foundation.NSCoder",
                "usr": "c:objc(cs)NSCoder"
              }
            ],
            "declKind": "Constructor",
            "usr": "c:@M@ARPDFPlugin@objc(cs)CreatePDFStepViewController(im)initWithCoder:",
            "mangledName": "$s11ARPDFPlugin27CreatePDFStepViewControllerC5coderACSgSo7NSCoderC_tcfc",
            "moduleName": "ARPDFPlugin",
            "overriding": true,
            "implicit": true,
            "objc_name": "initWithCoder:",
            "declAttributes": [
              "Dynamic",
              "ObjC",
              "Custom",
              "Required"
            ],
            "init_kind": "Designated"
          }
        ],
        "declKind": "Class",
        "usr": "c:@M@ARPDFPlugin@objc(cs)CreatePDFStepViewController",
        "mangledName": "$s11ARPDFPlugin27CreatePDFStepViewControllerC",
        "moduleName": "ARPDFPlugin",
        "declAttributes": [
          "Custom",
          "AccessControl",
          "ObjC"
        ],
        "superclassUsr": "c:@M@MobileWorkflowCore@objc(cs)MWLoadingStepViewController",
        "inheritsConvenienceInitializers": true,
        "superclassNames": [
          "MobileWorkflowCore.MWLoadingStepViewController",
          "MobileWorkflowCore.MWStepViewController",
          "UIKit.UIViewController",
          "UIKit.UIResponder",
          "ObjectiveC.NSObject"
        ],
        "conformances": [
          {
            "kind": "Conformance",
            "name": "StepViewController",
            "printedName": "StepViewController",
            "usr": "s:18MobileWorkflowCore18StepViewControllerP",
            "mangledName": "$s18MobileWorkflowCore18StepViewControllerP"
          },
          {
            "kind": "Conformance",
            "name": "Equatable",
            "printedName": "Equatable",
            "usr": "s:SQ",
            "mangledName": "$sSQ"
          },
          {
            "kind": "Conformance",
            "name": "Hashable",
            "printedName": "Hashable",
            "usr": "s:SH",
            "mangledName": "$sSH"
          },
          {
            "kind": "Conformance",
            "name": "CVarArg",
            "printedName": "CVarArg",
            "usr": "s:s7CVarArgP",
            "mangledName": "$ss7CVarArgP"
          },
          {
            "kind": "Conformance",
            "name": "_KeyValueCodingAndObservingPublishing",
            "printedName": "_KeyValueCodingAndObservingPublishing",
            "usr": "s:10Foundation37_KeyValueCodingAndObservingPublishingP",
            "mangledName": "$s10Foundation37_KeyValueCodingAndObservingPublishingP"
          },
          {
            "kind": "Conformance",
            "name": "_KeyValueCodingAndObserving",
            "printedName": "_KeyValueCodingAndObserving",
            "usr": "s:10Foundation27_KeyValueCodingAndObservingP",
            "mangledName": "$s10Foundation27_KeyValueCodingAndObservingP"
          },
          {
            "kind": "Conformance",
            "name": "CustomStringConvertible",
            "printedName": "CustomStringConvertible",
            "usr": "s:s23CustomStringConvertibleP",
            "mangledName": "$ss23CustomStringConvertibleP"
          },
          {
            "kind": "Conformance",
            "name": "CustomDebugStringConvertible",
            "printedName": "CustomDebugStringConvertible",
            "usr": "s:s28CustomDebugStringConvertibleP",
            "mangledName": "$ss28CustomDebugStringConvertibleP"
          },
          {
            "kind": "Conformance",
            "name": "Sendable",
            "printedName": "Sendable",
            "usr": "s:s8SendableP",
            "mangledName": "$ss8SendableP"
          }
        ]
      },
      {
        "kind": "Import",
        "name": "Foundation",
        "printedName": "Foundation",
        "declKind": "Import",
        "moduleName": "ARPDFPlugin",
        "declAttributes": [
          "RawDocComment"
        ]
      },
      {
        "kind": "Import",
        "name": "CoreGraphics",
        "printedName": "CoreGraphics",
        "declKind": "Import",
        "moduleName": "ARPDFPlugin"
      },
      {
        "kind": "Import",
        "name": "Foundation",
        "printedName": "Foundation",
        "declKind": "Import",
        "moduleName": "ARPDFPlugin",
        "declAttributes": [
          "RawDocComment"
        ]
      },
      {
        "kind": "Import",
        "name": "Foundation",
        "printedName": "Foundation",
        "declKind": "Import",
        "moduleName": "ARPDFPlugin",
        "declAttributes": [
          "RawDocComment"
        ]
      },
      {
        "kind": "Import",
        "name": "UIKit",
        "printedName": "UIKit",
        "declKind": "Import",
        "moduleName": "ARPDFPlugin"
      }
    ],
    "json_format_version": 8
  },
  "ConstValues": [
    {
      "filePath": "\/Users\/vagrant\/git\/project\/ARPDFPlugin\/ARPDFPlugin\/ARPDFPluginStruct.swift",
      "kind": "StringLiteral",
      "offset": 306,
      "length": 28,
      "value": "\"io.app-rail.pdf.create-pdf\""
    },
    {
      "filePath": "\/Users\/vagrant\/git\/project\/ARPDFPlugin\/ARPDFPlugin\/ARPDFPluginStruct.swift",
      "kind": "StringLiteral",
      "offset": 306,
      "length": 28,
      "value": "\"io.app-rail.pdf.create-pdf\""
    },
    {
      "filePath": "\/Users\/vagrant\/git\/project\/ARPDFPlugin\/ARPDFPlugin\/ARPDFPluginStruct.swift",
      "kind": "StringLiteral",
      "offset": 642,
      "length": 8,
      "value": "\"Cancel\""
    },
    {
      "filePath": "\/Users\/vagrant\/git\/project\/ARPDFPlugin\/ARPDFPlugin\/ARPDFPluginStruct.swift",
      "kind": "StringLiteral",
      "offset": 686,
      "length": 6,
      "value": "\"Next\""
    },
    {
      "filePath": "\/Users\/vagrant\/git\/project\/ARPDFPlugin\/ARPDFPlugin\/ARPDFPluginStruct.swift",
      "kind": "StringLiteral",
      "offset": 768,
      "length": 81,
      "value": "\"Unable to create a PDF. The file will not be available and some steps may fail.\""
    },
    {
      "filePath": "\/Users\/vagrant\/git\/project\/ARPDFPlugin\/ARPDFPlugin\/ARPDF\/CreatePDFStep.swift",
      "kind": "StringLiteral",
      "offset": 108,
      "length": 13,
      "value": "\"ARPDFPlugin.CreatePDFStep\""
    },
    {
      "filePath": "\/Users\/vagrant\/git\/project\/ARPDFPlugin\/ARPDFPlugin\/ARPDF\/Generator\/PrintPageRenderer.swift",
      "kind": "StringLiteral",
      "offset": 139,
      "length": 17,
      "value": "\"ARPDFPlugin.PrintPageRenderer\""
    }
  ]
}