{
  "ABIRoot": {
    "kind": "Root",
    "name": "TopLevel",
    "printedName": "TopLevel",
    "children": [
      {
        "kind": "Import",
        "name": "Foundation",
        "printedName": "Foundation",
        "declKind": "Import",
        "moduleName": "ChecklistPlugin",
        "declAttributes": [
          "RawDocComment"
        ]
      },
      {
        "kind": "Import",
        "name": "MobileWorkflowCore",
        "printedName": "MobileWorkflowCore",
        "declKind": "Import",
        "moduleName": "ChecklistPlugin"
      },
      {
        "kind": "TypeDecl",
        "name": "ChecklistPluginStruct",
        "printedName": "ChecklistPluginStruct",
        "children": [
          {
            "kind": "Var",
            "name": "allStepsTypes",
            "printedName": "allStepsTypes",
            "children": [
              {
                "kind": "TypeNominal",
                "name": "Array",
                "printedName": "[MobileWorkflowCore.StepType]",
                "children": [
                  {
                    "kind": "TypeNominal",
                    "name": "StepType",
                    "printedName": "MobileWorkflowCore.StepType",
                    "usr": "s:18MobileWorkflowCore8StepTypeP"
                  }
                ],
                "usr": "s:Sa"
              }
            ],
            "declKind": "Var",
            "usr": "s:15ChecklistPlugin0aB6StructV13allStepsTypesSay18MobileWorkflowCore8StepType_pGvpZ",
            "mangledName": "$s15ChecklistPlugin0aB6StructV13allStepsTypesSay18MobileWorkflowCore8StepType_pGvpZ",
            "moduleName": "ChecklistPlugin",
            "static": true,
            "declAttributes": [
              "AccessControl"
            ],
            "accessors": [
              {
                "kind": "Accessor",
                "name": "Get",
                "printedName": "Get()",
                "children": [
                  {
                    "kind": "TypeNominal",
                    "name": "Array",
                    "printedName": "[MobileWorkflowCore.StepType]",
                    "children": [
                      {
                        "kind": "TypeNominal",
                        "name": "StepType",
                        "printedName": "MobileWorkflowCore.StepType",
                        "usr": "s:18MobileWorkflowCore8StepTypeP"
                      }
                    ],
                    "usr": "s:Sa"
                  }
                ],
                "declKind": "Accessor",
                "usr": "s:15ChecklistPlugin0aB6StructV13allStepsTypesSay18MobileWorkflowCore8StepType_pGvgZ",
                "mangledName": "$s15ChecklistPlugin0aB6StructV13allStepsTypesSay18MobileWorkflowCore8StepType_pGvgZ",
                "moduleName": "ChecklistPlugin",
                "static": true,
                "accessorKind": "get"
              }
            ]
          }
        ],
        "declKind": "Struct",
        "usr": "s:15ChecklistPlugin0aB6StructV",
        "mangledName": "$s15ChecklistPlugin0aB6StructV",
        "moduleName": "ChecklistPlugin",
        "declAttributes": [
          "AccessControl"
        ],
        "conformances": [
          {
            "kind": "Conformance",
            "name": "Plugin",
            "printedName": "Plugin",
            "usr": "s:18MobileWorkflowCore6PluginP",
            "mangledName": "$s18MobileWorkflowCore6PluginP"
          }
        ]
      },
      {
        "kind": "Import",
        "name": "Foundation",
        "printedName": "Foundation",
        "declKind": "Import",
        "moduleName": "ChecklistPlugin",
        "declAttributes": [
          "RawDocComment"
        ]
      },
      {
        "kind": "Import",
        "name": "MobileWorkflowCore",
        "printedName": "MobileWorkflowCore",
        "declKind": "Import",
        "moduleName": "ChecklistPlugin"
      },
      {
        "kind": "Import",
        "name": "SwiftUI",
        "printedName": "SwiftUI",
        "declKind": "Import",
        "moduleName": "ChecklistPlugin"
      },
      {
        "kind": "TypeDecl",
        "name": "ChecklistChecklistItem",
        "printedName": "ChecklistChecklistItem",
        "children": [
          {
            "kind": "Var",
            "name": "id",
            "printedName": "id",
            "children": [
              {
                "kind": "TypeNominal",
                "name": "String",
                "printedName": "Swift.String",
                "usr": "s:SS"
              }
            ],
            "declKind": "Var",
            "usr": "s:15ChecklistPlugin0aA4ItemV2idSSvp",
            "mangledName": "$s15ChecklistPlugin0aA4ItemV2idSSvp",
            "moduleName": "ChecklistPlugin",
            "declAttributes": [
              "HasStorage",
              "AccessControl"
            ],
            "isLet": true,
            "hasStorage": true,
            "accessors": [
              {
                "kind": "Accessor",
                "name": "Get",
                "printedName": "Get()",
                "children": [
                  {
                    "kind": "TypeNominal",
                    "name": "String",
                    "printedName": "Swift.String",
                    "usr": "s:SS"
                  }
                ],
                "declKind": "Accessor",
                "usr": "s:15ChecklistPlugin0aA4ItemV2idSSvg",
                "mangledName": "$s15ChecklistPlugin0aA4ItemV2idSSvg",
                "moduleName": "ChecklistPlugin",
                "implicit": true,
                "accessorKind": "get"
              }
            ]
          },
          {
            "kind": "Var",
            "name": "text",
            "printedName": "text",
            "children": [
              {
                "kind": "TypeNominal",
                "name": "String",
                "printedName": "Swift.String",
                "usr": "s:SS"
              }
            ],
            "declKind": "Var",
            "usr": "s:15ChecklistPlugin0aA4ItemV4textSSvp",
            "mangledName": "$s15ChecklistPlugin0aA4ItemV4textSSvp",
            "moduleName": "ChecklistPlugin",
            "declAttributes": [
              "HasStorage",
              "AccessControl"
            ],
            "isLet": true,
            "hasStorage": true,
            "accessors": [
              {
                "kind": "Accessor",
                "name": "Get",
                "printedName": "Get()",
                "children": [
                  {
                    "kind": "TypeNominal",
                    "name": "String",
                    "printedName": "Swift.String",
                    "usr": "s:SS"
                  }
                ],
                "declKind": "Accessor",
                "usr": "s:15ChecklistPlugin0aA4ItemV4textSSvg",
                "mangledName": "$s15ChecklistPlugin0aA4ItemV4textSSvg",
                "moduleName": "ChecklistPlugin",
                "implicit": true,
                "accessorKind": "get"
              }
            ]
          },
          {
            "kind": "Function",
            "name": "checklistChecklistItem",
            "printedName": "checklistChecklistItem(id:text:)",
            "children": [
              {
                "kind": "TypeNominal",
                "name": "ChecklistChecklistItem",
                "printedName": "ChecklistPlugin.ChecklistChecklistItem",
                "usr": "s:15ChecklistPlugin0aA4ItemV"
              },
              {
                "kind": "TypeNominal",
                "name": "String",
                "printedName": "Swift.String",
                "usr": "s:SS"
              },
              {
                "kind": "TypeNominal",
                "name": "String",
                "printedName": "Swift.String",
                "usr": "s:SS"
              }
            ],
            "declKind": "Func",
            "usr": "s:15ChecklistPlugin0aA4ItemV09checklistaC02id4textACSS_SStFZ",
            "mangledName": "$s15ChecklistPlugin0aA4ItemV09checklistaC02id4textACSS_SStFZ",
            "moduleName": "ChecklistPlugin",
            "static": true,
            "declAttributes": [
              "AccessControl"
            ],
            "funcSelfKind": "NonMutating"
          },
          {
            "kind": "Constructor",
            "name": "init",
            "printedName": "init(from:)",
            "children": [
              {
                "kind": "TypeNominal",
                "name": "ChecklistChecklistItem",
                "printedName": "ChecklistPlugin.ChecklistChecklistItem",
                "usr": "s:15ChecklistPlugin0aA4ItemV"
              },
              {
                "kind": "TypeNominal",
                "name": "Decoder",
                "printedName": "Swift.Decoder",
                "usr": "s:s7DecoderP"
              }
            ],
            "declKind": "Constructor",
            "usr": "s:15ChecklistPlugin0aA4ItemV4fromACs7Decoder_p_tKcfc",
            "mangledName": "$s15ChecklistPlugin0aA4ItemV4fromACs7Decoder_p_tKcfc",
            "moduleName": "ChecklistPlugin",
            "implicit": true,
            "throwing": true,
            "init_kind": "Designated"
          },
          {
            "kind": "Function",
            "name": "encode",
            "printedName": "encode(to:)",
            "children": [
              {
                "kind": "TypeNominal",
                "name": "Void",
                "printedName": "()"
              },
              {
                "kind": "TypeNominal",
                "name": "Encoder",
                "printedName": "Swift.Encoder",
                "usr": "s:s7EncoderP"
              }
            ],
            "declKind": "Func",
            "usr": "s:15ChecklistPlugin0aA4ItemV6encode2toys7Encoder_p_tKF",
            "mangledName": "$s15ChecklistPlugin0aA4ItemV6encode2toys7Encoder_p_tKF",
            "moduleName": "ChecklistPlugin",
            "implicit": true,
            "throwing": true,
            "funcSelfKind": "NonMutating"
          }
        ],
        "declKind": "Struct",
        "usr": "s:15ChecklistPlugin0aA4ItemV",
        "mangledName": "$s15ChecklistPlugin0aA4ItemV",
        "moduleName": "ChecklistPlugin",
        "declAttributes": [
          "AccessControl",
          "RawDocComment"
        ],
        "conformances": [
          {
            "kind": "Conformance",
            "name": "Decodable",
            "printedName": "Decodable",
            "usr": "s:Se",
            "mangledName": "$sSe"
          },
          {
            "kind": "Conformance",
            "name": "Encodable",
            "printedName": "Encodable",
            "usr": "s:SE",
            "mangledName": "$sSE"
          },
          {
            "kind": "Conformance",
            "name": "Identifiable",
            "printedName": "Identifiable",
            "children": [
              {
                "kind": "TypeWitness",
                "name": "ID",
                "printedName": "ID",
                "children": [
                  {
                    "kind": "TypeNominal",
                    "name": "String",
                    "printedName": "Swift.String",
                    "usr": "s:SS"
                  }
                ]
              }
            ],
            "usr": "s:s12IdentifiableP",
            "mangledName": "$ss12IdentifiableP"
          }
        ]
      },
      {
        "kind": "TypeDecl",
        "name": "ChecklistChecklistMetadata",
        "printedName": "ChecklistChecklistMetadata",
        "children": [
          {
            "kind": "Constructor",
            "name": "init",
            "printedName": "init(from:)",
            "children": [
              {
                "kind": "TypeNominal",
                "name": "ChecklistChecklistMetadata",
                "printedName": "ChecklistPlugin.ChecklistChecklistMetadata",
                "usr": "s:15ChecklistPlugin0aA8MetadataC"
              },
              {
                "kind": "TypeNominal",
                "name": "Decoder",
                "printedName": "Swift.Decoder",
                "usr": "s:s7DecoderP"
              }
            ],
            "declKind": "Constructor",
            "usr": "s:15ChecklistPlugin0aA8MetadataC4fromACs7Decoder_p_tKcfc",
            "mangledName": "$s15ChecklistPlugin0aA8MetadataC4fromACs7Decoder_p_tKcfc",
            "moduleName": "ChecklistPlugin",
            "overriding": true,
            "declAttributes": [
              "Required",
              "AccessControl"
            ],
            "throwing": true,
            "init_kind": "Designated"
          },
          {
            "kind": "Function",
            "name": "encode",
            "printedName": "encode(to:)",
            "children": [
              {
                "kind": "TypeNominal",
                "name": "Void",
                "printedName": "()"
              },
              {
                "kind": "TypeNominal",
                "name": "Encoder",
                "printedName": "Swift.Encoder",
                "usr": "s:s7EncoderP"
              }
            ],
            "declKind": "Func",
            "usr": "s:15ChecklistPlugin0aA8MetadataC6encode2toys7Encoder_p_tKF",
            "mangledName": "$s15ChecklistPlugin0aA8MetadataC6encode2toys7Encoder_p_tKF",
            "moduleName": "ChecklistPlugin",
            "overriding": true,
            "declAttributes": [
              "Override",
              "AccessControl"
            ],
            "throwing": true,
            "funcSelfKind": "NonMutating"
          },
          {
            "kind": "Constructor",
            "name": "init",
            "printedName": "init(id:type:title:next:links:)",
            "children": [
              {
                "kind": "TypeNominal",
                "name": "ChecklistChecklistMetadata",
                "printedName": "ChecklistPlugin.ChecklistChecklistMetadata",
                "usr": "s:15ChecklistPlugin0aA8MetadataC"
              },
              {
                "kind": "TypeNominal",
                "name": "String",
                "printedName": "Swift.String",
                "usr": "s:SS"
              },
              {
                "kind": "TypeNominal",
                "name": "String",
                "printedName": "Swift.String",
                "usr": "s:SS"
              },
              {
                "kind": "TypeNominal",
                "name": "String",
                "printedName": "Swift.String",
                "usr": "s:SS"
              },
              {
                "kind": "TypeNominal",
                "name": "Optional",
                "printedName": "MobileWorkflowCore.PushLinkMetadata?",
                "children": [
                  {
                    "kind": "TypeNominal",
                    "name": "PushLinkMetadata",
                    "printedName": "MobileWorkflowCore.PushLinkMetadata",
                    "usr": "s:18MobileWorkflowCore16PushLinkMetadataC"
                  }
                ],
                "hasDefaultArg": true,
                "usr": "s:Sq"
              },
              {
                "kind": "TypeNominal",
                "name": "Array",
                "printedName": "[MobileWorkflowCore.LinkMetadata]",
                "children": [
                  {
                    "kind": "TypeNominal",
                    "name": "LinkMetadata",
                    "printedName": "MobileWorkflowCore.LinkMetadata",
                    "usr": "s:18MobileWorkflowCore12LinkMetadataC"
                  }
                ],
                "hasDefaultArg": true,
                "usr": "s:Sa"
              }
            ],
            "declKind": "Constructor",
            "usr": "s:15ChecklistPlugin0aA8MetadataC2id4type5title4next5linksACSS_S2S18MobileWorkflowCore08PushLinkC0CSgSayAI0mC0CGtcfc",
            "mangledName": "$s15ChecklistPlugin0aA8MetadataC2id4type5title4next5linksACSS_S2S18MobileWorkflowCore08PushLinkC0CSgSayAI0mC0CGtcfc",
            "moduleName": "ChecklistPlugin",
            "overriding": true,
            "implicit": true,
            "declAttributes": [
              "Override"
            ],
            "init_kind": "Designated"
          }
        ],
        "declKind": "Class",
        "usr": "s:15ChecklistPlugin0aA8MetadataC",
        "mangledName": "$s15ChecklistPlugin0aA8MetadataC",
        "moduleName": "ChecklistPlugin",
        "declAttributes": [
          "AccessControl",
          "RawDocComment"
        ],
        "superclassUsr": "s:18MobileWorkflowCore12StepMetadataC",
        "hasMissingDesignatedInitializers": true,
        "superclassNames": [
          "MobileWorkflowCore.StepMetadata"
        ],
        "conformances": [
          {
            "kind": "Conformance",
            "name": "Decodable",
            "printedName": "Decodable",
            "usr": "s:Se",
            "mangledName": "$sSe"
          },
          {
            "kind": "Conformance",
            "name": "Encodable",
            "printedName": "Encodable",
            "usr": "s:SE",
            "mangledName": "$sSE"
          }
        ]
      },
      {
        "kind": "TypeDecl",
        "name": "ChecklistStep",
        "printedName": "ChecklistStep",
        "children": [
          {
            "kind": "Var",
            "name": "properties",
            "printedName": "properties",
            "children": [
              {
                "kind": "TypeNominal",
                "name": "ChecklistChecklistMetadata",
                "printedName": "ChecklistPlugin.ChecklistChecklistMetadata",
                "usr": "s:15ChecklistPlugin0aA8MetadataC"
              }
            ],
            "declKind": "Var",
            "usr": "s:15ChecklistPlugin0A4StepC10propertiesAA0aA8MetadataCvp",
            "mangledName": "$s15ChecklistPlugin0A4StepC10propertiesAA0aA8MetadataCvp",
            "moduleName": "ChecklistPlugin",
            "declAttributes": [
              "Final",
              "HasStorage",
              "AccessControl"
            ],
            "isLet": true,
            "hasStorage": true,
            "accessors": [
              {
                "kind": "Accessor",
                "name": "Get",
                "printedName": "Get()",
                "children": [
                  {
                    "kind": "TypeNominal",
                    "name": "ChecklistChecklistMetadata",
                    "printedName": "ChecklistPlugin.ChecklistChecklistMetadata",
                    "usr": "s:15ChecklistPlugin0aA8MetadataC"
                  }
                ],
                "declKind": "Accessor",
                "usr": "s:15ChecklistPlugin0A4StepC10propertiesAA0aA8MetadataCvg",
                "mangledName": "$s15ChecklistPlugin0A4StepC10propertiesAA0aA8MetadataCvg",
                "moduleName": "ChecklistPlugin",
                "implicit": true,
                "declAttributes": [
                  "Final"
                ],
                "accessorKind": "get"
              }
            ]
          },
          {
            "kind": "Constructor",
            "name": "init",
            "printedName": "init(properties:session:services:)",
            "children": [
              {
                "kind": "TypeNominal",
                "name": "ChecklistStep",
                "printedName": "ChecklistPlugin.ChecklistStep",
                "usr": "s:15ChecklistPlugin0A4StepC"
              },
              {
                "kind": "TypeNominal",
                "name": "ChecklistChecklistMetadata",
                "printedName": "ChecklistPlugin.ChecklistChecklistMetadata",
                "usr": "s:15ChecklistPlugin0aA8MetadataC"
              },
              {
                "kind": "TypeNominal",
                "name": "Session",
                "printedName": "MobileWorkflowCore.Session",
                "usr": "s:18MobileWorkflowCore7SessionC"
              },
              {
                "kind": "TypeNominal",
                "name": "StepServices",
                "printedName": "MobileWorkflowCore.StepServices",
                "usr": "s:18MobileWorkflowCore12StepServicesC"
              }
            ],
            "declKind": "Constructor",
            "usr": "s:15ChecklistPlugin0A4StepC10properties7session8servicesAcA0aA8MetadataC_18MobileWorkflowCore7SessionCAI0C8ServicesCtcfc",
            "mangledName": "$s15ChecklistPlugin0A4StepC10properties7session8servicesAcA0aA8MetadataC_18MobileWorkflowCore7SessionCAI0C8ServicesCtcfc",
            "moduleName": "ChecklistPlugin",
            "declAttributes": [
              "AccessControl",
              "Required"
            ],
            "init_kind": "Designated"
          },
          {
            "kind": "Function",
            "name": "instantiateViewController",
            "printedName": "instantiateViewController()",
            "children": [
              {
                "kind": "TypeNominal",
                "name": "StepViewController",
                "printedName": "MobileWorkflowCore.StepViewController",
                "usr": "s:18MobileWorkflowCore18StepViewControllerP"
              }
            ],
            "declKind": "Func",
            "usr": "s:15ChecklistPlugin0A4StepC25instantiateViewController18MobileWorkflowCore0ceF0_pyF",
            "mangledName": "$s15ChecklistPlugin0A4StepC25instantiateViewController18MobileWorkflowCore0ceF0_pyF",
            "moduleName": "ChecklistPlugin",
            "overriding": true,
            "declAttributes": [
              "Override",
              "AccessControl"
            ],
            "funcSelfKind": "NonMutating"
          },
          {
            "kind": "Constructor",
            "name": "init",
            "printedName": "init(identifier:session:services:)",
            "children": [
              {
                "kind": "TypeNominal",
                "name": "ChecklistStep",
                "printedName": "ChecklistPlugin.ChecklistStep",
                "usr": "s:15ChecklistPlugin0A4StepC"
              },
              {
                "kind": "TypeNominal",
                "name": "String",
                "printedName": "Swift.String",
                "usr": "s:SS"
              },
              {
                "kind": "TypeNominal",
                "name": "Session",
                "printedName": "MobileWorkflowCore.Session",
                "usr": "s:18MobileWorkflowCore7SessionC"
              },
              {
                "kind": "TypeNominal",
                "name": "StepServices",
                "printedName": "MobileWorkflowCore.StepServices",
                "usr": "s:18MobileWorkflowCore12StepServicesC"
              }
            ],
            "declKind": "Constructor",
            "usr": "s:15ChecklistPlugin0A4StepC10identifier7session8servicesACSS_18MobileWorkflowCore7SessionCAG0C8ServicesCtcfc",
            "mangledName": "$s15ChecklistPlugin0A4StepC10identifier7session8servicesACSS_18MobileWorkflowCore7SessionCAG0C8ServicesCtcfc",
            "moduleName": "ChecklistPlugin",
            "overriding": true,
            "implicit": true,
            "declAttributes": [
              "Override"
            ],
            "init_kind": "Designated"
          }
        ],
        "declKind": "Class",
        "usr": "s:15ChecklistPlugin0A4StepC",
        "mangledName": "$s15ChecklistPlugin0A4StepC",
        "moduleName": "ChecklistPlugin",
        "declAttributes": [
          "AccessControl",
          "RawDocComment"
        ],
        "superclassUsr": "s:18MobileWorkflowCore14ObservableStepC",
        "superclassNames": [
          "MobileWorkflowCore.ObservableStep",
          "MobileWorkflowCore.MWStep"
        ],
        "conformances": [
          {
            "kind": "Conformance",
            "name": "BuildableStepWithMetadata",
            "printedName": "BuildableStepWithMetadata",
            "children": [
              {
                "kind": "TypeWitness",
                "name": "Metadata",
                "printedName": "Metadata",
                "children": [
                  {
                    "kind": "TypeNominal",
                    "name": "ChecklistChecklistMetadata",
                    "printedName": "ChecklistPlugin.ChecklistChecklistMetadata",
                    "usr": "s:15ChecklistPlugin0aA8MetadataC"
                  }
                ]
              }
            ],
            "usr": "s:18MobileWorkflowCore25BuildableStepWithMetadataP",
            "mangledName": "$s18MobileWorkflowCore25BuildableStepWithMetadataP"
          },
          {
            "kind": "Conformance",
            "name": "StepViewModel",
            "printedName": "StepViewModel",
            "usr": "s:18MobileWorkflowCore13StepViewModelP",
            "mangledName": "$s18MobileWorkflowCore13StepViewModelP"
          },
          {
            "kind": "Conformance",
            "name": "ObservableObject",
            "printedName": "ObservableObject",
            "children": [
              {
                "kind": "TypeWitness",
                "name": "ObjectWillChangePublisher",
                "printedName": "ObjectWillChangePublisher",
                "children": [
                  {
                    "kind": "TypeNominal",
                    "name": "ObservableObjectPublisher",
                    "printedName": "Combine.ObservableObjectPublisher",
                    "usr": "s:7Combine25ObservableObjectPublisherC"
                  }
                ]
              }
            ],
            "usr": "s:7Combine16ObservableObjectP",
            "mangledName": "$s7Combine16ObservableObjectP"
          },
          {
            "kind": "Conformance",
            "name": "Step",
            "printedName": "Step",
            "usr": "s:18MobileWorkflowCore4StepP",
            "mangledName": "$s18MobileWorkflowCore4StepP"
          },
          {
            "kind": "Conformance",
            "name": "BuildableStep",
            "printedName": "BuildableStep",
            "usr": "s:18MobileWorkflowCore13BuildableStepP",
            "mangledName": "$s18MobileWorkflowCore13BuildableStepP"
          }
        ]
      },
      {
        "kind": "TypeDecl",
        "name": "ChecklistStepViewController",
        "printedName": "ChecklistStepViewController",
        "children": [
          {
            "kind": "Var",
            "name": "titleMode",
            "printedName": "titleMode",
            "children": [
              {
                "kind": "TypeNominal",
                "name": "StepViewControllerTitleMode",
                "printedName": "MobileWorkflowCore.StepViewControllerTitleMode",
                "usr": "s:18MobileWorkflowCore27StepViewControllerTitleModeO"
              }
            ],
            "declKind": "Var",
            "usr": "s:15ChecklistPlugin0A18StepViewControllerC9titleMode18MobileWorkflowCore0cde5TitleG0Ovp",
            "mangledName": "$s15ChecklistPlugin0A18StepViewControllerC9titleMode18MobileWorkflowCore0cde5TitleG0Ovp",
            "moduleName": "ChecklistPlugin",
            "overriding": true,
            "declAttributes": [
              "Custom",
              "Override",
              "AccessControl"
            ],
            "accessors": [
              {
                "kind": "Accessor",
                "name": "Get",
                "printedName": "Get()",
                "children": [
                  {
                    "kind": "TypeNominal",
                    "name": "StepViewControllerTitleMode",
                    "printedName": "MobileWorkflowCore.StepViewControllerTitleMode",
                    "usr": "s:18MobileWorkflowCore27StepViewControllerTitleModeO"
                  }
                ],
                "declKind": "Accessor",
                "usr": "s:15ChecklistPlugin0A18StepViewControllerC9titleMode18MobileWorkflowCore0cde5TitleG0Ovg",
                "mangledName": "$s15ChecklistPlugin0A18StepViewControllerC9titleMode18MobileWorkflowCore0cde5TitleG0Ovg",
                "moduleName": "ChecklistPlugin",
                "overriding": true,
                "accessorKind": "get"
              }
            ]
          },
          {
            "kind": "Function",
            "name": "viewDidLoad",
            "printedName": "viewDidLoad()",
            "children": [
              {
                "kind": "TypeNominal",
                "name": "Void",
                "printedName": "()"
              }
            ],
            "declKind": "Func",
            "usr": "c:@M@ChecklistPlugin@objc(cs)ChecklistStepViewController(im)viewDidLoad",
            "mangledName": "$s15ChecklistPlugin0A18StepViewControllerC11viewDidLoadyyF",
            "moduleName": "ChecklistPlugin",
            "overriding": true,
            "objc_name": "viewDidLoad",
            "declAttributes": [
              "Dynamic",
              "ObjC",
              "Custom",
              "Override",
              "AccessControl"
            ],
            "funcSelfKind": "NonMutating"
          },
          {
            "kind": "Constructor",
            "name": "init",
            "printedName": "init(step:nibName:bundle:)",
            "children": [
              {
                "kind": "TypeNominal",
                "name": "ChecklistStepViewController",
                "printedName": "ChecklistPlugin.ChecklistStepViewController",
                "usr": "c:@M@ChecklistPlugin@objc(cs)ChecklistStepViewController"
              },
              {
                "kind": "TypeNominal",
                "name": "Step",
                "printedName": "MobileWorkflowCore.Step",
                "usr": "s:18MobileWorkflowCore4StepP"
              },
              {
                "kind": "TypeNominal",
                "name": "Optional",
                "printedName": "Swift.String?",
                "children": [
                  {
                    "kind": "TypeNominal",
                    "name": "String",
                    "printedName": "Swift.String",
                    "usr": "s:SS"
                  }
                ],
                "usr": "s:Sq"
              },
              {
                "kind": "TypeNominal",
                "name": "Optional",
                "printedName": "Foundation.Bundle?",
                "children": [
                  {
                    "kind": "TypeNominal",
                    "name": "Bundle",
                    "printedName": "Foundation.Bundle",
                    "usr": "c:objc(cs)NSBundle"
                  }
                ],
                "usr": "s:Sq"
              }
            ],
            "declKind": "Constructor",
            "usr": "s:15ChecklistPlugin0A18StepViewControllerC4step7nibName6bundleAC18MobileWorkflowCore0C0_p_SSSgSo8NSBundleCSgtcfc",
            "mangledName": "$s15ChecklistPlugin0A18StepViewControllerC4step7nibName6bundleAC18MobileWorkflowCore0C0_p_SSSgSo8NSBundleCSgtcfc",
            "moduleName": "ChecklistPlugin",
            "overriding": true,
            "implicit": true,
            "declAttributes": [
              "Custom",
              "Override"
            ],
            "init_kind": "Designated"
          },
          {
            "kind": "Constructor",
            "name": "init",
            "printedName": "init(step:)",
            "children": [
              {
                "kind": "TypeNominal",
                "name": "ChecklistStepViewController",
                "printedName": "ChecklistPlugin.ChecklistStepViewController",
                "usr": "c:@M@ChecklistPlugin@objc(cs)ChecklistStepViewController"
              },
              {
                "kind": "TypeNominal",
                "name": "Step",
                "printedName": "MobileWorkflowCore.Step",
                "usr": "s:18MobileWorkflowCore4StepP"
              }
            ],
            "declKind": "Constructor",
            "usr": "s:15ChecklistPlugin0A18StepViewControllerC4stepAC18MobileWorkflowCore0C0_p_tcfc",
            "mangledName": "$s15ChecklistPlugin0A18StepViewControllerC4stepAC18MobileWorkflowCore0C0_p_tcfc",
            "moduleName": "ChecklistPlugin",
            "overriding": true,
            "implicit": true,
            "declAttributes": [
              "Custom",
              "Override"
            ],
            "init_kind": "Designated"
          },
          {
            "kind": "Constructor",
            "name": "init",
            "printedName": "init(coder:)",
            "children": [
              {
                "kind": "TypeNominal",
                "name": "Optional",
                "printedName": "ChecklistPlugin.ChecklistStepViewController?",
                "children": [
                  {
                    "kind": "TypeNominal",
                    "name": "ChecklistStepViewController",
                    "printedName": "ChecklistPlugin.ChecklistStepViewController",
                    "usr": "c:@M@ChecklistPlugin@objc(cs)ChecklistStepViewController"
                  }
                ],
                "usr": "s:Sq"
              },
              {
                "kind": "TypeNominal",
                "name": "NSCoder",
                "printedName": "Foundation.NSCoder",
                "usr": "c:objc(cs)NSCoder"
              }
            ],
            "declKind": "Constructor",
            "usr": "c:@M@ChecklistPlugin@objc(cs)ChecklistStepViewController(im)initWithCoder:",
            "mangledName": "$s15ChecklistPlugin0A18StepViewControllerC5coderACSgSo7NSCoderC_tcfc",
            "moduleName": "ChecklistPlugin",
            "overriding": true,
            "implicit": true,
            "objc_name": "initWithCoder:",
            "declAttributes": [
              "Dynamic",
              "ObjC",
              "Custom",
              "Required"
            ],
            "init_kind": "Designated"
          }
        ],
        "declKind": "Class",
        "usr": "c:@M@ChecklistPlugin@objc(cs)ChecklistStepViewController",
        "mangledName": "$s15ChecklistPlugin0A18StepViewControllerC",
        "moduleName": "ChecklistPlugin",
        "declAttributes": [
          "Custom",
          "AccessControl",
          "ObjC"
        ],
        "superclassUsr": "c:@M@MobileWorkflowCore@objc(cs)MWStepViewController",
        "inheritsConvenienceInitializers": true,
        "superclassNames": [
          "MobileWorkflowCore.MWStepViewController",
          "UIKit.UIViewController",
          "UIKit.UIResponder",
          "ObjectiveC.NSObject"
        ],
        "conformances": [
          {
            "kind": "Conformance",
            "name": "StepViewController",
            "printedName": "StepViewController",
            "usr": "s:18MobileWorkflowCore18StepViewControllerP",
            "mangledName": "$s18MobileWorkflowCore18StepViewControllerP"
          },
          {
            "kind": "Conformance",
            "name": "Equatable",
            "printedName": "Equatable",
            "usr": "s:SQ",
            "mangledName": "$sSQ"
          },
          {
            "kind": "Conformance",
            "name": "Hashable",
            "printedName": "Hashable",
            "usr": "s:SH",
            "mangledName": "$sSH"
          },
          {
            "kind": "Conformance",
            "name": "CVarArg",
            "printedName": "CVarArg",
            "usr": "s:s7CVarArgP",
            "mangledName": "$ss7CVarArgP"
          },
          {
            "kind": "Conformance",
            "name": "_KeyValueCodingAndObservingPublishing",
            "printedName": "_KeyValueCodingAndObservingPublishing",
            "usr": "s:10Foundation37_KeyValueCodingAndObservingPublishingP",
            "mangledName": "$s10Foundation37_KeyValueCodingAndObservingPublishingP"
          },
          {
            "kind": "Conformance",
            "name": "_KeyValueCodingAndObserving",
            "printedName": "_KeyValueCodingAndObserving",
            "usr": "s:10Foundation27_KeyValueCodingAndObservingP",
            "mangledName": "$s10Foundation27_KeyValueCodingAndObservingP"
          },
          {
            "kind": "Conformance",
            "name": "CustomStringConvertible",
            "printedName": "CustomStringConvertible",
            "usr": "s:s23CustomStringConvertibleP",
            "mangledName": "$ss23CustomStringConvertibleP"
          },
          {
            "kind": "Conformance",
            "name": "CustomDebugStringConvertible",
            "printedName": "CustomDebugStringConvertible",
            "usr": "s:s28CustomDebugStringConvertibleP",
            "mangledName": "$ss28CustomDebugStringConvertibleP"
          },
          {
            "kind": "Conformance",
            "name": "UITraitChangeObservable",
            "printedName": "UITraitChangeObservable",
            "usr": "s:5UIKit23UITraitChangeObservableP",
            "mangledName": "$s5UIKit23UITraitChangeObservableP"
          }
        ]
      },
      {
        "kind": "TypeDecl",
        "name": "StepMetadata",
        "printedName": "StepMetadata",
        "children": [
          {
            "kind": "Function",
            "name": "checklistChecklist",
            "printedName": "checklistChecklist(id:title:items:next:links:)",
            "children": [
              {
                "kind": "TypeNominal",
                "name": "ChecklistChecklistMetadata",
                "printedName": "ChecklistPlugin.ChecklistChecklistMetadata",
                "usr": "s:15ChecklistPlugin0aA8MetadataC"
              },
              {
                "kind": "TypeNominal",
                "name": "String",
                "printedName": "Swift.String",
                "usr": "s:SS"
              },
              {
                "kind": "TypeNominal",
                "name": "String",
                "printedName": "Swift.String",
                "usr": "s:SS"
              },
              {
                "kind": "TypeNominal",
                "name": "Array",
                "printedName": "[ChecklistPlugin.ChecklistChecklistItem]",
                "children": [
                  {
                    "kind": "TypeNominal",
                    "name": "ChecklistChecklistItem",
                    "printedName": "ChecklistPlugin.ChecklistChecklistItem",
                    "usr": "s:15ChecklistPlugin0aA4ItemV"
                  }
                ],
                "usr": "s:Sa"
              },
              {
                "kind": "TypeNominal",
                "name": "Optional",
                "printedName": "MobileWorkflowCore.PushLinkMetadata?",
                "children": [
                  {
                    "kind": "TypeNominal",
                    "name": "PushLinkMetadata",
                    "printedName": "MobileWorkflowCore.PushLinkMetadata",
                    "usr": "s:18MobileWorkflowCore16PushLinkMetadataC"
                  }
                ],
                "hasDefaultArg": true,
                "usr": "s:Sq"
              },
              {
                "kind": "TypeNominal",
                "name": "Array",
                "printedName": "[MobileWorkflowCore.LinkMetadata]",
                "children": [
                  {
                    "kind": "TypeNominal",
                    "name": "LinkMetadata",
                    "printedName": "MobileWorkflowCore.LinkMetadata",
                    "usr": "s:18MobileWorkflowCore12LinkMetadataC"
                  }
                ],
                "hasDefaultArg": true,
                "usr": "s:Sa"
              }
            ],
            "declKind": "Func",
            "usr": "s:18MobileWorkflowCore12StepMetadataC15ChecklistPluginE09checklistF02id5title5items4next5linksAD0ffE0CSS_SSSayAD0fF4ItemVGAA08PushLinkE0CSgSayAA0pE0CGtFZ",
            "mangledName": "$s18MobileWorkflowCore12StepMetadataC15ChecklistPluginE09checklistF02id5title5items4next5linksAD0ffE0CSS_SSSayAD0fF4ItemVGAA08PushLinkE0CSgSayAA0pE0CGtFZ",
            "moduleName": "ChecklistPlugin",
            "static": true,
            "declAttributes": [
              "Final",
              "RawDocComment"
            ],
            "isFromExtension": true,
            "funcSelfKind": "NonMutating"
          }
        ],
        "declKind": "Class",
        "usr": "s:18MobileWorkflowCore12StepMetadataC",
        "mangledName": "$s18MobileWorkflowCore12StepMetadataC",
        "moduleName": "MobileWorkflowCore",
        "isOpen": true,
        "isExternal": true,
        "conformances": [
          {
            "kind": "Conformance",
            "name": "Decodable",
            "printedName": "Decodable",
            "usr": "s:Se",
            "mangledName": "$sSe"
          },
          {
            "kind": "Conformance",
            "name": "Encodable",
            "printedName": "Encodable",
            "usr": "s:SE",
            "mangledName": "$sSE"
          }
        ]
      }
    ],
    "json_format_version": 8
  },
  "ConstValues": [
    {
      "filePath": "\/Users\/vagrant\/git\/project\/ChecklistPlugin\/ChecklistPlugin\/ChecklistPluginStruct.swift",
      "kind": "StringLiteral",
      "offset": 322,
      "length": 33,
      "value": "\"io.app-rail.checklist.checklist\""
    },
    {
      "filePath": "\/Users\/vagrant\/git\/project\/ChecklistPlugin\/ChecklistPlugin\/ChecklistPluginStruct.swift",
      "kind": "StringLiteral",
      "offset": 322,
      "length": 33,
      "value": "\"io.app-rail.checklist.checklist\""
    },
    {
      "filePath": "\/Users\/vagrant\/git\/project\/ChecklistPlugin\/ChecklistPlugin\/ChecklistStep.swift",
      "kind": "StringLiteral",
      "offset": 1913,
      "length": 33,
      "value": "\"io.app-rail.checklist.checklist\""
    },
    {
      "filePath": "\/Users\/vagrant\/git\/project\/ChecklistPlugin\/ChecklistPlugin\/ChecklistStep.swift",
      "kind": "StringLiteral",
      "offset": 1018,
      "length": 26,
      "value": "\"ChecklistPlugin.ChecklistChecklistMetadata\""
    },
    {
      "filePath": "\/Users\/vagrant\/git\/project\/ChecklistPlugin\/ChecklistPlugin\/ChecklistStep.swift",
      "kind": "Array",
      "offset": 4061,
      "length": 2,
      "value": "[]"
    },
    {
      "filePath": "\/Users\/vagrant\/git\/project\/ChecklistPlugin\/ChecklistPlugin\/ChecklistStep.swift",
      "kind": "StringLiteral",
      "offset": 5982,
      "length": 13,
      "value": "\"ChecklistPlugin.ChecklistStep\""
    },
    {
      "filePath": "\/Users\/vagrant\/git\/project\/ChecklistPlugin\/ChecklistPlugin\/ChecklistStep.swift",
      "kind": "BooleanLiteral",
      "offset": 6860,
      "length": 5,
      "value": "false"
    },
    {
      "filePath": "\/Users\/vagrant\/git\/project\/ChecklistPlugin\/ChecklistPlugin\/ChecklistStep.swift",
      "kind": "BooleanLiteral",
      "offset": 7703,
      "length": 5,
      "value": "false"
    },
    {
      "filePath": "\/Users\/vagrant\/git\/project\/ChecklistPlugin\/ChecklistPlugin\/ChecklistStep.swift",
      "kind": "StringLiteral",
      "offset": 7815,
      "length": 23,
      "value": "\"checkmark.circle.fill\""
    },
    {
      "filePath": "\/Users\/vagrant\/git\/project\/ChecklistPlugin\/ChecklistPlugin\/ChecklistStep.swift",
      "kind": "StringLiteral",
      "offset": 7841,
      "length": 8,
      "value": "\"circle\""
    },
    {
      "filePath": "\/Users\/vagrant\/git\/project\/ChecklistPlugin\/ChecklistPlugin\/ChecklistStep.swift",
      "kind": "StringLiteral",
      "offset": 8311,
      "length": 3,
      "value": "\"1\""
    },
    {
      "filePath": "\/Users\/vagrant\/git\/project\/ChecklistPlugin\/ChecklistPlugin\/ChecklistStep.swift",
      "kind": "StringLiteral",
      "offset": 8322,
      "length": 6,
      "value": "\"Milk\""
    },
    {
      "filePath": "\/Users\/vagrant\/git\/project\/ChecklistPlugin\/ChecklistPlugin\/ChecklistStep.swift",
      "kind": "StringLiteral",
      "offset": 8353,
      "length": 3,
      "value": "\"2\""
    },
    {
      "filePath": "\/Users\/vagrant\/git\/project\/ChecklistPlugin\/ChecklistPlugin\/ChecklistStep.swift",
      "kind": "StringLiteral",
      "offset": 8364,
      "length": 8,
      "value": "\"Cheese\""
    },
    {
      "filePath": "\/Users\/vagrant\/git\/project\/ChecklistPlugin\/ChecklistPlugin\/ChecklistStep.swift",
      "kind": "StringLiteral",
      "offset": 8499,
      "length": 2,
      "value": "\"\""
    },
    {
      "filePath": "\/Users\/vagrant\/git\/project\/ChecklistPlugin\/ChecklistPlugin\/ChecklistStep.swift",
      "kind": "StringLiteral",
      "offset": 8530,
      "length": 2,
      "value": "\"\""
    },
    {
      "filePath": "\/Users\/vagrant\/git\/project\/ChecklistPlugin\/ChecklistPlugin\/ChecklistStep.swift",
      "kind": "Array",
      "offset": 8561,
      "length": 2,
      "value": "[]"
    },
    {
      "filePath": "\/Users\/vagrant\/git\/project\/ChecklistPlugin\/ChecklistPlugin\/ChecklistStep.swift",
      "kind": "Array",
      "offset": 8623,
      "length": 2,
      "value": "[]"
    }
  ]
}