{
  "ABIRoot": {
    "kind": "Root",
    "name": "TopLevel",
    "printedName": "TopLevel",
    "children": [
      {
        "kind": "Import",
        "name": "Foundation",
        "printedName": "Foundation",
        "declKind": "Import",
        "moduleName": "MWMapsPlugin",
        "declAttributes": [
          "RawDocComment"
        ]
      },
      {
        "kind": "Import",
        "name": "MobileWorkflowCore",
        "printedName": "MobileWorkflowCore",
        "declKind": "Import",
        "moduleName": "MWMapsPlugin"
      },
      {
        "kind": "TypeDecl",
        "name": "MapStepItemTask",
        "printedName": "MapStepItemTask",
        "children": [
          {
            "kind": "Var",
            "name": "input",
            "printedName": "input",
            "children": [
              {
                "kind": "TypeNominal",
                "name": "URL",
                "printedName": "Foundation.URL",
                "usr": "s:10Foundation3URLV"
              }
            ],
            "declKind": "Var",
            "usr": "s:12MWMapsPlugin15MapStepItemTaskV5input10Foundation3URLVvp",
            "mangledName": "$s12MWMapsPlugin15MapStepItemTaskV5input10Foundation3URLVvp",
            "moduleName": "MWMapsPlugin",
            "declAttributes": [
              "HasStorage",
              "AccessControl"
            ],
            "isLet": true,
            "hasStorage": true,
            "accessors": [
              {
                "kind": "Accessor",
                "name": "Get",
                "printedName": "Get()",
                "children": [
                  {
                    "kind": "TypeNominal",
                    "name": "URL",
                    "printedName": "Foundation.URL",
                    "usr": "s:10Foundation3URLV"
                  }
                ],
                "declKind": "Accessor",
                "usr": "s:12MWMapsPlugin15MapStepItemTaskV5input10Foundation3URLVvg",
                "mangledName": "$s12MWMapsPlugin15MapStepItemTaskV5input10Foundation3URLVvg",
                "moduleName": "MWMapsPlugin",
                "implicit": true,
                "accessorKind": "get"
              }
            ]
          },
          {
            "kind": "Var",
            "name": "credential",
            "printedName": "credential",
            "children": [
              {
                "kind": "TypeNominal",
                "name": "Optional",
                "printedName": "MobileWorkflowCore.Credential?",
                "children": [
                  {
                    "kind": "TypeNominal",
                    "name": "Credential",
                    "printedName": "MobileWorkflowCore.Credential",
                    "usr": "s:18MobileWorkflowCore10CredentialV"
                  }
                ],
                "usr": "s:Sq"
              }
            ],
            "declKind": "Var",
            "usr": "s:12MWMapsPlugin15MapStepItemTaskV10credential18MobileWorkflowCore10CredentialVSgvp",
            "mangledName": "$s12MWMapsPlugin15MapStepItemTaskV10credential18MobileWorkflowCore10CredentialVSgvp",
            "moduleName": "MWMapsPlugin",
            "declAttributes": [
              "HasStorage",
              "AccessControl"
            ],
            "isLet": true,
            "hasStorage": true,
            "accessors": [
              {
                "kind": "Accessor",
                "name": "Get",
                "printedName": "Get()",
                "children": [
                  {
                    "kind": "TypeNominal",
                    "name": "Optional",
                    "printedName": "MobileWorkflowCore.Credential?",
                    "children": [
                      {
                        "kind": "TypeNominal",
                        "name": "Credential",
                        "printedName": "MobileWorkflowCore.Credential",
                        "usr": "s:18MobileWorkflowCore10CredentialV"
                      }
                    ],
                    "usr": "s:Sq"
                  }
                ],
                "declKind": "Accessor",
                "usr": "s:12MWMapsPlugin15MapStepItemTaskV10credential18MobileWorkflowCore10CredentialVSgvg",
                "mangledName": "$s12MWMapsPlugin15MapStepItemTaskV10credential18MobileWorkflowCore10CredentialVSgvg",
                "moduleName": "MWMapsPlugin",
                "implicit": true,
                "accessorKind": "get"
              }
            ]
          }
        ],
        "declKind": "Struct",
        "usr": "s:12MWMapsPlugin15MapStepItemTaskV",
        "mangledName": "$s12MWMapsPlugin15MapStepItemTaskV",
        "moduleName": "MWMapsPlugin",
        "declAttributes": [
          "AccessControl"
        ],
        "conformances": [
          {
            "kind": "Conformance",
            "name": "CredentializedAsyncTask",
            "printedName": "CredentializedAsyncTask",
            "usr": "s:18MobileWorkflowCore23CredentializedAsyncTaskP",
            "mangledName": "$s18MobileWorkflowCore23CredentializedAsyncTaskP"
          },
          {
            "kind": "Conformance",
            "name": "URLAsyncTaskConvertible",
            "printedName": "URLAsyncTaskConvertible",
            "usr": "s:18MobileWorkflowCore23URLAsyncTaskConvertibleP",
            "mangledName": "$s18MobileWorkflowCore23URLAsyncTaskConvertibleP"
          },
          {
            "kind": "Conformance",
            "name": "AsyncTask",
            "printedName": "AsyncTask",
            "children": [
              {
                "kind": "TypeWitness",
                "name": "Response",
                "printedName": "Response",
                "children": [
                  {
                    "kind": "TypeNominal",
                    "name": "Array",
                    "printedName": "[MWMapsPlugin.MapStepItem]",
                    "children": [
                      {
                        "kind": "TypeNominal",
                        "name": "MapStepItem",
                        "printedName": "MWMapsPlugin.MapStepItem",
                        "usr": "s:12MWMapsPlugin11MapStepItemC"
                      }
                    ],
                    "usr": "s:Sa"
                  }
                ]
              },
              {
                "kind": "TypeWitness",
                "name": "Input",
                "printedName": "Input",
                "children": [
                  {
                    "kind": "TypeNominal",
                    "name": "URL",
                    "printedName": "Foundation.URL",
                    "usr": "s:10Foundation3URLV"
                  }
                ]
              }
            ],
            "usr": "s:18MobileWorkflowCore9AsyncTaskP",
            "mangledName": "$s18MobileWorkflowCore9AsyncTaskP"
          },
          {
            "kind": "Conformance",
            "name": "Credentialized",
            "printedName": "Credentialized",
            "usr": "s:18MobileWorkflowCore14CredentializedP",
            "mangledName": "$s18MobileWorkflowCore14CredentializedP"
          }
        ]
      },
      {
        "kind": "Import",
        "name": "Foundation",
        "printedName": "Foundation",
        "declKind": "Import",
        "moduleName": "MWMapsPlugin",
        "declAttributes": [
          "RawDocComment"
        ]
      },
      {
        "kind": "Import",
        "name": "MobileWorkflowCore",
        "printedName": "MobileWorkflowCore",
        "declKind": "Import",
        "moduleName": "MWMapsPlugin"
      },
      {
        "kind": "TypeDecl",
        "name": "MWMapsPluginStruct",
        "printedName": "MWMapsPluginStruct",
        "children": [
          {
            "kind": "Var",
            "name": "allStepsTypes",
            "printedName": "allStepsTypes",
            "children": [
              {
                "kind": "TypeNominal",
                "name": "Array",
                "printedName": "[MobileWorkflowCore.StepType]",
                "children": [
                  {
                    "kind": "TypeNominal",
                    "name": "StepType",
                    "printedName": "MobileWorkflowCore.StepType",
                    "usr": "s:18MobileWorkflowCore8StepTypeP"
                  }
                ],
                "usr": "s:Sa"
              }
            ],
            "declKind": "Var",
            "usr": "s:12MWMapsPlugin0aB6StructV13allStepsTypesSay18MobileWorkflowCore8StepType_pGvpZ",
            "mangledName": "$s12MWMapsPlugin0aB6StructV13allStepsTypesSay18MobileWorkflowCore8StepType_pGvpZ",
            "moduleName": "MWMapsPlugin",
            "static": true,
            "declAttributes": [
              "AccessControl"
            ],
            "accessors": [
              {
                "kind": "Accessor",
                "name": "Get",
                "printedName": "Get()",
                "children": [
                  {
                    "kind": "TypeNominal",
                    "name": "Array",
                    "printedName": "[MobileWorkflowCore.StepType]",
                    "children": [
                      {
                        "kind": "TypeNominal",
                        "name": "StepType",
                        "printedName": "MobileWorkflowCore.StepType",
                        "usr": "s:18MobileWorkflowCore8StepTypeP"
                      }
                    ],
                    "usr": "s:Sa"
                  }
                ],
                "declKind": "Accessor",
                "usr": "s:12MWMapsPlugin0aB6StructV13allStepsTypesSay18MobileWorkflowCore8StepType_pGvgZ",
                "mangledName": "$s12MWMapsPlugin0aB6StructV13allStepsTypesSay18MobileWorkflowCore8StepType_pGvgZ",
                "moduleName": "MWMapsPlugin",
                "static": true,
                "accessorKind": "get"
              }
            ]
          }
        ],
        "declKind": "Struct",
        "usr": "s:12MWMapsPlugin0aB6StructV",
        "mangledName": "$s12MWMapsPlugin0aB6StructV",
        "moduleName": "MWMapsPlugin",
        "declAttributes": [
          "AccessControl"
        ],
        "conformances": [
          {
            "kind": "Conformance",
            "name": "Plugin",
            "printedName": "Plugin",
            "usr": "s:18MobileWorkflowCore6PluginP",
            "mangledName": "$s18MobileWorkflowCore6PluginP"
          }
        ]
      },
      {
        "kind": "TypeDecl",
        "name": "MWMapsStepType",
        "printedName": "MWMapsStepType",
        "children": [
          {
            "kind": "Var",
            "name": "map",
            "printedName": "map",
            "children": [
              {
                "kind": "TypeFunc",
                "name": "Function",
                "printedName": "(MWMapsPlugin.MWMapsStepType.Type) -> MWMapsPlugin.MWMapsStepType",
                "children": [
                  {
                    "kind": "TypeNominal",
                    "name": "MWMapsStepType",
                    "printedName": "MWMapsPlugin.MWMapsStepType",
                    "usr": "s:12MWMapsPlugin0A8StepTypeO"
                  },
                  {
                    "kind": "TypeNominal",
                    "name": "Metatype",
                    "printedName": "MWMapsPlugin.MWMapsStepType.Type",
                    "children": [
                      {
                        "kind": "TypeNominal",
                        "name": "MWMapsStepType",
                        "printedName": "MWMapsPlugin.MWMapsStepType",
                        "usr": "s:12MWMapsPlugin0A8StepTypeO"
                      }
                    ]
                  }
                ]
              }
            ],
            "declKind": "EnumElement",
            "usr": "s:12MWMapsPlugin0A8StepTypeO3mapyA2CmF",
            "mangledName": "$s12MWMapsPlugin0A8StepTypeO3mapyA2CmF",
            "moduleName": "MWMapsPlugin"
          },
          {
            "kind": "Var",
            "name": "networkMap",
            "printedName": "networkMap",
            "children": [
              {
                "kind": "TypeFunc",
                "name": "Function",
                "printedName": "(MWMapsPlugin.MWMapsStepType.Type) -> MWMapsPlugin.MWMapsStepType",
                "children": [
                  {
                    "kind": "TypeNominal",
                    "name": "MWMapsStepType",
                    "printedName": "MWMapsPlugin.MWMapsStepType",
                    "usr": "s:12MWMapsPlugin0A8StepTypeO"
                  },
                  {
                    "kind": "TypeNominal",
                    "name": "Metatype",
                    "printedName": "MWMapsPlugin.MWMapsStepType.Type",
                    "children": [
                      {
                        "kind": "TypeNominal",
                        "name": "MWMapsStepType",
                        "printedName": "MWMapsPlugin.MWMapsStepType",
                        "usr": "s:12MWMapsPlugin0A8StepTypeO"
                      }
                    ]
                  }
                ]
              }
            ],
            "declKind": "EnumElement",
            "usr": "s:12MWMapsPlugin0A8StepTypeO10networkMapyA2CmF",
            "mangledName": "$s12MWMapsPlugin0A8StepTypeO10networkMapyA2CmF",
            "moduleName": "MWMapsPlugin"
          },
          {
            "kind": "Var",
            "name": "confirmLocation",
            "printedName": "confirmLocation",
            "children": [
              {
                "kind": "TypeFunc",
                "name": "Function",
                "printedName": "(MWMapsPlugin.MWMapsStepType.Type) -> MWMapsPlugin.MWMapsStepType",
                "children": [
                  {
                    "kind": "TypeNominal",
                    "name": "MWMapsStepType",
                    "printedName": "MWMapsPlugin.MWMapsStepType",
                    "usr": "s:12MWMapsPlugin0A8StepTypeO"
                  },
                  {
                    "kind": "TypeNominal",
                    "name": "Metatype",
                    "printedName": "MWMapsPlugin.MWMapsStepType.Type",
                    "children": [
                      {
                        "kind": "TypeNominal",
                        "name": "MWMapsStepType",
                        "printedName": "MWMapsPlugin.MWMapsStepType",
                        "usr": "s:12MWMapsPlugin0A8StepTypeO"
                      }
                    ]
                  }
                ]
              }
            ],
            "declKind": "EnumElement",
            "usr": "s:12MWMapsPlugin0A8StepTypeO15confirmLocationyA2CmF",
            "mangledName": "$s12MWMapsPlugin0A8StepTypeO15confirmLocationyA2CmF",
            "moduleName": "MWMapsPlugin"
          },
          {
            "kind": "Var",
            "name": "restConfirmLocation",
            "printedName": "restConfirmLocation",
            "children": [
              {
                "kind": "TypeFunc",
                "name": "Function",
                "printedName": "(MWMapsPlugin.MWMapsStepType.Type) -> MWMapsPlugin.MWMapsStepType",
                "children": [
                  {
                    "kind": "TypeNominal",
                    "name": "MWMapsStepType",
                    "printedName": "MWMapsPlugin.MWMapsStepType",
                    "usr": "s:12MWMapsPlugin0A8StepTypeO"
                  },
                  {
                    "kind": "TypeNominal",
                    "name": "Metatype",
                    "printedName": "MWMapsPlugin.MWMapsStepType.Type",
                    "children": [
                      {
                        "kind": "TypeNominal",
                        "name": "MWMapsStepType",
                        "printedName": "MWMapsPlugin.MWMapsStepType",
                        "usr": "s:12MWMapsPlugin0A8StepTypeO"
                      }
                    ]
                  }
                ]
              }
            ],
            "declKind": "EnumElement",
            "usr": "s:12MWMapsPlugin0A8StepTypeO19restConfirmLocationyA2CmF",
            "mangledName": "$s12MWMapsPlugin0A8StepTypeO19restConfirmLocationyA2CmF",
            "moduleName": "MWMapsPlugin"
          },
          {
            "kind": "Var",
            "name": "typeName",
            "printedName": "typeName",
            "children": [
              {
                "kind": "TypeNominal",
                "name": "String",
                "printedName": "Swift.String",
                "usr": "s:SS"
              }
            ],
            "declKind": "Var",
            "usr": "s:12MWMapsPlugin0A8StepTypeO8typeNameSSvp",
            "mangledName": "$s12MWMapsPlugin0A8StepTypeO8typeNameSSvp",
            "moduleName": "MWMapsPlugin",
            "declAttributes": [
              "AccessControl"
            ],
            "accessors": [
              {
                "kind": "Accessor",
                "name": "Get",
                "printedName": "Get()",
                "children": [
                  {
                    "kind": "TypeNominal",
                    "name": "String",
                    "printedName": "Swift.String",
                    "usr": "s:SS"
                  }
                ],
                "declKind": "Accessor",
                "usr": "s:12MWMapsPlugin0A8StepTypeO8typeNameSSvg",
                "mangledName": "$s12MWMapsPlugin0A8StepTypeO8typeNameSSvg",
                "moduleName": "MWMapsPlugin",
                "accessorKind": "get"
              }
            ]
          },
          {
            "kind": "Var",
            "name": "stepClass",
            "printedName": "stepClass",
            "children": [
              {
                "kind": "TypeNominal",
                "name": "ExistentialMetatype",
                "printedName": "MobileWorkflowCore.BuildableStep.Type",
                "children": [
                  {
                    "kind": "TypeNominal",
                    "name": "BuildableStep",
                    "printedName": "MobileWorkflowCore.BuildableStep",
                    "usr": "s:18MobileWorkflowCore13BuildableStepP"
                  }
                ]
              }
            ],
            "declKind": "Var",
            "usr": "s:12MWMapsPlugin0A8StepTypeO9stepClass18MobileWorkflowCore09BuildableC0_pXpvp",
            "mangledName": "$s12MWMapsPlugin0A8StepTypeO9stepClass18MobileWorkflowCore09BuildableC0_pXpvp",
            "moduleName": "MWMapsPlugin",
            "declAttributes": [
              "AccessControl"
            ],
            "accessors": [
              {
                "kind": "Accessor",
                "name": "Get",
                "printedName": "Get()",
                "children": [
                  {
                    "kind": "TypeNominal",
                    "name": "ExistentialMetatype",
                    "printedName": "MobileWorkflowCore.BuildableStep.Type",
                    "children": [
                      {
                        "kind": "TypeNominal",
                        "name": "BuildableStep",
                        "printedName": "MobileWorkflowCore.BuildableStep",
                        "usr": "s:18MobileWorkflowCore13BuildableStepP"
                      }
                    ]
                  }
                ],
                "declKind": "Accessor",
                "usr": "s:12MWMapsPlugin0A8StepTypeO9stepClass18MobileWorkflowCore09BuildableC0_pXpvg",
                "mangledName": "$s12MWMapsPlugin0A8StepTypeO9stepClass18MobileWorkflowCore09BuildableC0_pXpvg",
                "moduleName": "MWMapsPlugin",
                "accessorKind": "get"
              }
            ]
          },
          {
            "kind": "Constructor",
            "name": "init",
            "printedName": "init(rawValue:)",
            "children": [
              {
                "kind": "TypeNominal",
                "name": "Optional",
                "printedName": "MWMapsPlugin.MWMapsStepType?",
                "children": [
                  {
                    "kind": "TypeNominal",
                    "name": "MWMapsStepType",
                    "printedName": "MWMapsPlugin.MWMapsStepType",
                    "usr": "s:12MWMapsPlugin0A8StepTypeO"
                  }
                ],
                "usr": "s:Sq"
              },
              {
                "kind": "TypeNominal",
                "name": "String",
                "printedName": "Swift.String",
                "usr": "s:SS"
              }
            ],
            "declKind": "Constructor",
            "usr": "s:12MWMapsPlugin0A8StepTypeO8rawValueACSgSS_tcfc",
            "mangledName": "$s12MWMapsPlugin0A8StepTypeO8rawValueACSgSS_tcfc",
            "moduleName": "MWMapsPlugin",
            "implicit": true,
            "init_kind": "Designated"
          },
          {
            "kind": "Var",
            "name": "rawValue",
            "printedName": "rawValue",
            "children": [
              {
                "kind": "TypeNominal",
                "name": "String",
                "printedName": "Swift.String",
                "usr": "s:SS"
              }
            ],
            "declKind": "Var",
            "usr": "s:12MWMapsPlugin0A8StepTypeO8rawValueSSvp",
            "mangledName": "$s12MWMapsPlugin0A8StepTypeO8rawValueSSvp",
            "moduleName": "MWMapsPlugin",
            "implicit": true,
            "accessors": [
              {
                "kind": "Accessor",
                "name": "Get",
                "printedName": "Get()",
                "children": [
                  {
                    "kind": "TypeNominal",
                    "name": "String",
                    "printedName": "Swift.String",
                    "usr": "s:SS"
                  }
                ],
                "declKind": "Accessor",
                "usr": "s:12MWMapsPlugin0A8StepTypeO8rawValueSSvg",
                "mangledName": "$s12MWMapsPlugin0A8StepTypeO8rawValueSSvg",
                "moduleName": "MWMapsPlugin",
                "implicit": true,
                "accessorKind": "get"
              }
            ]
          },
          {
            "kind": "Var",
            "name": "allCases",
            "printedName": "allCases",
            "children": [
              {
                "kind": "TypeNominal",
                "name": "Array",
                "printedName": "[MWMapsPlugin.MWMapsStepType]",
                "children": [
                  {
                    "kind": "TypeNominal",
                    "name": "MWMapsStepType",
                    "printedName": "MWMapsPlugin.MWMapsStepType",
                    "usr": "s:12MWMapsPlugin0A8StepTypeO"
                  }
                ],
                "usr": "s:Sa"
              }
            ],
            "declKind": "Var",
            "usr": "s:12MWMapsPlugin0A8StepTypeO8allCasesSayACGvpZ",
            "mangledName": "$s12MWMapsPlugin0A8StepTypeO8allCasesSayACGvpZ",
            "moduleName": "MWMapsPlugin",
            "static": true,
            "implicit": true,
            "accessors": [
              {
                "kind": "Accessor",
                "name": "Get",
                "printedName": "Get()",
                "children": [
                  {
                    "kind": "TypeNominal",
                    "name": "Array",
                    "printedName": "[MWMapsPlugin.MWMapsStepType]",
                    "children": [
                      {
                        "kind": "TypeNominal",
                        "name": "MWMapsStepType",
                        "printedName": "MWMapsPlugin.MWMapsStepType",
                        "usr": "s:12MWMapsPlugin0A8StepTypeO"
                      }
                    ],
                    "usr": "s:Sa"
                  }
                ],
                "declKind": "Accessor",
                "usr": "s:12MWMapsPlugin0A8StepTypeO8allCasesSayACGvgZ",
                "mangledName": "$s12MWMapsPlugin0A8StepTypeO8allCasesSayACGvgZ",
                "moduleName": "MWMapsPlugin",
                "static": true,
                "implicit": true,
                "accessorKind": "get"
              }
            ]
          }
        ],
        "declKind": "Enum",
        "usr": "s:12MWMapsPlugin0A8StepTypeO",
        "mangledName": "$s12MWMapsPlugin0A8StepTypeO",
        "moduleName": "MWMapsPlugin",
        "declAttributes": [
          "AccessControl"
        ],
        "enumRawTypeName": "String",
        "conformances": [
          {
            "kind": "Conformance",
            "name": "Equatable",
            "printedName": "Equatable",
            "usr": "s:SQ",
            "mangledName": "$sSQ"
          },
          {
            "kind": "Conformance",
            "name": "Hashable",
            "printedName": "Hashable",
            "usr": "s:SH",
            "mangledName": "$sSH"
          },
          {
            "kind": "Conformance",
            "name": "RawRepresentable",
            "printedName": "RawRepresentable",
            "children": [
              {
                "kind": "TypeWitness",
                "name": "RawValue",
                "printedName": "RawValue",
                "children": [
                  {
                    "kind": "TypeNominal",
                    "name": "String",
                    "printedName": "Swift.String",
                    "usr": "s:SS"
                  }
                ]
              }
            ],
            "usr": "s:SY",
            "mangledName": "$sSY"
          },
          {
            "kind": "Conformance",
            "name": "CaseIterable",
            "printedName": "CaseIterable",
            "children": [
              {
                "kind": "TypeWitness",
                "name": "AllCases",
                "printedName": "AllCases",
                "children": [
                  {
                    "kind": "TypeNominal",
                    "name": "Array",
                    "printedName": "[MWMapsPlugin.MWMapsStepType]",
                    "children": [
                      {
                        "kind": "TypeNominal",
                        "name": "MWMapsStepType",
                        "printedName": "MWMapsPlugin.MWMapsStepType",
                        "usr": "s:12MWMapsPlugin0A8StepTypeO"
                      }
                    ],
                    "usr": "s:Sa"
                  }
                ]
              }
            ],
            "usr": "s:s12CaseIterableP",
            "mangledName": "$ss12CaseIterableP"
          },
          {
            "kind": "Conformance",
            "name": "StepType",
            "printedName": "StepType",
            "usr": "s:18MobileWorkflowCore8StepTypeP",
            "mangledName": "$s18MobileWorkflowCore8StepTypeP"
          },
          {
            "kind": "Conformance",
            "name": "NamedType",
            "printedName": "NamedType",
            "usr": "s:18MobileWorkflowCore9NamedTypeP",
            "mangledName": "$s18MobileWorkflowCore9NamedTypeP"
          }
        ]
      },
      {
        "kind": "Import",
        "name": "UIKit",
        "printedName": "UIKit",
        "declKind": "Import",
        "moduleName": "MWMapsPlugin",
        "declAttributes": [
          "RawDocComment"
        ]
      },
      {
        "kind": "Import",
        "name": "CoreLocation",
        "printedName": "CoreLocation",
        "declKind": "Import",
        "moduleName": "MWMapsPlugin"
      },
      {
        "kind": "Import",
        "name": "MobileWorkflowCore",
        "printedName": "MobileWorkflowCore",
        "declKind": "Import",
        "moduleName": "MWMapsPlugin"
      },
      {
        "kind": "TypeDecl",
        "name": "MWMapStep",
        "printedName": "MWMapStep",
        "children": [
          {
            "kind": "Function",
            "name": "instantiateViewController",
            "printedName": "instantiateViewController()",
            "children": [
              {
                "kind": "TypeNominal",
                "name": "StepViewController",
                "printedName": "MobileWorkflowCore.StepViewController",
                "usr": "s:18MobileWorkflowCore18StepViewControllerP"
              }
            ],
            "declKind": "Func",
            "usr": "s:12MWMapsPlugin9MWMapStepC25instantiateViewController18MobileWorkflowCore0dfG0_pyF",
            "mangledName": "$s12MWMapsPlugin9MWMapStepC25instantiateViewController18MobileWorkflowCore0dfG0_pyF",
            "moduleName": "MWMapsPlugin",
            "overriding": true,
            "declAttributes": [
              "Override",
              "AccessControl"
            ],
            "funcSelfKind": "NonMutating"
          },
          {
            "kind": "Constructor",
            "name": "init",
            "printedName": "init(identifier:title:text:theme:links:navigationItems:)",
            "children": [
              {
                "kind": "TypeNominal",
                "name": "MWMapStep",
                "printedName": "MWMapsPlugin.MWMapStep",
                "usr": "s:12MWMapsPlugin9MWMapStepC"
              },
              {
                "kind": "TypeNominal",
                "name": "String",
                "printedName": "Swift.String",
                "usr": "s:SS"
              },
              {
                "kind": "TypeNominal",
                "name": "Optional",
                "printedName": "Swift.String?",
                "children": [
                  {
                    "kind": "TypeNominal",
                    "name": "String",
                    "printedName": "Swift.String",
                    "usr": "s:SS"
                  }
                ],
                "hasDefaultArg": true,
                "usr": "s:Sq"
              },
              {
                "kind": "TypeNominal",
                "name": "Optional",
                "printedName": "Swift.String?",
                "children": [
                  {
                    "kind": "TypeNominal",
                    "name": "String",
                    "printedName": "Swift.String",
                    "usr": "s:SS"
                  }
                ],
                "hasDefaultArg": true,
                "usr": "s:Sq"
              },
              {
                "kind": "TypeNominal",
                "name": "Theme",
                "printedName": "MobileWorkflowCore.Theme",
                "hasDefaultArg": true,
                "usr": "s:18MobileWorkflowCore5ThemeV"
              },
              {
                "kind": "TypeNominal",
                "name": "Array",
                "printedName": "[MobileWorkflowCore.StepLink]",
                "children": [
                  {
                    "kind": "TypeNominal",
                    "name": "StepLink",
                    "printedName": "MobileWorkflowCore.StepLink",
                    "usr": "s:18MobileWorkflowCore8StepLinkV"
                  }
                ],
                "hasDefaultArg": true,
                "usr": "s:Sa"
              },
              {
                "kind": "TypeNominal",
                "name": "Array",
                "printedName": "[MobileWorkflowCore.StepNavigationItem]",
                "children": [
                  {
                    "kind": "TypeNominal",
                    "name": "StepNavigationItem",
                    "printedName": "MobileWorkflowCore.StepNavigationItem",
                    "usr": "s:18MobileWorkflowCore18StepNavigationItemV"
                  }
                ],
                "hasDefaultArg": true,
                "usr": "s:Sa"
              }
            ],
            "declKind": "Constructor",
            "usr": "s:12MWMapsPlugin9MWMapStepC10identifier5title4text5theme5links15navigationItemsACSS_SSSgAJ18MobileWorkflowCore5ThemeVSayAK0D4LinkVGSayAK0D14NavigationItemVGtcfc",
            "mangledName": "$s12MWMapsPlugin9MWMapStepC10identifier5title4text5theme5links15navigationItemsACSS_SSSgAJ18MobileWorkflowCore5ThemeVSayAK0D4LinkVGSayAK0D14NavigationItemVGtcfc",
            "moduleName": "MWMapsPlugin",
            "overriding": true,
            "implicit": true,
            "declAttributes": [
              "Override"
            ],
            "init_kind": "Designated"
          },
          {
            "kind": "Constructor",
            "name": "init",
            "printedName": "init(identifier:isOptional:theme:)",
            "children": [
              {
                "kind": "TypeNominal",
                "name": "MWMapStep",
                "printedName": "MWMapsPlugin.MWMapStep",
                "usr": "s:12MWMapsPlugin9MWMapStepC"
              },
              {
                "kind": "TypeNominal",
                "name": "String",
                "printedName": "Swift.String",
                "usr": "s:SS"
              },
              {
                "kind": "TypeNominal",
                "name": "Bool",
                "printedName": "Swift.Bool",
                "usr": "s:Sb"
              },
              {
                "kind": "TypeNominal",
                "name": "Theme",
                "printedName": "MobileWorkflowCore.Theme",
                "usr": "s:18MobileWorkflowCore5ThemeV"
              }
            ],
            "declKind": "Constructor",
            "usr": "s:12MWMapsPlugin9MWMapStepC10identifier10isOptional5themeACSS_Sb18MobileWorkflowCore5ThemeVtcfc",
            "mangledName": "$s12MWMapsPlugin9MWMapStepC10identifier10isOptional5themeACSS_Sb18MobileWorkflowCore5ThemeVtcfc",
            "moduleName": "MWMapsPlugin",
            "overriding": true,
            "implicit": true,
            "declAttributes": [
              "Override"
            ],
            "init_kind": "Designated"
          },
          {
            "kind": "Var",
            "name": "mandatoryCodingPaths",
            "printedName": "mandatoryCodingPaths",
            "children": [
              {
                "kind": "TypeNominal",
                "name": "Array",
                "printedName": "[Swift.CodingKey]",
                "children": [
                  {
                    "kind": "TypeNominal",
                    "name": "CodingKey",
                    "printedName": "Swift.CodingKey",
                    "usr": "s:s9CodingKeyP"
                  }
                ],
                "usr": "s:Sa"
              }
            ],
            "declKind": "Var",
            "usr": "s:12MWMapsPlugin9MWMapStepC20mandatoryCodingPathsSays0F3Key_pGvpZ",
            "mangledName": "$s12MWMapsPlugin9MWMapStepC20mandatoryCodingPathsSays0F3Key_pGvpZ",
            "moduleName": "MWMapsPlugin",
            "static": true,
            "declAttributes": [
              "Final",
              "AccessControl"
            ],
            "isFromExtension": true,
            "accessors": [
              {
                "kind": "Accessor",
                "name": "Get",
                "printedName": "Get()",
                "children": [
                  {
                    "kind": "TypeNominal",
                    "name": "Array",
                    "printedName": "[Swift.CodingKey]",
                    "children": [
                      {
                        "kind": "TypeNominal",
                        "name": "CodingKey",
                        "printedName": "Swift.CodingKey",
                        "usr": "s:s9CodingKeyP"
                      }
                    ],
                    "usr": "s:Sa"
                  }
                ],
                "declKind": "Accessor",
                "usr": "s:12MWMapsPlugin9MWMapStepC20mandatoryCodingPathsSays0F3Key_pGvgZ",
                "mangledName": "$s12MWMapsPlugin9MWMapStepC20mandatoryCodingPathsSays0F3Key_pGvgZ",
                "moduleName": "MWMapsPlugin",
                "static": true,
                "declAttributes": [
                  "Final"
                ],
                "isFromExtension": true,
                "accessorKind": "get"
              }
            ]
          },
          {
            "kind": "Function",
            "name": "build",
            "printedName": "build(stepInfo:services:)",
            "children": [
              {
                "kind": "TypeNominal",
                "name": "Step",
                "printedName": "MobileWorkflowCore.Step",
                "usr": "s:18MobileWorkflowCore4StepP"
              },
              {
                "kind": "TypeNominal",
                "name": "StepInfo",
                "printedName": "MobileWorkflowCore.StepInfo",
                "usr": "s:18MobileWorkflowCore8StepInfoV"
              },
              {
                "kind": "TypeNominal",
                "name": "StepServices",
                "printedName": "MobileWorkflowCore.StepServices",
                "usr": "s:18MobileWorkflowCore12StepServicesC"
              }
            ],
            "declKind": "Func",
            "usr": "s:12MWMapsPlugin9MWMapStepC5build8stepInfo8services18MobileWorkflowCore0D0_pAG0dG0V_AG0D8ServicesCtKFZ",
            "mangledName": "$s12MWMapsPlugin9MWMapStepC5build8stepInfo8services18MobileWorkflowCore0D0_pAG0dG0V_AG0D8ServicesCtKFZ",
            "moduleName": "MWMapsPlugin",
            "static": true,
            "declAttributes": [
              "Final",
              "AccessControl"
            ],
            "isFromExtension": true,
            "throwing": true,
            "funcSelfKind": "NonMutating"
          }
        ],
        "declKind": "Class",
        "usr": "s:12MWMapsPlugin9MWMapStepC",
        "mangledName": "$s12MWMapsPlugin9MWMapStepC",
        "moduleName": "MWMapsPlugin",
        "declAttributes": [
          "AccessControl"
        ],
        "superclassUsr": "s:18MobileWorkflowCore6MWStepC",
        "hasMissingDesignatedInitializers": true,
        "superclassNames": [
          "MobileWorkflowCore.MWStep"
        ],
        "conformances": [
          {
            "kind": "Conformance",
            "name": "Step",
            "printedName": "Step",
            "usr": "s:18MobileWorkflowCore4StepP",
            "mangledName": "$s18MobileWorkflowCore4StepP"
          },
          {
            "kind": "Conformance",
            "name": "BuildableStep",
            "printedName": "BuildableStep",
            "usr": "s:18MobileWorkflowCore13BuildableStepP",
            "mangledName": "$s18MobileWorkflowCore13BuildableStepP"
          }
        ]
      },
      {
        "kind": "Import",
        "name": "UIKit",
        "printedName": "UIKit",
        "declKind": "Import",
        "moduleName": "MWMapsPlugin",
        "declAttributes": [
          "RawDocComment"
        ]
      },
      {
        "kind": "Import",
        "name": "MobileWorkflowCore",
        "printedName": "MobileWorkflowCore",
        "declKind": "Import",
        "moduleName": "MWMapsPlugin"
      },
      {
        "kind": "Import",
        "name": "UIKit",
        "printedName": "UIKit",
        "declKind": "Import",
        "moduleName": "MWMapsPlugin",
        "declAttributes": [
          "RawDocComment"
        ]
      },
      {
        "kind": "Import",
        "name": "MobileWorkflowCore",
        "printedName": "MobileWorkflowCore",
        "declKind": "Import",
        "moduleName": "MWMapsPlugin"
      },
      {
        "kind": "Import",
        "name": "Foundation",
        "printedName": "Foundation",
        "declKind": "Import",
        "moduleName": "MWMapsPlugin",
        "declAttributes": [
          "RawDocComment"
        ]
      },
      {
        "kind": "Import",
        "name": "MobileWorkflowCore",
        "printedName": "MobileWorkflowCore",
        "declKind": "Import",
        "moduleName": "MWMapsPlugin"
      },
      {
        "kind": "Import",
        "name": "UIKit",
        "printedName": "UIKit",
        "declKind": "Import",
        "moduleName": "MWMapsPlugin",
        "declAttributes": [
          "RawDocComment"
        ]
      },
      {
        "kind": "Import",
        "name": "MobileWorkflowCore",
        "printedName": "MobileWorkflowCore",
        "declKind": "Import",
        "moduleName": "MWMapsPlugin"
      },
      {
        "kind": "Import",
        "name": "Foundation",
        "printedName": "Foundation",
        "declKind": "Import",
        "moduleName": "MWMapsPlugin",
        "declAttributes": [
          "RawDocComment"
        ]
      },
      {
        "kind": "Import",
        "name": "Foundation",
        "printedName": "Foundation",
        "declKind": "Import",
        "moduleName": "MWMapsPlugin",
        "declAttributes": [
          "RawDocComment"
        ]
      },
      {
        "kind": "Import",
        "name": "MobileWorkflowCore",
        "printedName": "MobileWorkflowCore",
        "declKind": "Import",
        "moduleName": "MWMapsPlugin"
      },
      {
        "kind": "Import",
        "name": "Foundation",
        "printedName": "Foundation",
        "declKind": "Import",
        "moduleName": "MWMapsPlugin",
        "declAttributes": [
          "RawDocComment"
        ]
      },
      {
        "kind": "Import",
        "name": "MobileWorkflowCore",
        "printedName": "MobileWorkflowCore",
        "declKind": "Import",
        "moduleName": "MWMapsPlugin"
      },
      {
        "kind": "Import",
        "name": "MobileWorkflowCore",
        "printedName": "MobileWorkflowCore",
        "declKind": "Import",
        "moduleName": "MWMapsPlugin",
        "declAttributes": [
          "RawDocComment"
        ]
      },
      {
        "kind": "Import",
        "name": "CoreLocation",
        "printedName": "CoreLocation",
        "declKind": "Import",
        "moduleName": "MWMapsPlugin",
        "declAttributes": [
          "RawDocComment"
        ]
      },
      {
        "kind": "Import",
        "name": "MobileWorkflowCore",
        "printedName": "MobileWorkflowCore",
        "declKind": "Import",
        "moduleName": "MWMapsPlugin"
      },
      {
        "kind": "TypeDecl",
        "name": "MapStepItem",
        "printedName": "MapStepItem",
        "children": [
          {
            "kind": "Var",
            "name": "id",
            "printedName": "id",
            "children": [
              {
                "kind": "TypeNominal",
                "name": "String",
                "printedName": "Swift.String",
                "usr": "s:SS"
              }
            ],
            "declKind": "Var",
            "usr": "s:12MWMapsPlugin11MapStepItemC2idSSvp",
            "mangledName": "$s12MWMapsPlugin11MapStepItemC2idSSvp",
            "moduleName": "MWMapsPlugin",
            "declAttributes": [
              "Final",
              "HasStorage",
              "AccessControl"
            ],
            "isLet": true,
            "hasStorage": true,
            "accessors": [
              {
                "kind": "Accessor",
                "name": "Get",
                "printedName": "Get()",
                "children": [
                  {
                    "kind": "TypeNominal",
                    "name": "String",
                    "printedName": "Swift.String",
                    "usr": "s:SS"
                  }
                ],
                "declKind": "Accessor",
                "usr": "s:12MWMapsPlugin11MapStepItemC2idSSvg",
                "mangledName": "$s12MWMapsPlugin11MapStepItemC2idSSvg",
                "moduleName": "MWMapsPlugin",
                "implicit": true,
                "declAttributes": [
                  "Final"
                ],
                "accessorKind": "get"
              }
            ]
          },
          {
            "kind": "Var",
            "name": "text",
            "printedName": "text",
            "children": [
              {
                "kind": "TypeNominal",
                "name": "String",
                "printedName": "Swift.String",
                "usr": "s:SS"
              }
            ],
            "declKind": "Var",
            "usr": "s:12MWMapsPlugin11MapStepItemC4textSSvp",
            "mangledName": "$s12MWMapsPlugin11MapStepItemC4textSSvp",
            "moduleName": "MWMapsPlugin",
            "declAttributes": [
              "Final",
              "HasStorage",
              "AccessControl"
            ],
            "isLet": true,
            "hasStorage": true,
            "accessors": [
              {
                "kind": "Accessor",
                "name": "Get",
                "printedName": "Get()",
                "children": [
                  {
                    "kind": "TypeNominal",
                    "name": "String",
                    "printedName": "Swift.String",
                    "usr": "s:SS"
                  }
                ],
                "declKind": "Accessor",
                "usr": "s:12MWMapsPlugin11MapStepItemC4textSSvg",
                "mangledName": "$s12MWMapsPlugin11MapStepItemC4textSSvg",
                "moduleName": "MWMapsPlugin",
                "implicit": true,
                "declAttributes": [
                  "Final"
                ],
                "accessorKind": "get"
              }
            ]
          },
          {
            "kind": "Var",
            "name": "detailText",
            "printedName": "detailText",
            "children": [
              {
                "kind": "TypeNominal",
                "name": "Optional",
                "printedName": "Swift.String?",
                "children": [
                  {
                    "kind": "TypeNominal",
                    "name": "String",
                    "printedName": "Swift.String",
                    "usr": "s:SS"
                  }
                ],
                "usr": "s:Sq"
              }
            ],
            "declKind": "Var",
            "usr": "s:12MWMapsPlugin11MapStepItemC10detailTextSSSgvp",
            "mangledName": "$s12MWMapsPlugin11MapStepItemC10detailTextSSSgvp",
            "moduleName": "MWMapsPlugin",
            "declAttributes": [
              "Final",
              "HasStorage",
              "AccessControl"
            ],
            "isLet": true,
            "hasStorage": true,
            "accessors": [
              {
                "kind": "Accessor",
                "name": "Get",
                "printedName": "Get()",
                "children": [
                  {
                    "kind": "TypeNominal",
                    "name": "Optional",
                    "printedName": "Swift.String?",
                    "children": [
                      {
                        "kind": "TypeNominal",
                        "name": "String",
                        "printedName": "Swift.String",
                        "usr": "s:SS"
                      }
                    ],
                    "usr": "s:Sq"
                  }
                ],
                "declKind": "Accessor",
                "usr": "s:12MWMapsPlugin11MapStepItemC10detailTextSSSgvg",
                "mangledName": "$s12MWMapsPlugin11MapStepItemC10detailTextSSSgvg",
                "moduleName": "MWMapsPlugin",
                "implicit": true,
                "declAttributes": [
                  "Final"
                ],
                "accessorKind": "get"
              }
            ]
          },
          {
            "kind": "Var",
            "name": "latitude",
            "printedName": "latitude",
            "children": [
              {
                "kind": "TypeNominal",
                "name": "Double",
                "printedName": "Swift.Double",
                "usr": "s:Sd"
              }
            ],
            "declKind": "Var",
            "usr": "s:12MWMapsPlugin11MapStepItemC8latitudeSdvp",
            "mangledName": "$s12MWMapsPlugin11MapStepItemC8latitudeSdvp",
            "moduleName": "MWMapsPlugin",
            "declAttributes": [
              "Final",
              "HasStorage",
              "AccessControl"
            ],
            "isLet": true,
            "hasStorage": true,
            "accessors": [
              {
                "kind": "Accessor",
                "name": "Get",
                "printedName": "Get()",
                "children": [
                  {
                    "kind": "TypeNominal",
                    "name": "Double",
                    "printedName": "Swift.Double",
                    "usr": "s:Sd"
                  }
                ],
                "declKind": "Accessor",
                "usr": "s:12MWMapsPlugin11MapStepItemC8latitudeSdvg",
                "mangledName": "$s12MWMapsPlugin11MapStepItemC8latitudeSdvg",
                "moduleName": "MWMapsPlugin",
                "implicit": true,
                "declAttributes": [
                  "Final"
                ],
                "accessorKind": "get"
              }
            ]
          },
          {
            "kind": "Var",
            "name": "longitude",
            "printedName": "longitude",
            "children": [
              {
                "kind": "TypeNominal",
                "name": "Double",
                "printedName": "Swift.Double",
                "usr": "s:Sd"
              }
            ],
            "declKind": "Var",
            "usr": "s:12MWMapsPlugin11MapStepItemC9longitudeSdvp",
            "mangledName": "$s12MWMapsPlugin11MapStepItemC9longitudeSdvp",
            "moduleName": "MWMapsPlugin",
            "declAttributes": [
              "Final",
              "HasStorage",
              "AccessControl"
            ],
            "isLet": true,
            "hasStorage": true,
            "accessors": [
              {
                "kind": "Accessor",
                "name": "Get",
                "printedName": "Get()",
                "children": [
                  {
                    "kind": "TypeNominal",
                    "name": "Double",
                    "printedName": "Swift.Double",
                    "usr": "s:Sd"
                  }
                ],
                "declKind": "Accessor",
                "usr": "s:12MWMapsPlugin11MapStepItemC9longitudeSdvg",
                "mangledName": "$s12MWMapsPlugin11MapStepItemC9longitudeSdvg",
                "moduleName": "MWMapsPlugin",
                "implicit": true,
                "declAttributes": [
                  "Final"
                ],
                "accessorKind": "get"
              }
            ]
          },
          {
            "kind": "Constructor",
            "name": "init",
            "printedName": "init(from:)",
            "children": [
              {
                "kind": "TypeNominal",
                "name": "MapStepItem",
                "printedName": "MWMapsPlugin.MapStepItem",
                "usr": "s:12MWMapsPlugin11MapStepItemC"
              },
              {
                "kind": "TypeNominal",
                "name": "Decoder",
                "printedName": "Swift.Decoder",
                "usr": "s:s7DecoderP"
              }
            ],
            "declKind": "Constructor",
            "usr": "s:12MWMapsPlugin11MapStepItemC4fromACs7Decoder_p_tKcfc",
            "mangledName": "$s12MWMapsPlugin11MapStepItemC4fromACs7Decoder_p_tKcfc",
            "moduleName": "MWMapsPlugin",
            "declAttributes": [
              "Required",
              "AccessControl"
            ],
            "throwing": true,
            "init_kind": "Designated"
          },
          {
            "kind": "Constructor",
            "name": "init",
            "printedName": "init(id:text:detailText:latitude:longitude:)",
            "children": [
              {
                "kind": "TypeNominal",
                "name": "MapStepItem",
                "printedName": "MWMapsPlugin.MapStepItem",
                "usr": "s:12MWMapsPlugin11MapStepItemC"
              },
              {
                "kind": "TypeNominal",
                "name": "String",
                "printedName": "Swift.String",
                "usr": "s:SS"
              },
              {
                "kind": "TypeNominal",
                "name": "String",
                "printedName": "Swift.String",
                "usr": "s:SS"
              },
              {
                "kind": "TypeNominal",
                "name": "Optional",
                "printedName": "Swift.String?",
                "children": [
                  {
                    "kind": "TypeNominal",
                    "name": "String",
                    "printedName": "Swift.String",
                    "usr": "s:SS"
                  }
                ],
                "usr": "s:Sq"
              },
              {
                "kind": "TypeNominal",
                "name": "Double",
                "printedName": "Swift.Double",
                "usr": "s:Sd"
              },
              {
                "kind": "TypeNominal",
                "name": "Double",
                "printedName": "Swift.Double",
                "usr": "s:Sd"
              }
            ],
            "declKind": "Constructor",
            "usr": "s:12MWMapsPlugin11MapStepItemC2id4text10detailText8latitude9longitudeACSS_S2SSgS2dtcfc",
            "mangledName": "$s12MWMapsPlugin11MapStepItemC2id4text10detailText8latitude9longitudeACSS_S2SSgS2dtcfc",
            "moduleName": "MWMapsPlugin",
            "declAttributes": [
              "AccessControl"
            ],
            "init_kind": "Designated"
          },
          {
            "kind": "Function",
            "name": "encode",
            "printedName": "encode(to:)",
            "children": [
              {
                "kind": "TypeNominal",
                "name": "Void",
                "printedName": "()"
              },
              {
                "kind": "TypeNominal",
                "name": "Encoder",
                "printedName": "Swift.Encoder",
                "usr": "s:s7EncoderP"
              }
            ],
            "declKind": "Func",
            "usr": "s:12MWMapsPlugin11MapStepItemC6encode2toys7Encoder_p_tKF",
            "mangledName": "$s12MWMapsPlugin11MapStepItemC6encode2toys7Encoder_p_tKF",
            "moduleName": "MWMapsPlugin",
            "implicit": true,
            "declAttributes": [
              "Final"
            ],
            "throwing": true,
            "funcSelfKind": "NonMutating"
          },
          {
            "kind": "Var",
            "name": "resultKey",
            "printedName": "resultKey",
            "children": [
              {
                "kind": "TypeNominal",
                "name": "Optional",
                "printedName": "Swift.String?",
                "children": [
                  {
                    "kind": "TypeNominal",
                    "name": "String",
                    "printedName": "Swift.String",
                    "usr": "s:SS"
                  }
                ],
                "usr": "s:Sq"
              }
            ],
            "declKind": "Var",
            "usr": "s:12MWMapsPlugin11MapStepItemC9resultKeySSSgvp",
            "mangledName": "$s12MWMapsPlugin11MapStepItemC9resultKeySSSgvp",
            "moduleName": "MWMapsPlugin",
            "declAttributes": [
              "Final",
              "AccessControl"
            ],
            "isFromExtension": true,
            "accessors": [
              {
                "kind": "Accessor",
                "name": "Get",
                "printedName": "Get()",
                "children": [
                  {
                    "kind": "TypeNominal",
                    "name": "Optional",
                    "printedName": "Swift.String?",
                    "children": [
                      {
                        "kind": "TypeNominal",
                        "name": "String",
                        "printedName": "Swift.String",
                        "usr": "s:SS"
                      }
                    ],
                    "usr": "s:Sq"
                  }
                ],
                "declKind": "Accessor",
                "usr": "s:12MWMapsPlugin11MapStepItemC9resultKeySSSgvg",
                "mangledName": "$s12MWMapsPlugin11MapStepItemC9resultKeySSSgvg",
                "moduleName": "MWMapsPlugin",
                "declAttributes": [
                  "Final"
                ],
                "isFromExtension": true,
                "accessorKind": "get"
              }
            ]
          },
          {
            "kind": "Function",
            "name": "fetchProvider",
            "printedName": "fetchProvider(for:)",
            "children": [
              {
                "kind": "TypeNominal",
                "name": "Optional",
                "printedName": "MobileWorkflowCore.ValueProvider?",
                "children": [
                  {
                    "kind": "TypeNominal",
                    "name": "ValueProvider",
                    "printedName": "MobileWorkflowCore.ValueProvider",
                    "usr": "s:18MobileWorkflowCore13ValueProviderP"
                  }
                ],
                "usr": "s:Sq"
              },
              {
                "kind": "TypeNominal",
                "name": "String",
                "printedName": "Swift.String",
                "usr": "s:SS"
              }
            ],
            "declKind": "Func",
            "usr": "s:12MWMapsPlugin11MapStepItemC13fetchProvider3for18MobileWorkflowCore05ValueG0_pSgSS_tF",
            "mangledName": "$s12MWMapsPlugin11MapStepItemC13fetchProvider3for18MobileWorkflowCore05ValueG0_pSgSS_tF",
            "moduleName": "MWMapsPlugin",
            "declAttributes": [
              "Final",
              "AccessControl"
            ],
            "isFromExtension": true,
            "funcSelfKind": "NonMutating"
          },
          {
            "kind": "Function",
            "name": "fetchValue",
            "printedName": "fetchValue(for:)",
            "children": [
              {
                "kind": "TypeNominal",
                "name": "Optional",
                "printedName": "Any?",
                "children": [
                  {
                    "kind": "TypeNominal",
                    "name": "ProtocolComposition",
                    "printedName": "Any"
                  }
                ],
                "usr": "s:Sq"
              },
              {
                "kind": "TypeNominal",
                "name": "String",
                "printedName": "Swift.String",
                "usr": "s:SS"
              }
            ],
            "declKind": "Func",
            "usr": "s:12MWMapsPlugin11MapStepItemC10fetchValue3forypSgSS_tF",
            "mangledName": "$s12MWMapsPlugin11MapStepItemC10fetchValue3forypSgSS_tF",
            "moduleName": "MWMapsPlugin",
            "declAttributes": [
              "Final",
              "AccessControl"
            ],
            "isFromExtension": true,
            "funcSelfKind": "NonMutating"
          }
        ],
        "declKind": "Class",
        "usr": "s:12MWMapsPlugin11MapStepItemC",
        "mangledName": "$s12MWMapsPlugin11MapStepItemC",
        "moduleName": "MWMapsPlugin",
        "declAttributes": [
          "Final",
          "AccessControl"
        ],
        "conformances": [
          {
            "kind": "Conformance",
            "name": "Decodable",
            "printedName": "Decodable",
            "usr": "s:Se",
            "mangledName": "$sSe"
          },
          {
            "kind": "Conformance",
            "name": "Encodable",
            "printedName": "Encodable",
            "usr": "s:SE",
            "mangledName": "$sSE"
          },
          {
            "kind": "Conformance",
            "name": "SelectionItem",
            "printedName": "SelectionItem",
            "usr": "s:18MobileWorkflowCore13SelectionItemP",
            "mangledName": "$s18MobileWorkflowCore13SelectionItemP"
          },
          {
            "kind": "Conformance",
            "name": "Selection",
            "printedName": "Selection",
            "usr": "s:18MobileWorkflowCore9SelectionP",
            "mangledName": "$s18MobileWorkflowCore9SelectionP"
          },
          {
            "kind": "Conformance",
            "name": "ValueProvider",
            "printedName": "ValueProvider",
            "usr": "s:18MobileWorkflowCore13ValueProviderP",
            "mangledName": "$s18MobileWorkflowCore13ValueProviderP"
          },
          {
            "kind": "Conformance",
            "name": "SessionProvider",
            "printedName": "SessionProvider",
            "usr": "s:18MobileWorkflowCore15SessionProviderP",
            "mangledName": "$s18MobileWorkflowCore15SessionProviderP"
          }
        ]
      },
      {
        "kind": "Import",
        "name": "Foundation",
        "printedName": "Foundation",
        "declKind": "Import",
        "moduleName": "MWMapsPlugin",
        "declAttributes": [
          "RawDocComment"
        ]
      },
      {
        "kind": "Import",
        "name": "MapKit",
        "printedName": "MapKit",
        "declKind": "Import",
        "moduleName": "MWMapsPlugin"
      },
      {
        "kind": "Import",
        "name": "UIKit",
        "printedName": "UIKit",
        "declKind": "Import",
        "moduleName": "MWMapsPlugin",
        "declAttributes": [
          "RawDocComment"
        ]
      },
      {
        "kind": "Import",
        "name": "MapKit",
        "printedName": "MapKit",
        "declKind": "Import",
        "moduleName": "MWMapsPlugin"
      },
      {
        "kind": "Import",
        "name": "MobileWorkflowCore",
        "printedName": "MobileWorkflowCore",
        "declKind": "Import",
        "moduleName": "MWMapsPlugin"
      },
      {
        "kind": "TypeDecl",
        "name": "MWMapStepViewController",
        "printedName": "MWMapStepViewController",
        "children": [
          {
            "kind": "Var",
            "name": "titleMode",
            "printedName": "titleMode",
            "children": [
              {
                "kind": "TypeNominal",
                "name": "StepViewControllerTitleMode",
                "printedName": "MobileWorkflowCore.StepViewControllerTitleMode",
                "usr": "s:18MobileWorkflowCore27StepViewControllerTitleModeO"
              }
            ],
            "declKind": "Var",
            "usr": "s:12MWMapsPlugin23MWMapStepViewControllerC9titleMode18MobileWorkflowCore0def5TitleH0Ovp",
            "mangledName": "$s12MWMapsPlugin23MWMapStepViewControllerC9titleMode18MobileWorkflowCore0def5TitleH0Ovp",
            "moduleName": "MWMapsPlugin",
            "overriding": true,
            "declAttributes": [
              "Custom",
              "Override",
              "AccessControl"
            ],
            "accessors": [
              {
                "kind": "Accessor",
                "name": "Get",
                "printedName": "Get()",
                "children": [
                  {
                    "kind": "TypeNominal",
                    "name": "StepViewControllerTitleMode",
                    "printedName": "MobileWorkflowCore.StepViewControllerTitleMode",
                    "usr": "s:18MobileWorkflowCore27StepViewControllerTitleModeO"
                  }
                ],
                "declKind": "Accessor",
                "usr": "s:12MWMapsPlugin23MWMapStepViewControllerC9titleMode18MobileWorkflowCore0def5TitleH0Ovg",
                "mangledName": "$s12MWMapsPlugin23MWMapStepViewControllerC9titleMode18MobileWorkflowCore0def5TitleH0Ovg",
                "moduleName": "MWMapsPlugin",
                "overriding": true,
                "accessorKind": "get"
              }
            ]
          },
          {
            "kind": "Function",
            "name": "viewDidLoad",
            "printedName": "viewDidLoad()",
            "children": [
              {
                "kind": "TypeNominal",
                "name": "Void",
                "printedName": "()"
              }
            ],
            "declKind": "Func",
            "usr": "c:@M@MWMapsPlugin@objc(cs)MWMapStepViewController(im)viewDidLoad",
            "mangledName": "$s12MWMapsPlugin23MWMapStepViewControllerC11viewDidLoadyyF",
            "moduleName": "MWMapsPlugin",
            "overriding": true,
            "objc_name": "viewDidLoad",
            "declAttributes": [
              "Dynamic",
              "ObjC",
              "Custom",
              "Override",
              "AccessControl"
            ],
            "funcSelfKind": "NonMutating"
          },
          {
            "kind": "Function",
            "name": "viewWillAppear",
            "printedName": "viewWillAppear(_:)",
            "children": [
              {
                "kind": "TypeNominal",
                "name": "Void",
                "printedName": "()"
              },
              {
                "kind": "TypeNominal",
                "name": "Bool",
                "printedName": "Swift.Bool",
                "usr": "s:Sb"
              }
            ],
            "declKind": "Func",
            "usr": "c:@M@MWMapsPlugin@objc(cs)MWMapStepViewController(im)viewWillAppear:",
            "mangledName": "$s12MWMapsPlugin23MWMapStepViewControllerC14viewWillAppearyySbF",
            "moduleName": "MWMapsPlugin",
            "overriding": true,
            "objc_name": "viewWillAppear:",
            "declAttributes": [
              "Dynamic",
              "ObjC",
              "Custom",
              "Override",
              "AccessControl"
            ],
            "funcSelfKind": "NonMutating"
          },
          {
            "kind": "Function",
            "name": "observeValue",
            "printedName": "observeValue(forKeyPath:of:change:context:)",
            "children": [
              {
                "kind": "TypeNominal",
                "name": "Void",
                "printedName": "()"
              },
              {
                "kind": "TypeNominal",
                "name": "Optional",
                "printedName": "Swift.String?",
                "children": [
                  {
                    "kind": "TypeNominal",
                    "name": "String",
                    "printedName": "Swift.String",
                    "usr": "s:SS"
                  }
                ],
                "usr": "s:Sq"
              },
              {
                "kind": "TypeNominal",
                "name": "Optional",
                "printedName": "Any?",
                "children": [
                  {
                    "kind": "TypeNominal",
                    "name": "ProtocolComposition",
                    "printedName": "Any"
                  }
                ],
                "usr": "s:Sq"
              },
              {
                "kind": "TypeNominal",
                "name": "Optional",
                "printedName": "[Foundation.NSKeyValueChangeKey : Any]?",
                "children": [
                  {
                    "kind": "TypeNominal",
                    "name": "Dictionary",
                    "printedName": "[Foundation.NSKeyValueChangeKey : Any]",
                    "children": [
                      {
                        "kind": "TypeNominal",
                        "name": "NSKeyValueChangeKey",
                        "printedName": "Foundation.NSKeyValueChangeKey",
                        "usr": "c:@T@NSKeyValueChangeKey"
                      },
                      {
                        "kind": "TypeNominal",
                        "name": "ProtocolComposition",
                        "printedName": "Any"
                      }
                    ],
                    "usr": "s:SD"
                  }
                ],
                "usr": "s:Sq"
              },
              {
                "kind": "TypeNominal",
                "name": "Optional",
                "printedName": "Swift.UnsafeMutableRawPointer?",
                "children": [
                  {
                    "kind": "TypeNominal",
                    "name": "UnsafeMutableRawPointer",
                    "printedName": "Swift.UnsafeMutableRawPointer",
                    "usr": "s:Sv"
                  }
                ],
                "usr": "s:Sq"
              }
            ],
            "declKind": "Func",
            "usr": "c:@M@MWMapsPlugin@objc(cs)MWMapStepViewController(im)observeValueForKeyPath:ofObject:change:context:",
            "mangledName": "$s12MWMapsPlugin23MWMapStepViewControllerC12observeValue10forKeyPath2of6change7contextySSSg_ypSgSDySo05NSKeyh6ChangeJ0aypGSgSvSgtF",
            "moduleName": "MWMapsPlugin",
            "overriding": true,
            "objc_name": "observeValueForKeyPath:ofObject:change:context:",
            "declAttributes": [
              "Dynamic",
              "ObjC",
              "Custom",
              "Override",
              "AccessControl"
            ],
            "funcSelfKind": "NonMutating"
          },
          {
            "kind": "Function",
            "name": "configureNavigationBar",
            "printedName": "configureNavigationBar(_:)",
            "children": [
              {
                "kind": "TypeNominal",
                "name": "Void",
                "printedName": "()"
              },
              {
                "kind": "TypeNominal",
                "name": "UINavigationBar",
                "printedName": "UIKit.UINavigationBar",
                "usr": "c:objc(cs)UINavigationBar"
              }
            ],
            "declKind": "Func",
            "usr": "s:12MWMapsPlugin23MWMapStepViewControllerC22configureNavigationBaryySo012UINavigationI0CF",
            "mangledName": "$s12MWMapsPlugin23MWMapStepViewControllerC22configureNavigationBaryySo012UINavigationI0CF",
            "moduleName": "MWMapsPlugin",
            "overriding": true,
            "declAttributes": [
              "Custom",
              "Override",
              "AccessControl"
            ],
            "funcSelfKind": "NonMutating"
          },
          {
            "kind": "Function",
            "name": "configureTabBar",
            "printedName": "configureTabBar()",
            "children": [
              {
                "kind": "TypeNominal",
                "name": "Void",
                "printedName": "()"
              }
            ],
            "declKind": "Func",
            "usr": "s:12MWMapsPlugin23MWMapStepViewControllerC15configureTabBaryyF",
            "mangledName": "$s12MWMapsPlugin23MWMapStepViewControllerC15configureTabBaryyF",
            "moduleName": "MWMapsPlugin",
            "overriding": true,
            "declAttributes": [
              "Custom",
              "Override",
              "AccessControl"
            ],
            "funcSelfKind": "NonMutating"
          },
          {
            "kind": "Constructor",
            "name": "init",
            "printedName": "init(step:nibName:bundle:)",
            "children": [
              {
                "kind": "TypeNominal",
                "name": "MWMapStepViewController",
                "printedName": "MWMapsPlugin.MWMapStepViewController",
                "usr": "c:@M@MWMapsPlugin@objc(cs)MWMapStepViewController"
              },
              {
                "kind": "TypeNominal",
                "name": "Step",
                "printedName": "MobileWorkflowCore.Step",
                "usr": "s:18MobileWorkflowCore4StepP"
              },
              {
                "kind": "TypeNominal",
                "name": "Optional",
                "printedName": "Swift.String?",
                "children": [
                  {
                    "kind": "TypeNominal",
                    "name": "String",
                    "printedName": "Swift.String",
                    "usr": "s:SS"
                  }
                ],
                "usr": "s:Sq"
              },
              {
                "kind": "TypeNominal",
                "name": "Optional",
                "printedName": "Foundation.Bundle?",
                "children": [
                  {
                    "kind": "TypeNominal",
                    "name": "Bundle",
                    "printedName": "Foundation.Bundle",
                    "usr": "c:objc(cs)NSBundle"
                  }
                ],
                "usr": "s:Sq"
              }
            ],
            "declKind": "Constructor",
            "usr": "s:12MWMapsPlugin23MWMapStepViewControllerC4step7nibName6bundleAC18MobileWorkflowCore0D0_p_SSSgSo8NSBundleCSgtcfc",
            "mangledName": "$s12MWMapsPlugin23MWMapStepViewControllerC4step7nibName6bundleAC18MobileWorkflowCore0D0_p_SSSgSo8NSBundleCSgtcfc",
            "moduleName": "MWMapsPlugin",
            "overriding": true,
            "implicit": true,
            "declAttributes": [
              "Custom",
              "Override"
            ],
            "init_kind": "Designated"
          },
          {
            "kind": "Constructor",
            "name": "init",
            "printedName": "init(step:)",
            "children": [
              {
                "kind": "TypeNominal",
                "name": "MWMapStepViewController",
                "printedName": "MWMapsPlugin.MWMapStepViewController",
                "usr": "c:@M@MWMapsPlugin@objc(cs)MWMapStepViewController"
              },
              {
                "kind": "TypeNominal",
                "name": "Step",
                "printedName": "MobileWorkflowCore.Step",
                "usr": "s:18MobileWorkflowCore4StepP"
              }
            ],
            "declKind": "Constructor",
            "usr": "s:12MWMapsPlugin23MWMapStepViewControllerC4stepAC18MobileWorkflowCore0D0_p_tcfc",
            "mangledName": "$s12MWMapsPlugin23MWMapStepViewControllerC4stepAC18MobileWorkflowCore0D0_p_tcfc",
            "moduleName": "MWMapsPlugin",
            "overriding": true,
            "implicit": true,
            "declAttributes": [
              "Custom",
              "Override"
            ],
            "init_kind": "Designated"
          },
          {
            "kind": "Constructor",
            "name": "init",
            "printedName": "init(coder:)",
            "children": [
              {
                "kind": "TypeNominal",
                "name": "Optional",
                "printedName": "MWMapsPlugin.MWMapStepViewController?",
                "children": [
                  {
                    "kind": "TypeNominal",
                    "name": "MWMapStepViewController",
                    "printedName": "MWMapsPlugin.MWMapStepViewController",
                    "usr": "c:@M@MWMapsPlugin@objc(cs)MWMapStepViewController"
                  }
                ],
                "usr": "s:Sq"
              },
              {
                "kind": "TypeNominal",
                "name": "NSCoder",
                "printedName": "Foundation.NSCoder",
                "usr": "c:objc(cs)NSCoder"
              }
            ],
            "declKind": "Constructor",
            "usr": "c:@M@MWMapsPlugin@objc(cs)MWMapStepViewController(im)initWithCoder:",
            "mangledName": "$s12MWMapsPlugin23MWMapStepViewControllerC5coderACSgSo7NSCoderC_tcfc",
            "moduleName": "MWMapsPlugin",
            "overriding": true,
            "implicit": true,
            "objc_name": "initWithCoder:",
            "declAttributes": [
              "Dynamic",
              "ObjC",
              "Custom",
              "Required"
            ],
            "init_kind": "Designated"
          },
          {
            "kind": "Function",
            "name": "mapView",
            "printedName": "mapView(_:viewFor:)",
            "children": [
              {
                "kind": "TypeNominal",
                "name": "Optional",
                "printedName": "MapKit.MKAnnotationView?",
                "children": [
                  {
                    "kind": "TypeNominal",
                    "name": "MKAnnotationView",
                    "printedName": "MapKit.MKAnnotationView",
                    "usr": "c:objc(cs)MKAnnotationView"
                  }
                ],
                "usr": "s:Sq"
              },
              {
                "kind": "TypeNominal",
                "name": "MKMapView",
                "printedName": "MapKit.MKMapView",
                "usr": "c:objc(cs)MKMapView"
              },
              {
                "kind": "TypeNominal",
                "name": "MKAnnotation",
                "printedName": "MapKit.MKAnnotation",
                "usr": "c:objc(pl)MKAnnotation"
              }
            ],
            "declKind": "Func",
            "usr": "c:@CM@MWMapsPlugin@objc(cs)MWMapStepViewController(im)mapView:viewForAnnotation:",
            "mangledName": "$s12MWMapsPlugin23MWMapStepViewControllerC03mapE0_7viewForSo012MKAnnotationE0CSgSo05MKMapE0C_So0J0_ptF",
            "moduleName": "MWMapsPlugin",
            "objc_name": "mapView:viewForAnnotation:",
            "declAttributes": [
              "Dynamic",
              "ObjC",
              "Custom",
              "AccessControl"
            ],
            "isFromExtension": true,
            "funcSelfKind": "NonMutating"
          },
          {
            "kind": "Function",
            "name": "mapView",
            "printedName": "mapView(_:annotationView:calloutAccessoryControlTapped:)",
            "children": [
              {
                "kind": "TypeNominal",
                "name": "Void",
                "printedName": "()"
              },
              {
                "kind": "TypeNominal",
                "name": "MKMapView",
                "printedName": "MapKit.MKMapView",
                "usr": "c:objc(cs)MKMapView"
              },
              {
                "kind": "TypeNominal",
                "name": "MKAnnotationView",
                "printedName": "MapKit.MKAnnotationView",
                "usr": "c:objc(cs)MKAnnotationView"
              },
              {
                "kind": "TypeNominal",
                "name": "UIControl",
                "printedName": "UIKit.UIControl",
                "usr": "c:objc(cs)UIControl"
              }
            ],
            "declKind": "Func",
            "usr": "c:@CM@MWMapsPlugin@objc(cs)MWMapStepViewController(im)mapView:annotationView:calloutAccessoryControlTapped:",
            "mangledName": "$s12MWMapsPlugin23MWMapStepViewControllerC03mapE0_010annotationE029calloutAccessoryControlTappedySo05MKMapE0C_So012MKAnnotationE0CSo9UIControlCtF",
            "moduleName": "MWMapsPlugin",
            "objc_name": "mapView:annotationView:calloutAccessoryControlTapped:",
            "declAttributes": [
              "Dynamic",
              "ObjC",
              "Custom",
              "AccessControl"
            ],
            "isFromExtension": true,
            "funcSelfKind": "NonMutating"
          },
          {
            "kind": "Function",
            "name": "mapView",
            "printedName": "mapView(_:didUpdate:)",
            "children": [
              {
                "kind": "TypeNominal",
                "name": "Void",
                "printedName": "()"
              },
              {
                "kind": "TypeNominal",
                "name": "MKMapView",
                "printedName": "MapKit.MKMapView",
                "usr": "c:objc(cs)MKMapView"
              },
              {
                "kind": "TypeNominal",
                "name": "MKUserLocation",
                "printedName": "MapKit.MKUserLocation",
                "usr": "c:objc(cs)MKUserLocation"
              }
            ],
            "declKind": "Func",
            "usr": "c:@CM@MWMapsPlugin@objc(cs)MWMapStepViewController(im)mapView:didUpdateUserLocation:",
            "mangledName": "$s12MWMapsPlugin23MWMapStepViewControllerC03mapE0_9didUpdateySo05MKMapE0C_So14MKUserLocationCtF",
            "moduleName": "MWMapsPlugin",
            "objc_name": "mapView:didUpdateUserLocation:",
            "declAttributes": [
              "Dynamic",
              "ObjC",
              "Custom",
              "AccessControl"
            ],
            "isFromExtension": true,
            "funcSelfKind": "NonMutating"
          }
        ],
        "declKind": "Class",
        "usr": "c:@M@MWMapsPlugin@objc(cs)MWMapStepViewController",
        "mangledName": "$s12MWMapsPlugin23MWMapStepViewControllerC",
        "moduleName": "MWMapsPlugin",
        "declAttributes": [
          "Custom",
          "AccessControl",
          "ObjC"
        ],
        "superclassUsr": "c:@M@MobileWorkflowCore@objc(cs)MWStepViewController",
        "inheritsConvenienceInitializers": true,
        "superclassNames": [
          "MobileWorkflowCore.MWStepViewController",
          "UIKit.UIViewController",
          "UIKit.UIResponder",
          "ObjectiveC.NSObject"
        ],
        "conformances": [
          {
            "kind": "Conformance",
            "name": "StepViewController",
            "printedName": "StepViewController",
            "usr": "s:18MobileWorkflowCore18StepViewControllerP",
            "mangledName": "$s18MobileWorkflowCore18StepViewControllerP"
          },
          {
            "kind": "Conformance",
            "name": "Equatable",
            "printedName": "Equatable",
            "usr": "s:SQ",
            "mangledName": "$sSQ"
          },
          {
            "kind": "Conformance",
            "name": "Hashable",
            "printedName": "Hashable",
            "usr": "s:SH",
            "mangledName": "$sSH"
          },
          {
            "kind": "Conformance",
            "name": "CVarArg",
            "printedName": "CVarArg",
            "usr": "s:s7CVarArgP",
            "mangledName": "$ss7CVarArgP"
          },
          {
            "kind": "Conformance",
            "name": "_KeyValueCodingAndObservingPublishing",
            "printedName": "_KeyValueCodingAndObservingPublishing",
            "usr": "s:10Foundation37_KeyValueCodingAndObservingPublishingP",
            "mangledName": "$s10Foundation37_KeyValueCodingAndObservingPublishingP"
          },
          {
            "kind": "Conformance",
            "name": "_KeyValueCodingAndObserving",
            "printedName": "_KeyValueCodingAndObserving",
            "usr": "s:10Foundation27_KeyValueCodingAndObservingP",
            "mangledName": "$s10Foundation27_KeyValueCodingAndObservingP"
          },
          {
            "kind": "Conformance",
            "name": "CustomStringConvertible",
            "printedName": "CustomStringConvertible",
            "usr": "s:s23CustomStringConvertibleP",
            "mangledName": "$ss23CustomStringConvertibleP"
          },
          {
            "kind": "Conformance",
            "name": "CustomDebugStringConvertible",
            "printedName": "CustomDebugStringConvertible",
            "usr": "s:s28CustomDebugStringConvertibleP",
            "mangledName": "$ss28CustomDebugStringConvertibleP"
          }
        ]
      }
    ],
    "json_format_version": 8
  },
  "ConstValues": [
    {
      "filePath": "\/Users\/vagrant\/git\/project\/MWMapsPlugin\/MWMapsPlugin\/Map Step\/MWMapPlugin.swift",
      "kind": "StringLiteral",
      "offset": 354,
      "length": 23,
      "value": "\"io.mobileworkflow.Map\""
    },
    {
      "filePath": "\/Users\/vagrant\/git\/project\/MWMapsPlugin\/MWMapsPlugin\/Map Step\/MWMapPlugin.swift",
      "kind": "StringLiteral",
      "offset": 400,
      "length": 30,
      "value": "\"io.mobileworkflow.NetworkMap\""
    },
    {
      "filePath": "\/Users\/vagrant\/git\/project\/MWMapsPlugin\/MWMapsPlugin\/Map Step\/MWMapPlugin.swift",
      "kind": "StringLiteral",
      "offset": 458,
      "length": 35,
      "value": "\"io.app-rail.maps.confirm-location\""
    },
    {
      "filePath": "\/Users\/vagrant\/git\/project\/MWMapsPlugin\/MWMapsPlugin\/Map Step\/MWMapPlugin.swift",
      "kind": "StringLiteral",
      "offset": 525,
      "length": 40,
      "value": "\"io.app-rail.maps.rest-confirm-location\""
    },
    {
      "filePath": "\/Users\/vagrant\/git\/project\/MWMapsPlugin\/MWMapsPlugin\/Map Step\/MWMapPlugin.swift",
      "kind": "StringLiteral",
      "offset": 354,
      "length": 23,
      "value": "\"io.mobileworkflow.Map\""
    },
    {
      "filePath": "\/Users\/vagrant\/git\/project\/MWMapsPlugin\/MWMapsPlugin\/Map Step\/MWMapPlugin.swift",
      "kind": "StringLiteral",
      "offset": 400,
      "length": 30,
      "value": "\"io.mobileworkflow.NetworkMap\""
    },
    {
      "filePath": "\/Users\/vagrant\/git\/project\/MWMapsPlugin\/MWMapsPlugin\/Map Step\/MWMapPlugin.swift",
      "kind": "StringLiteral",
      "offset": 458,
      "length": 35,
      "value": "\"io.app-rail.maps.confirm-location\""
    },
    {
      "filePath": "\/Users\/vagrant\/git\/project\/MWMapsPlugin\/MWMapsPlugin\/Map Step\/MWMapPlugin.swift",
      "kind": "StringLiteral",
      "offset": 525,
      "length": 40,
      "value": "\"io.app-rail.maps.rest-confirm-location\""
    },
    {
      "filePath": "\/Users\/vagrant\/git\/project\/MWMapsPlugin\/MWMapsPlugin\/Map Step\/MWMapPlugin.swift",
      "kind": "StringLiteral",
      "offset": 1341,
      "length": 7,
      "value": "\"Error\""
    },
    {
      "filePath": "\/Users\/vagrant\/git\/project\/MWMapsPlugin\/MWMapsPlugin\/Map Step\/MWMapPlugin.swift",
      "kind": "StringLiteral",
      "offset": 1392,
      "length": 83,
      "value": "\"Location permission is denied. You can grant access to your location in Settings.\""
    },
    {
      "filePath": "\/Users\/vagrant\/git\/project\/MWMapsPlugin\/MWMapsPlugin\/Map Step\/MWMapPlugin.swift",
      "kind": "StringLiteral",
      "offset": 1509,
      "length": 8,
      "value": "\"Cancel\""
    },
    {
      "filePath": "\/Users\/vagrant\/git\/project\/MWMapsPlugin\/MWMapsPlugin\/Map Step\/MWMapPlugin.swift",
      "kind": "StringLiteral",
      "offset": 1553,
      "length": 10,
      "value": "\"Settings\""
    },
    {
      "filePath": "\/Users\/vagrant\/git\/project\/MWMapsPlugin\/MWMapsPlugin\/Map Step\/MWMapPlugin.swift",
      "kind": "StringLiteral",
      "offset": 1642,
      "length": 9,
      "value": "\"Confirm\""
    },
    {
      "filePath": "\/Users\/vagrant\/git\/project\/MWMapsPlugin\/MWMapsPlugin\/Map Step\/MWMapPlugin.swift",
      "kind": "StringLiteral",
      "offset": 1690,
      "length": 7,
      "value": "\"Retry\""
    },
    {
      "filePath": "\/Users\/vagrant\/git\/project\/MWMapsPlugin\/MWMapsPlugin\/Map Step\/MWMapStep.swift",
      "kind": "StringLiteral",
      "offset": 157,
      "length": 9,
      "value": "\"MWMapsPlugin.MWMapStep\""
    },
    {
      "filePath": "\/Users\/vagrant\/git\/project\/MWMapsPlugin\/MWMapsPlugin\/Map Step\/MWMapStep.swift",
      "kind": "StringLiteral",
      "offset": 157,
      "length": 9,
      "value": "\"MWMapsPlugin.MWMapStep\""
    },
    {
      "filePath": "\/Users\/vagrant\/git\/project\/MWMapsPlugin\/MWMapsPlugin\/Map Step\/Confirm\/RestConfirmLocationStep.swift",
      "kind": "Array",
      "offset": 335,
      "length": 2,
      "value": "[]"
    },
    {
      "filePath": "\/Users\/vagrant\/git\/project\/MWMapsPlugin\/MWMapsPlugin\/Map Step\/Confirm\/RestConfirmLocationStep.swift",
      "kind": "StringLiteral",
      "offset": 154,
      "length": 23,
      "value": "\"MWMapsPlugin.RestConfirmLocationStep\""
    },
    {
      "filePath": "\/Users\/vagrant\/git\/project\/MWMapsPlugin\/MWMapsPlugin\/Map Step\/Confirm\/RestConfirmLocationStepViewController.swift",
      "kind": "BooleanLiteral",
      "offset": 490,
      "length": 5,
      "value": "false"
    },
    {
      "filePath": "\/Users\/vagrant\/git\/project\/MWMapsPlugin\/MWMapsPlugin\/Map Step\/Confirm\/RestConfirmLocationStepViewController.swift",
      "kind": "BooleanLiteral",
      "offset": 811,
      "length": 5,
      "value": "false"
    },
    {
      "filePath": "\/Users\/vagrant\/git\/project\/MWMapsPlugin\/MWMapsPlugin\/Map Step\/Confirm\/RestConfirmLocationStepViewController.swift",
      "kind": "FloatLiteral",
      "offset": 872,
      "length": 4,
      "value": "16.0"
    },
    {
      "filePath": "\/Users\/vagrant\/git\/project\/MWMapsPlugin\/MWMapsPlugin\/Map Step\/Confirm\/RestConfirmLocationStepViewController.swift",
      "kind": "IntegerLiteral",
      "offset": 1404,
      "length": 1,
      "value": "0"
    },
    {
      "filePath": "\/Users\/vagrant\/git\/project\/MWMapsPlugin\/MWMapsPlugin\/Map Step\/Confirm\/ConfirmLocationStep.swift",
      "kind": "StringLiteral",
      "offset": 149,
      "length": 19,
      "value": "\"MWMapsPlugin.ConfirmLocationStep\""
    },
    {
      "filePath": "\/Users\/vagrant\/git\/project\/MWMapsPlugin\/MWMapsPlugin\/Map Step\/MWNetworkMapStep.swift",
      "kind": "Array",
      "offset": 495,
      "length": 2,
      "value": "[]"
    },
    {
      "filePath": "\/Users\/vagrant\/git\/project\/MWMapsPlugin\/MWMapsPlugin\/Map Step\/MWNetworkMapStep.swift",
      "kind": "StringLiteral",
      "offset": 149,
      "length": 16,
      "value": "\"MWMapsPlugin.MWNetworkMapStep\""
    },
    {
      "filePath": "\/Users\/vagrant\/git\/project\/MWMapsPlugin\/MWMapsPlugin\/Map Step\/MWNetworkMapStep.swift",
      "kind": "StringLiteral",
      "offset": 149,
      "length": 16,
      "value": "\"MWMapsPlugin.MWNetworkMapStep\""
    },
    {
      "filePath": "\/Users\/vagrant\/git\/project\/MWMapsPlugin\/MWMapsPlugin\/Map Step\/View\/MapItemAnnotation.swift",
      "kind": "StringLiteral",
      "offset": 132,
      "length": 17,
      "value": "\"MWMapsPlugin.MapItemAnnotation\""
    },
    {
      "filePath": "\/Users\/vagrant\/git\/project\/MWMapsPlugin\/MWMapsPlugin\/Map Step\/MWMapStepViewController.swift",
      "kind": "BooleanLiteral",
      "offset": 445,
      "length": 5,
      "value": "false"
    }
  ]
}