{
  "ABIRoot": {
    "kind": "Root",
    "name": "TopLevel",
    "printedName": "TopLevel",
    "children": [
      {
        "kind": "Import",
        "name": "Foundation",
        "printedName": "Foundation",
        "declKind": "Import",
        "moduleName": "YouTubePlugin",
        "declAttributes": [
          "RawDocComment"
        ]
      },
      {
        "kind": "Import",
        "name": "MobileWorkflowCore",
        "printedName": "MobileWorkflowCore",
        "declKind": "Import",
        "moduleName": "YouTubePlugin"
      },
      {
        "kind": "TypeDecl",
        "name": "VideoPlayerStep",
        "printedName": "VideoPlayerStep",
        "children": [
          {
            "kind": "Constructor",
            "name": "init",
            "printedName": "init(identifier:videoId:shouldAutoplay:session:services:)",
            "children": [
              {
                "kind": "TypeNominal",
                "name": "VideoPlayerStep",
                "printedName": "YouTubePlugin.VideoPlayerStep",
                "usr": "s:13YouTubePlugin15VideoPlayerStepC"
              },
              {
                "kind": "TypeNominal",
                "name": "String",
                "printedName": "Swift.String",
                "usr": "s:SS"
              },
              {
                "kind": "TypeNominal",
                "name": "String",
                "printedName": "Swift.String",
                "usr": "s:SS"
              },
              {
                "kind": "TypeNominal",
                "name": "Bool",
                "printedName": "Swift.Bool",
                "usr": "s:Sb"
              },
              {
                "kind": "TypeNominal",
                "name": "Session",
                "printedName": "MobileWorkflowCore.Session",
                "usr": "s:18MobileWorkflowCore7SessionC"
              },
              {
                "kind": "TypeNominal",
                "name": "StepServices",
                "printedName": "MobileWorkflowCore.StepServices",
                "usr": "s:18MobileWorkflowCore12StepServicesC"
              }
            ],
            "declKind": "Constructor",
            "usr": "s:13YouTubePlugin15VideoPlayerStepC10identifier7videoId14shouldAutoplay7session8servicesACSS_SSSb18MobileWorkflowCore7SessionCAI0F8ServicesCtcfc",
            "mangledName": "$s13YouTubePlugin15VideoPlayerStepC10identifier7videoId14shouldAutoplay7session8servicesACSS_SSSb18MobileWorkflowCore7SessionCAI0F8ServicesCtcfc",
            "moduleName": "YouTubePlugin",
            "declAttributes": [
              "AccessControl"
            ],
            "init_kind": "Designated"
          },
          {
            "kind": "Function",
            "name": "instantiateViewController",
            "printedName": "instantiateViewController()",
            "children": [
              {
                "kind": "TypeNominal",
                "name": "StepViewController",
                "printedName": "MobileWorkflowCore.StepViewController",
                "usr": "s:18MobileWorkflowCore18StepViewControllerP"
              }
            ],
            "declKind": "Func",
            "usr": "s:13YouTubePlugin15VideoPlayerStepC25instantiateViewController18MobileWorkflowCore0fhI0_pyF",
            "mangledName": "$s13YouTubePlugin15VideoPlayerStepC25instantiateViewController18MobileWorkflowCore0fhI0_pyF",
            "moduleName": "YouTubePlugin",
            "overriding": true,
            "declAttributes": [
              "Override",
              "AccessControl"
            ],
            "funcSelfKind": "NonMutating"
          },
          {
            "kind": "Constructor",
            "name": "init",
            "printedName": "init(identifier:session:services:)",
            "children": [
              {
                "kind": "TypeNominal",
                "name": "VideoPlayerStep",
                "printedName": "YouTubePlugin.VideoPlayerStep",
                "usr": "s:13YouTubePlugin15VideoPlayerStepC"
              },
              {
                "kind": "TypeNominal",
                "name": "String",
                "printedName": "Swift.String",
                "usr": "s:SS"
              },
              {
                "kind": "TypeNominal",
                "name": "Session",
                "printedName": "MobileWorkflowCore.Session",
                "usr": "s:18MobileWorkflowCore7SessionC"
              },
              {
                "kind": "TypeNominal",
                "name": "StepServices",
                "printedName": "MobileWorkflowCore.StepServices",
                "usr": "s:18MobileWorkflowCore12StepServicesC"
              }
            ],
            "declKind": "Constructor",
            "usr": "s:13YouTubePlugin15VideoPlayerStepC10identifier7session8servicesACSS_18MobileWorkflowCore7SessionCAG0F8ServicesCtcfc",
            "mangledName": "$s13YouTubePlugin15VideoPlayerStepC10identifier7session8servicesACSS_18MobileWorkflowCore7SessionCAG0F8ServicesCtcfc",
            "moduleName": "YouTubePlugin",
            "overriding": true,
            "implicit": true,
            "declAttributes": [
              "Override"
            ],
            "init_kind": "Designated"
          },
          {
            "kind": "Var",
            "name": "mandatoryCodingPaths",
            "printedName": "mandatoryCodingPaths",
            "children": [
              {
                "kind": "TypeNominal",
                "name": "Array",
                "printedName": "[Swift.CodingKey]",
                "children": [
                  {
                    "kind": "TypeNominal",
                    "name": "CodingKey",
                    "printedName": "Swift.CodingKey",
                    "usr": "s:s9CodingKeyP"
                  }
                ],
                "usr": "s:Sa"
              }
            ],
            "declKind": "Var",
            "usr": "s:13YouTubePlugin15VideoPlayerStepC20mandatoryCodingPathsSays0H3Key_pGvpZ",
            "mangledName": "$s13YouTubePlugin15VideoPlayerStepC20mandatoryCodingPathsSays0H3Key_pGvpZ",
            "moduleName": "YouTubePlugin",
            "static": true,
            "declAttributes": [
              "Final",
              "AccessControl"
            ],
            "isFromExtension": true,
            "accessors": [
              {
                "kind": "Accessor",
                "name": "Get",
                "printedName": "Get()",
                "children": [
                  {
                    "kind": "TypeNominal",
                    "name": "Array",
                    "printedName": "[Swift.CodingKey]",
                    "children": [
                      {
                        "kind": "TypeNominal",
                        "name": "CodingKey",
                        "printedName": "Swift.CodingKey",
                        "usr": "s:s9CodingKeyP"
                      }
                    ],
                    "usr": "s:Sa"
                  }
                ],
                "declKind": "Accessor",
                "usr": "s:13YouTubePlugin15VideoPlayerStepC20mandatoryCodingPathsSays0H3Key_pGvgZ",
                "mangledName": "$s13YouTubePlugin15VideoPlayerStepC20mandatoryCodingPathsSays0H3Key_pGvgZ",
                "moduleName": "YouTubePlugin",
                "static": true,
                "declAttributes": [
                  "Final"
                ],
                "isFromExtension": true,
                "accessorKind": "get"
              }
            ]
          },
          {
            "kind": "Function",
            "name": "build",
            "printedName": "build(stepInfo:services:)",
            "children": [
              {
                "kind": "TypeNominal",
                "name": "Step",
                "printedName": "MobileWorkflowCore.Step",
                "usr": "s:18MobileWorkflowCore4StepP"
              },
              {
                "kind": "TypeNominal",
                "name": "StepInfo",
                "printedName": "MobileWorkflowCore.StepInfo",
                "usr": "s:18MobileWorkflowCore8StepInfoV"
              },
              {
                "kind": "TypeNominal",
                "name": "StepServices",
                "printedName": "MobileWorkflowCore.StepServices",
                "usr": "s:18MobileWorkflowCore12StepServicesC"
              }
            ],
            "declKind": "Func",
            "usr": "s:13YouTubePlugin15VideoPlayerStepC5build8stepInfo8services18MobileWorkflowCore0F0_pAG0fI0V_AG0F8ServicesCtKFZ",
            "mangledName": "$s13YouTubePlugin15VideoPlayerStepC5build8stepInfo8services18MobileWorkflowCore0F0_pAG0fI0V_AG0F8ServicesCtKFZ",
            "moduleName": "YouTubePlugin",
            "static": true,
            "declAttributes": [
              "Final",
              "AccessControl"
            ],
            "isFromExtension": true,
            "throwing": true,
            "funcSelfKind": "NonMutating"
          }
        ],
        "declKind": "Class",
        "usr": "s:13YouTubePlugin15VideoPlayerStepC",
        "mangledName": "$s13YouTubePlugin15VideoPlayerStepC",
        "moduleName": "YouTubePlugin",
        "declAttributes": [
          "AccessControl"
        ],
        "superclassUsr": "s:18MobileWorkflowCore14ObservableStepC",
        "superclassNames": [
          "MobileWorkflowCore.ObservableStep",
          "MobileWorkflowCore.MWStep"
        ],
        "conformances": [
          {
            "kind": "Conformance",
            "name": "BuildableStep",
            "printedName": "BuildableStep",
            "usr": "s:18MobileWorkflowCore13BuildableStepP",
            "mangledName": "$s18MobileWorkflowCore13BuildableStepP"
          },
          {
            "kind": "Conformance",
            "name": "StepViewModel",
            "printedName": "StepViewModel",
            "usr": "s:18MobileWorkflowCore13StepViewModelP",
            "mangledName": "$s18MobileWorkflowCore13StepViewModelP"
          },
          {
            "kind": "Conformance",
            "name": "ObservableObject",
            "printedName": "ObservableObject",
            "children": [
              {
                "kind": "TypeWitness",
                "name": "ObjectWillChangePublisher",
                "printedName": "ObjectWillChangePublisher",
                "children": [
                  {
                    "kind": "TypeNominal",
                    "name": "ObservableObjectPublisher",
                    "printedName": "Combine.ObservableObjectPublisher",
                    "usr": "s:7Combine25ObservableObjectPublisherC"
                  }
                ]
              }
            ],
            "usr": "s:7Combine16ObservableObjectP",
            "mangledName": "$s7Combine16ObservableObjectP"
          },
          {
            "kind": "Conformance",
            "name": "Step",
            "printedName": "Step",
            "usr": "s:18MobileWorkflowCore4StepP",
            "mangledName": "$s18MobileWorkflowCore4StepP"
          }
        ]
      },
      {
        "kind": "TypeDecl",
        "name": "VideoPlayerError",
        "printedName": "VideoPlayerError",
        "children": [
          {
            "kind": "Var",
            "name": "invalidVideoId",
            "printedName": "invalidVideoId",
            "children": [
              {
                "kind": "TypeFunc",
                "name": "Function",
                "printedName": "(YouTubePlugin.VideoPlayerError.Type) -> (Swift.String) -> YouTubePlugin.VideoPlayerError",
                "children": [
                  {
                    "kind": "TypeFunc",
                    "name": "Function",
                    "printedName": "(Swift.String) -> YouTubePlugin.VideoPlayerError",
                    "children": [
                      {
                        "kind": "TypeNominal",
                        "name": "VideoPlayerError",
                        "printedName": "YouTubePlugin.VideoPlayerError",
                        "usr": "s:13YouTubePlugin16VideoPlayerErrorO"
                      },
                      {
                        "kind": "TypeNominal",
                        "name": "String",
                        "printedName": "Swift.String",
                        "usr": "s:SS"
                      }
                    ]
                  },
                  {
                    "kind": "TypeNominal",
                    "name": "Metatype",
                    "printedName": "YouTubePlugin.VideoPlayerError.Type",
                    "children": [
                      {
                        "kind": "TypeNominal",
                        "name": "VideoPlayerError",
                        "printedName": "YouTubePlugin.VideoPlayerError",
                        "usr": "s:13YouTubePlugin16VideoPlayerErrorO"
                      }
                    ]
                  }
                ]
              }
            ],
            "declKind": "EnumElement",
            "usr": "s:13YouTubePlugin16VideoPlayerErrorO07invalidD2IdyACSScACmF",
            "mangledName": "$s13YouTubePlugin16VideoPlayerErrorO07invalidD2IdyACSScACmF",
            "moduleName": "YouTubePlugin"
          },
          {
            "kind": "Var",
            "name": "videoNotFound",
            "printedName": "videoNotFound",
            "children": [
              {
                "kind": "TypeFunc",
                "name": "Function",
                "printedName": "(YouTubePlugin.VideoPlayerError.Type) -> (Swift.String) -> YouTubePlugin.VideoPlayerError",
                "children": [
                  {
                    "kind": "TypeFunc",
                    "name": "Function",
                    "printedName": "(Swift.String) -> YouTubePlugin.VideoPlayerError",
                    "children": [
                      {
                        "kind": "TypeNominal",
                        "name": "VideoPlayerError",
                        "printedName": "YouTubePlugin.VideoPlayerError",
                        "usr": "s:13YouTubePlugin16VideoPlayerErrorO"
                      },
                      {
                        "kind": "TypeNominal",
                        "name": "String",
                        "printedName": "Swift.String",
                        "usr": "s:SS"
                      }
                    ]
                  },
                  {
                    "kind": "TypeNominal",
                    "name": "Metatype",
                    "printedName": "YouTubePlugin.VideoPlayerError.Type",
                    "children": [
                      {
                        "kind": "TypeNominal",
                        "name": "VideoPlayerError",
                        "printedName": "YouTubePlugin.VideoPlayerError",
                        "usr": "s:13YouTubePlugin16VideoPlayerErrorO"
                      }
                    ]
                  }
                ]
              }
            ],
            "declKind": "EnumElement",
            "usr": "s:13YouTubePlugin16VideoPlayerErrorO13videoNotFoundyACSScACmF",
            "mangledName": "$s13YouTubePlugin16VideoPlayerErrorO13videoNotFoundyACSScACmF",
            "moduleName": "YouTubePlugin"
          },
          {
            "kind": "Var",
            "name": "videoNotEmbeddable",
            "printedName": "videoNotEmbeddable",
            "children": [
              {
                "kind": "TypeFunc",
                "name": "Function",
                "printedName": "(YouTubePlugin.VideoPlayerError.Type) -> (Swift.String) -> YouTubePlugin.VideoPlayerError",
                "children": [
                  {
                    "kind": "TypeFunc",
                    "name": "Function",
                    "printedName": "(Swift.String) -> YouTubePlugin.VideoPlayerError",
                    "children": [
                      {
                        "kind": "TypeNominal",
                        "name": "VideoPlayerError",
                        "printedName": "YouTubePlugin.VideoPlayerError",
                        "usr": "s:13YouTubePlugin16VideoPlayerErrorO"
                      },
                      {
                        "kind": "TypeNominal",
                        "name": "String",
                        "printedName": "Swift.String",
                        "usr": "s:SS"
                      }
                    ]
                  },
                  {
                    "kind": "TypeNominal",
                    "name": "Metatype",
                    "printedName": "YouTubePlugin.VideoPlayerError.Type",
                    "children": [
                      {
                        "kind": "TypeNominal",
                        "name": "VideoPlayerError",
                        "printedName": "YouTubePlugin.VideoPlayerError",
                        "usr": "s:13YouTubePlugin16VideoPlayerErrorO"
                      }
                    ]
                  }
                ]
              }
            ],
            "declKind": "EnumElement",
            "usr": "s:13YouTubePlugin16VideoPlayerErrorO18videoNotEmbeddableyACSScACmF",
            "mangledName": "$s13YouTubePlugin16VideoPlayerErrorO18videoNotEmbeddableyACSScACmF",
            "moduleName": "YouTubePlugin"
          },
          {
            "kind": "Var",
            "name": "unhandledYouTubeError",
            "printedName": "unhandledYouTubeError",
            "children": [
              {
                "kind": "TypeFunc",
                "name": "Function",
                "printedName": "(YouTubePlugin.VideoPlayerError.Type) -> (Swift.String) -> YouTubePlugin.VideoPlayerError",
                "children": [
                  {
                    "kind": "TypeFunc",
                    "name": "Function",
                    "printedName": "(Swift.String) -> YouTubePlugin.VideoPlayerError",
                    "children": [
                      {
                        "kind": "TypeNominal",
                        "name": "VideoPlayerError",
                        "printedName": "YouTubePlugin.VideoPlayerError",
                        "usr": "s:13YouTubePlugin16VideoPlayerErrorO"
                      },
                      {
                        "kind": "TypeNominal",
                        "name": "String",
                        "printedName": "Swift.String",
                        "usr": "s:SS"
                      }
                    ]
                  },
                  {
                    "kind": "TypeNominal",
                    "name": "Metatype",
                    "printedName": "YouTubePlugin.VideoPlayerError.Type",
                    "children": [
                      {
                        "kind": "TypeNominal",
                        "name": "VideoPlayerError",
                        "printedName": "YouTubePlugin.VideoPlayerError",
                        "usr": "s:13YouTubePlugin16VideoPlayerErrorO"
                      }
                    ]
                  }
                ]
              }
            ],
            "declKind": "EnumElement",
            "usr": "s:13YouTubePlugin16VideoPlayerErrorO09unhandledabF0yACSScACmF",
            "mangledName": "$s13YouTubePlugin16VideoPlayerErrorO09unhandledabF0yACSScACmF",
            "moduleName": "YouTubePlugin"
          },
          {
            "kind": "Var",
            "name": "errorDescription",
            "printedName": "errorDescription",
            "children": [
              {
                "kind": "TypeNominal",
                "name": "Optional",
                "printedName": "Swift.String?",
                "children": [
                  {
                    "kind": "TypeNominal",
                    "name": "String",
                    "printedName": "Swift.String",
                    "usr": "s:SS"
                  }
                ],
                "usr": "s:Sq"
              }
            ],
            "declKind": "Var",
            "usr": "s:13YouTubePlugin16VideoPlayerErrorO16errorDescriptionSSSgvp",
            "mangledName": "$s13YouTubePlugin16VideoPlayerErrorO16errorDescriptionSSSgvp",
            "moduleName": "YouTubePlugin",
            "declAttributes": [
              "AccessControl"
            ],
            "accessors": [
              {
                "kind": "Accessor",
                "name": "Get",
                "printedName": "Get()",
                "children": [
                  {
                    "kind": "TypeNominal",
                    "name": "Optional",
                    "printedName": "Swift.String?",
                    "children": [
                      {
                        "kind": "TypeNominal",
                        "name": "String",
                        "printedName": "Swift.String",
                        "usr": "s:SS"
                      }
                    ],
                    "usr": "s:Sq"
                  }
                ],
                "declKind": "Accessor",
                "usr": "s:13YouTubePlugin16VideoPlayerErrorO16errorDescriptionSSSgvg",
                "mangledName": "$s13YouTubePlugin16VideoPlayerErrorO16errorDescriptionSSSgvg",
                "moduleName": "YouTubePlugin",
                "accessorKind": "get"
              }
            ]
          },
          {
            "kind": "Var",
            "name": "description",
            "printedName": "description",
            "children": [
              {
                "kind": "TypeNominal",
                "name": "String",
                "printedName": "Swift.String",
                "usr": "s:SS"
              }
            ],
            "declKind": "Var",
            "usr": "s:13YouTubePlugin16VideoPlayerErrorO11descriptionSSvp",
            "mangledName": "$s13YouTubePlugin16VideoPlayerErrorO11descriptionSSvp",
            "moduleName": "YouTubePlugin",
            "declAttributes": [
              "AccessControl"
            ],
            "accessors": [
              {
                "kind": "Accessor",
                "name": "Get",
                "printedName": "Get()",
                "children": [
                  {
                    "kind": "TypeNominal",
                    "name": "String",
                    "printedName": "Swift.String",
                    "usr": "s:SS"
                  }
                ],
                "declKind": "Accessor",
                "usr": "s:13YouTubePlugin16VideoPlayerErrorO11descriptionSSvg",
                "mangledName": "$s13YouTubePlugin16VideoPlayerErrorO11descriptionSSvg",
                "moduleName": "YouTubePlugin",
                "accessorKind": "get"
              }
            ]
          }
        ],
        "declKind": "Enum",
        "usr": "s:13YouTubePlugin16VideoPlayerErrorO",
        "mangledName": "$s13YouTubePlugin16VideoPlayerErrorO",
        "moduleName": "YouTubePlugin",
        "declAttributes": [
          "AccessControl"
        ],
        "conformances": [
          {
            "kind": "Conformance",
            "name": "LocalizedError",
            "printedName": "LocalizedError",
            "usr": "s:10Foundation14LocalizedErrorP",
            "mangledName": "$s10Foundation14LocalizedErrorP"
          },
          {
            "kind": "Conformance",
            "name": "Error",
            "printedName": "Error",
            "usr": "s:s5ErrorP",
            "mangledName": "$ss5ErrorP"
          },
          {
            "kind": "Conformance",
            "name": "Sendable",
            "printedName": "Sendable",
            "usr": "s:s8SendableP",
            "mangledName": "$ss8SendableP"
          }
        ]
      },
      {
        "kind": "Import",
        "name": "UIKit",
        "printedName": "UIKit",
        "declKind": "Import",
        "moduleName": "YouTubePlugin",
        "declAttributes": [
          "RawDocComment"
        ]
      },
      {
        "kind": "Import",
        "name": "MobileWorkflowCore",
        "printedName": "MobileWorkflowCore",
        "declKind": "Import",
        "moduleName": "YouTubePlugin"
      },
      {
        "kind": "Import",
        "name": "youtube_ios_player_helper",
        "printedName": "youtube_ios_player_helper",
        "declKind": "Import",
        "moduleName": "YouTubePlugin"
      },
      {
        "kind": "Import",
        "name": "WebKit",
        "printedName": "WebKit",
        "declKind": "Import",
        "moduleName": "YouTubePlugin"
      },
      {
        "kind": "TypeDecl",
        "name": "VideoPlayerStepViewController",
        "printedName": "VideoPlayerStepViewController",
        "children": [
          {
            "kind": "Var",
            "name": "titleMode",
            "printedName": "titleMode",
            "children": [
              {
                "kind": "TypeNominal",
                "name": "StepViewControllerTitleMode",
                "printedName": "MobileWorkflowCore.StepViewControllerTitleMode",
                "usr": "s:18MobileWorkflowCore27StepViewControllerTitleModeO"
              }
            ],
            "declKind": "Var",
            "usr": "s:13YouTubePlugin29VideoPlayerStepViewControllerC9titleMode18MobileWorkflowCore0fgh5TitleJ0Ovp",
            "mangledName": "$s13YouTubePlugin29VideoPlayerStepViewControllerC9titleMode18MobileWorkflowCore0fgh5TitleJ0Ovp",
            "moduleName": "YouTubePlugin",
            "overriding": true,
            "declAttributes": [
              "Custom",
              "Override",
              "AccessControl"
            ],
            "accessors": [
              {
                "kind": "Accessor",
                "name": "Get",
                "printedName": "Get()",
                "children": [
                  {
                    "kind": "TypeNominal",
                    "name": "StepViewControllerTitleMode",
                    "printedName": "MobileWorkflowCore.StepViewControllerTitleMode",
                    "usr": "s:18MobileWorkflowCore27StepViewControllerTitleModeO"
                  }
                ],
                "declKind": "Accessor",
                "usr": "s:13YouTubePlugin29VideoPlayerStepViewControllerC9titleMode18MobileWorkflowCore0fgh5TitleJ0Ovg",
                "mangledName": "$s13YouTubePlugin29VideoPlayerStepViewControllerC9titleMode18MobileWorkflowCore0fgh5TitleJ0Ovg",
                "moduleName": "YouTubePlugin",
                "overriding": true,
                "accessorKind": "get"
              }
            ]
          },
          {
            "kind": "Function",
            "name": "viewDidLoad",
            "printedName": "viewDidLoad()",
            "children": [
              {
                "kind": "TypeNominal",
                "name": "Void",
                "printedName": "()"
              }
            ],
            "declKind": "Func",
            "usr": "c:@M@YouTubePlugin@objc(cs)VideoPlayerStepViewController(im)viewDidLoad",
            "mangledName": "$s13YouTubePlugin29VideoPlayerStepViewControllerC11viewDidLoadyyF",
            "moduleName": "YouTubePlugin",
            "overriding": true,
            "objc_name": "viewDidLoad",
            "declAttributes": [
              "Dynamic",
              "ObjC",
              "Custom",
              "Override",
              "AccessControl"
            ],
            "funcSelfKind": "NonMutating"
          },
          {
            "kind": "Function",
            "name": "viewWillAppear",
            "printedName": "viewWillAppear(_:)",
            "children": [
              {
                "kind": "TypeNominal",
                "name": "Void",
                "printedName": "()"
              },
              {
                "kind": "TypeNominal",
                "name": "Bool",
                "printedName": "Swift.Bool",
                "usr": "s:Sb"
              }
            ],
            "declKind": "Func",
            "usr": "c:@M@YouTubePlugin@objc(cs)VideoPlayerStepViewController(im)viewWillAppear:",
            "mangledName": "$s13YouTubePlugin29VideoPlayerStepViewControllerC14viewWillAppearyySbF",
            "moduleName": "YouTubePlugin",
            "overriding": true,
            "objc_name": "viewWillAppear:",
            "declAttributes": [
              "Dynamic",
              "ObjC",
              "Custom",
              "Override",
              "AccessControl"
            ],
            "funcSelfKind": "NonMutating"
          },
          {
            "kind": "Constructor",
            "name": "init",
            "printedName": "init(step:nibName:bundle:)",
            "children": [
              {
                "kind": "TypeNominal",
                "name": "VideoPlayerStepViewController",
                "printedName": "YouTubePlugin.VideoPlayerStepViewController",
                "usr": "c:@M@YouTubePlugin@objc(cs)VideoPlayerStepViewController"
              },
              {
                "kind": "TypeNominal",
                "name": "Step",
                "printedName": "MobileWorkflowCore.Step",
                "usr": "s:18MobileWorkflowCore4StepP"
              },
              {
                "kind": "TypeNominal",
                "name": "Optional",
                "printedName": "Swift.String?",
                "children": [
                  {
                    "kind": "TypeNominal",
                    "name": "String",
                    "printedName": "Swift.String",
                    "usr": "s:SS"
                  }
                ],
                "usr": "s:Sq"
              },
              {
                "kind": "TypeNominal",
                "name": "Optional",
                "printedName": "Foundation.Bundle?",
                "children": [
                  {
                    "kind": "TypeNominal",
                    "name": "Bundle",
                    "printedName": "Foundation.Bundle",
                    "usr": "c:objc(cs)NSBundle"
                  }
                ],
                "usr": "s:Sq"
              }
            ],
            "declKind": "Constructor",
            "usr": "s:13YouTubePlugin29VideoPlayerStepViewControllerC4step7nibName6bundleAC18MobileWorkflowCore0F0_p_SSSgSo8NSBundleCSgtcfc",
            "mangledName": "$s13YouTubePlugin29VideoPlayerStepViewControllerC4step7nibName6bundleAC18MobileWorkflowCore0F0_p_SSSgSo8NSBundleCSgtcfc",
            "moduleName": "YouTubePlugin",
            "overriding": true,
            "implicit": true,
            "declAttributes": [
              "Custom",
              "Override"
            ],
            "init_kind": "Designated"
          },
          {
            "kind": "Constructor",
            "name": "init",
            "printedName": "init(step:)",
            "children": [
              {
                "kind": "TypeNominal",
                "name": "VideoPlayerStepViewController",
                "printedName": "YouTubePlugin.VideoPlayerStepViewController",
                "usr": "c:@M@YouTubePlugin@objc(cs)VideoPlayerStepViewController"
              },
              {
                "kind": "TypeNominal",
                "name": "Step",
                "printedName": "MobileWorkflowCore.Step",
                "usr": "s:18MobileWorkflowCore4StepP"
              }
            ],
            "declKind": "Constructor",
            "usr": "s:13YouTubePlugin29VideoPlayerStepViewControllerC4stepAC18MobileWorkflowCore0F0_p_tcfc",
            "mangledName": "$s13YouTubePlugin29VideoPlayerStepViewControllerC4stepAC18MobileWorkflowCore0F0_p_tcfc",
            "moduleName": "YouTubePlugin",
            "overriding": true,
            "implicit": true,
            "declAttributes": [
              "Custom",
              "Override"
            ],
            "init_kind": "Designated"
          },
          {
            "kind": "Constructor",
            "name": "init",
            "printedName": "init(coder:)",
            "children": [
              {
                "kind": "TypeNominal",
                "name": "Optional",
                "printedName": "YouTubePlugin.VideoPlayerStepViewController?",
                "children": [
                  {
                    "kind": "TypeNominal",
                    "name": "VideoPlayerStepViewController",
                    "printedName": "YouTubePlugin.VideoPlayerStepViewController",
                    "usr": "c:@M@YouTubePlugin@objc(cs)VideoPlayerStepViewController"
                  }
                ],
                "usr": "s:Sq"
              },
              {
                "kind": "TypeNominal",
                "name": "NSCoder",
                "printedName": "Foundation.NSCoder",
                "usr": "c:objc(cs)NSCoder"
              }
            ],
            "declKind": "Constructor",
            "usr": "c:@M@YouTubePlugin@objc(cs)VideoPlayerStepViewController(im)initWithCoder:",
            "mangledName": "$s13YouTubePlugin29VideoPlayerStepViewControllerC5coderACSgSo7NSCoderC_tcfc",
            "moduleName": "YouTubePlugin",
            "overriding": true,
            "implicit": true,
            "objc_name": "initWithCoder:",
            "declAttributes": [
              "Dynamic",
              "ObjC",
              "Custom",
              "Required"
            ],
            "init_kind": "Designated"
          },
          {
            "kind": "Function",
            "name": "playerViewPreferredInitialLoading",
            "printedName": "playerViewPreferredInitialLoading(_:)",
            "children": [
              {
                "kind": "TypeNominal",
                "name": "Optional",
                "printedName": "UIKit.UIView?",
                "children": [
                  {
                    "kind": "TypeNominal",
                    "name": "UIView",
                    "printedName": "UIKit.UIView",
                    "usr": "c:objc(cs)UIView"
                  }
                ],
                "usr": "s:Sq"
              },
              {
                "kind": "TypeNominal",
                "name": "YTPlayerView",
                "printedName": "youtube_ios_player_helper.YTPlayerView",
                "usr": "c:objc(cs)YTPlayerView"
              }
            ],
            "declKind": "Func",
            "usr": "c:@CM@YouTubePlugin@objc(cs)VideoPlayerStepViewController(im)playerViewPreferredInitialLoadingView:",
            "mangledName": "$s13YouTubePlugin29VideoPlayerStepViewControllerC06playerG23PreferredInitialLoadingySo6UIViewCSgSo08YTPlayerG0CF",
            "moduleName": "YouTubePlugin",
            "objc_name": "playerViewPreferredInitialLoadingView:",
            "declAttributes": [
              "Dynamic",
              "ObjC",
              "Custom",
              "AccessControl"
            ],
            "isFromExtension": true,
            "funcSelfKind": "NonMutating"
          },
          {
            "kind": "Function",
            "name": "playerViewDidBecomeReady",
            "printedName": "playerViewDidBecomeReady(_:)",
            "children": [
              {
                "kind": "TypeNominal",
                "name": "Void",
                "printedName": "()"
              },
              {
                "kind": "TypeNominal",
                "name": "YTPlayerView",
                "printedName": "youtube_ios_player_helper.YTPlayerView",
                "usr": "c:objc(cs)YTPlayerView"
              }
            ],
            "declKind": "Func",
            "usr": "c:@CM@YouTubePlugin@objc(cs)VideoPlayerStepViewController(im)playerViewDidBecomeReady:",
            "mangledName": "$s13YouTubePlugin29VideoPlayerStepViewControllerC06playerG14DidBecomeReadyyySo08YTPlayerG0CF",
            "moduleName": "YouTubePlugin",
            "objc_name": "playerViewDidBecomeReady:",
            "declAttributes": [
              "Dynamic",
              "ObjC",
              "Custom",
              "AccessControl"
            ],
            "isFromExtension": true,
            "funcSelfKind": "NonMutating"
          },
          {
            "kind": "Function",
            "name": "playerView",
            "printedName": "playerView(_:receivedError:)",
            "children": [
              {
                "kind": "TypeNominal",
                "name": "Void",
                "printedName": "()"
              },
              {
                "kind": "TypeNominal",
                "name": "YTPlayerView",
                "printedName": "youtube_ios_player_helper.YTPlayerView",
                "usr": "c:objc(cs)YTPlayerView"
              },
              {
                "kind": "TypeNominal",
                "name": "YTPlayerError",
                "printedName": "youtube_ios_player_helper.YTPlayerError",
                "usr": "c:@E@YTPlayerError"
              }
            ],
            "declKind": "Func",
            "usr": "c:@CM@YouTubePlugin@objc(cs)VideoPlayerStepViewController(im)playerView:receivedError:",
            "mangledName": "$s13YouTubePlugin29VideoPlayerStepViewControllerC06playerG0_13receivedErrorySo08YTPlayerG0C_So0lK0VtF",
            "moduleName": "YouTubePlugin",
            "objc_name": "playerView:receivedError:",
            "declAttributes": [
              "Dynamic",
              "ObjC",
              "Custom",
              "AccessControl"
            ],
            "isFromExtension": true,
            "funcSelfKind": "NonMutating"
          }
        ],
        "declKind": "Class",
        "usr": "c:@M@YouTubePlugin@objc(cs)VideoPlayerStepViewController",
        "mangledName": "$s13YouTubePlugin29VideoPlayerStepViewControllerC",
        "moduleName": "YouTubePlugin",
        "declAttributes": [
          "Custom",
          "AccessControl",
          "RawDocComment",
          "ObjC"
        ],
        "superclassUsr": "c:@M@MobileWorkflowCore@objc(cs)MWContentStepViewController",
        "inheritsConvenienceInitializers": true,
        "superclassNames": [
          "MobileWorkflowCore.MWContentStepViewController",
          "MobileWorkflowCore.MWStepViewController",
          "UIKit.UIViewController",
          "UIKit.UIResponder",
          "ObjectiveC.NSObject"
        ],
        "conformances": [
          {
            "kind": "Conformance",
            "name": "StepViewController",
            "printedName": "StepViewController",
            "usr": "s:18MobileWorkflowCore18StepViewControllerP",
            "mangledName": "$s18MobileWorkflowCore18StepViewControllerP"
          },
          {
            "kind": "Conformance",
            "name": "Equatable",
            "printedName": "Equatable",
            "usr": "s:SQ",
            "mangledName": "$sSQ"
          },
          {
            "kind": "Conformance",
            "name": "Hashable",
            "printedName": "Hashable",
            "usr": "s:SH",
            "mangledName": "$sSH"
          },
          {
            "kind": "Conformance",
            "name": "CVarArg",
            "printedName": "CVarArg",
            "usr": "s:s7CVarArgP",
            "mangledName": "$ss7CVarArgP"
          },
          {
            "kind": "Conformance",
            "name": "_KeyValueCodingAndObservingPublishing",
            "printedName": "_KeyValueCodingAndObservingPublishing",
            "usr": "s:10Foundation37_KeyValueCodingAndObservingPublishingP",
            "mangledName": "$s10Foundation37_KeyValueCodingAndObservingPublishingP"
          },
          {
            "kind": "Conformance",
            "name": "_KeyValueCodingAndObserving",
            "printedName": "_KeyValueCodingAndObserving",
            "usr": "s:10Foundation27_KeyValueCodingAndObservingP",
            "mangledName": "$s10Foundation27_KeyValueCodingAndObservingP"
          },
          {
            "kind": "Conformance",
            "name": "CustomStringConvertible",
            "printedName": "CustomStringConvertible",
            "usr": "s:s23CustomStringConvertibleP",
            "mangledName": "$ss23CustomStringConvertibleP"
          },
          {
            "kind": "Conformance",
            "name": "CustomDebugStringConvertible",
            "printedName": "CustomDebugStringConvertible",
            "usr": "s:s28CustomDebugStringConvertibleP",
            "mangledName": "$ss28CustomDebugStringConvertibleP"
          }
        ]
      },
      {
        "kind": "Import",
        "name": "Foundation",
        "printedName": "Foundation",
        "declKind": "Import",
        "moduleName": "YouTubePlugin",
        "declAttributes": [
          "RawDocComment"
        ]
      },
      {
        "kind": "Import",
        "name": "MobileWorkflowCore",
        "printedName": "MobileWorkflowCore",
        "declKind": "Import",
        "moduleName": "YouTubePlugin"
      },
      {
        "kind": "TypeDecl",
        "name": "YouTubePluginStruct",
        "printedName": "YouTubePluginStruct",
        "children": [
          {
            "kind": "Var",
            "name": "allStepsTypes",
            "printedName": "allStepsTypes",
            "children": [
              {
                "kind": "TypeNominal",
                "name": "Array",
                "printedName": "[MobileWorkflowCore.StepType]",
                "children": [
                  {
                    "kind": "TypeNominal",
                    "name": "StepType",
                    "printedName": "MobileWorkflowCore.StepType",
                    "usr": "s:18MobileWorkflowCore8StepTypeP"
                  }
                ],
                "usr": "s:Sa"
              }
            ],
            "declKind": "Var",
            "usr": "s:13YouTubePlugin0abC6StructV13allStepsTypesSay18MobileWorkflowCore8StepType_pGvpZ",
            "mangledName": "$s13YouTubePlugin0abC6StructV13allStepsTypesSay18MobileWorkflowCore8StepType_pGvpZ",
            "moduleName": "YouTubePlugin",
            "static": true,
            "declAttributes": [
              "AccessControl"
            ],
            "accessors": [
              {
                "kind": "Accessor",
                "name": "Get",
                "printedName": "Get()",
                "children": [
                  {
                    "kind": "TypeNominal",
                    "name": "Array",
                    "printedName": "[MobileWorkflowCore.StepType]",
                    "children": [
                      {
                        "kind": "TypeNominal",
                        "name": "StepType",
                        "printedName": "MobileWorkflowCore.StepType",
                        "usr": "s:18MobileWorkflowCore8StepTypeP"
                      }
                    ],
                    "usr": "s:Sa"
                  }
                ],
                "declKind": "Accessor",
                "usr": "s:13YouTubePlugin0abC6StructV13allStepsTypesSay18MobileWorkflowCore8StepType_pGvgZ",
                "mangledName": "$s13YouTubePlugin0abC6StructV13allStepsTypesSay18MobileWorkflowCore8StepType_pGvgZ",
                "moduleName": "YouTubePlugin",
                "static": true,
                "accessorKind": "get"
              }
            ]
          }
        ],
        "declKind": "Struct",
        "usr": "s:13YouTubePlugin0abC6StructV",
        "mangledName": "$s13YouTubePlugin0abC6StructV",
        "moduleName": "YouTubePlugin",
        "declAttributes": [
          "AccessControl"
        ],
        "conformances": [
          {
            "kind": "Conformance",
            "name": "Plugin",
            "printedName": "Plugin",
            "usr": "s:18MobileWorkflowCore6PluginP",
            "mangledName": "$s18MobileWorkflowCore6PluginP"
          }
        ]
      }
    ],
    "json_format_version": 8
  },
  "ConstValues": [
    {
      "filePath": "\/Users\/vagrant\/git\/project\/YouTubePlugin\/YouTubePlugin\/VideoPlayerStep.swift",
      "kind": "StringLiteral",
      "offset": 112,
      "length": 15,
      "value": "\"YouTubePlugin.VideoPlayerStep\""
    },
    {
      "filePath": "\/Users\/vagrant\/git\/project\/YouTubePlugin\/YouTubePlugin\/VideoPlayerStepViewController.swift",
      "kind": "BooleanLiteral",
      "offset": 874,
      "length": 4,
      "value": "true"
    },
    {
      "filePath": "\/Users\/vagrant\/git\/project\/YouTubePlugin\/YouTubePlugin\/VideoPlayerStepViewController.swift",
      "kind": "BooleanLiteral",
      "offset": 1056,
      "length": 5,
      "value": "false"
    },
    {
      "filePath": "\/Users\/vagrant\/git\/project\/YouTubePlugin\/YouTubePlugin\/VideoPlayerStepViewController.swift",
      "kind": "BooleanLiteral",
      "offset": 1245,
      "length": 5,
      "value": "false"
    },
    {
      "filePath": "\/Users\/vagrant\/git\/project\/YouTubePlugin\/YouTubePlugin\/VideoPlayerStepViewController.swift",
      "kind": "BooleanLiteral",
      "offset": 1467,
      "length": 5,
      "value": "false"
    },
    {
      "filePath": "\/Users\/vagrant\/git\/project\/YouTubePlugin\/YouTubePlugin\/YouTubePluginStruct.swift",
      "kind": "StringLiteral",
      "offset": 318,
      "length": 35,
      "value": "\"io.app-rail.you-tube.video-player\""
    },
    {
      "filePath": "\/Users\/vagrant\/git\/project\/YouTubePlugin\/YouTubePlugin\/YouTubePluginStruct.swift",
      "kind": "StringLiteral",
      "offset": 318,
      "length": 35,
      "value": "\"io.app-rail.you-tube.video-player\""
    }
  ]
}