{
  "ABIRoot": {
    "kind": "Root",
    "name": "TopLevel",
    "printedName": "TopLevel",
    "children": [
      {
        "kind": "Import",
        "name": "Lottie",
        "printedName": "Lottie",
        "declKind": "Import",
        "moduleName": "MWLottiePlugin",
        "declAttributes": [
          "RawDocComment"
        ]
      },
      {
        "kind": "Import",
        "name": "Foundation",
        "printedName": "Foundation",
        "declKind": "Import",
        "moduleName": "MWLottiePlugin"
      },
      {
        "kind": "Import",
        "name": "MobileWorkflowCore",
        "printedName": "MobileWorkflowCore",
        "declKind": "Import",
        "moduleName": "MWLottiePlugin"
      },
      {
        "kind": "TypeDecl",
        "name": "MWLottieViewController",
        "printedName": "MWLottieViewController",
        "children": [
          {
            "kind": "Function",
            "name": "viewDidLoad",
            "printedName": "viewDidLoad()",
            "children": [
              {
                "kind": "TypeNominal",
                "name": "Void",
                "printedName": "()"
              }
            ],
            "declKind": "Func",
            "usr": "c:@M@MWLottiePlugin@objc(cs)MWLottieViewController(im)viewDidLoad",
            "mangledName": "$s14MWLottiePlugin0A14ViewControllerC11viewDidLoadyyF",
            "moduleName": "MWLottiePlugin",
            "overriding": true,
            "objc_name": "viewDidLoad",
            "declAttributes": [
              "Dynamic",
              "ObjC",
              "Custom",
              "Override",
              "AccessControl",
              "RawDocComment"
            ],
            "funcSelfKind": "NonMutating"
          },
          {
            "kind": "Constructor",
            "name": "init",
            "printedName": "init(instructionStep:)",
            "children": [
              {
                "kind": "TypeNominal",
                "name": "MWLottieViewController",
                "printedName": "MWLottiePlugin.MWLottieViewController",
                "usr": "c:@M@MWLottiePlugin@objc(cs)MWLottieViewController"
              },
              {
                "kind": "TypeNominal",
                "name": "InstructionStep",
                "printedName": "MobileWorkflowCore.InstructionStep",
                "usr": "s:18MobileWorkflowCore15InstructionStepP"
              }
            ],
            "declKind": "Constructor",
            "usr": "s:14MWLottiePlugin0A14ViewControllerC15instructionStepAC18MobileWorkflowCore011InstructionF0_p_tcfc",
            "mangledName": "$s14MWLottiePlugin0A14ViewControllerC15instructionStepAC18MobileWorkflowCore011InstructionF0_p_tcfc",
            "moduleName": "MWLottiePlugin",
            "overriding": true,
            "implicit": true,
            "declAttributes": [
              "Custom",
              "Override"
            ],
            "init_kind": "Designated"
          },
          {
            "kind": "Constructor",
            "name": "init",
            "printedName": "init(coder:)",
            "children": [
              {
                "kind": "TypeNominal",
                "name": "Optional",
                "printedName": "MWLottiePlugin.MWLottieViewController?",
                "children": [
                  {
                    "kind": "TypeNominal",
                    "name": "MWLottieViewController",
                    "printedName": "MWLottiePlugin.MWLottieViewController",
                    "usr": "c:@M@MWLottiePlugin@objc(cs)MWLottieViewController"
                  }
                ],
                "usr": "s:Sq"
              },
              {
                "kind": "TypeNominal",
                "name": "NSCoder",
                "printedName": "Foundation.NSCoder",
                "usr": "c:objc(cs)NSCoder"
              }
            ],
            "declKind": "Constructor",
            "usr": "c:@M@MWLottiePlugin@objc(cs)MWLottieViewController(im)initWithCoder:",
            "mangledName": "$s14MWLottiePlugin0A14ViewControllerC5coderACSgSo7NSCoderC_tcfc",
            "moduleName": "MWLottiePlugin",
            "overriding": true,
            "implicit": true,
            "objc_name": "initWithCoder:",
            "declAttributes": [
              "Dynamic",
              "ObjC",
              "Custom",
              "Required"
            ],
            "init_kind": "Designated"
          }
        ],
        "declKind": "Class",
        "usr": "c:@M@MWLottiePlugin@objc(cs)MWLottieViewController",
        "mangledName": "$s14MWLottiePlugin0A14ViewControllerC",
        "moduleName": "MWLottiePlugin",
        "declAttributes": [
          "Custom",
          "AccessControl",
          "ObjC"
        ],
        "superclassUsr": "c:@M@MobileWorkflowCore@objc(cs)MWInstructionStepViewController",
        "inheritsConvenienceInitializers": true,
        "superclassNames": [
          "MobileWorkflowCore.MWInstructionStepViewController",
          "MobileWorkflowCore.MWContentStepViewController",
          "MobileWorkflowCore.MWStepViewController",
          "UIKit.UIViewController",
          "UIKit.UIResponder",
          "ObjectiveC.NSObject"
        ],
        "conformances": [
          {
            "kind": "Conformance",
            "name": "StepViewController",
            "printedName": "StepViewController",
            "usr": "s:18MobileWorkflowCore18StepViewControllerP",
            "mangledName": "$s18MobileWorkflowCore18StepViewControllerP"
          },
          {
            "kind": "Conformance",
            "name": "Equatable",
            "printedName": "Equatable",
            "usr": "s:SQ",
            "mangledName": "$sSQ"
          },
          {
            "kind": "Conformance",
            "name": "Hashable",
            "printedName": "Hashable",
            "usr": "s:SH",
            "mangledName": "$sSH"
          },
          {
            "kind": "Conformance",
            "name": "CVarArg",
            "printedName": "CVarArg",
            "usr": "s:s7CVarArgP",
            "mangledName": "$ss7CVarArgP"
          },
          {
            "kind": "Conformance",
            "name": "_KeyValueCodingAndObservingPublishing",
            "printedName": "_KeyValueCodingAndObservingPublishing",
            "usr": "s:10Foundation37_KeyValueCodingAndObservingPublishingP",
            "mangledName": "$s10Foundation37_KeyValueCodingAndObservingPublishingP"
          },
          {
            "kind": "Conformance",
            "name": "_KeyValueCodingAndObserving",
            "printedName": "_KeyValueCodingAndObserving",
            "usr": "s:10Foundation27_KeyValueCodingAndObservingP",
            "mangledName": "$s10Foundation27_KeyValueCodingAndObservingP"
          },
          {
            "kind": "Conformance",
            "name": "CustomStringConvertible",
            "printedName": "CustomStringConvertible",
            "usr": "s:s23CustomStringConvertibleP",
            "mangledName": "$ss23CustomStringConvertibleP"
          },
          {
            "kind": "Conformance",
            "name": "CustomDebugStringConvertible",
            "printedName": "CustomDebugStringConvertible",
            "usr": "s:s28CustomDebugStringConvertibleP",
            "mangledName": "$ss28CustomDebugStringConvertibleP"
          }
        ]
      },
      {
        "kind": "Import",
        "name": "Foundation",
        "printedName": "Foundation",
        "declKind": "Import",
        "moduleName": "MWLottiePlugin",
        "declAttributes": [
          "RawDocComment"
        ]
      },
      {
        "kind": "Import",
        "name": "MobileWorkflowCore",
        "printedName": "MobileWorkflowCore",
        "declKind": "Import",
        "moduleName": "MWLottiePlugin"
      },
      {
        "kind": "Import",
        "name": "UIKit",
        "printedName": "UIKit",
        "declKind": "Import",
        "moduleName": "MWLottiePlugin"
      },
      {
        "kind": "TypeDecl",
        "name": "MWLottieStep",
        "printedName": "MWLottieStep",
        "children": [
          {
            "kind": "Var",
            "name": "imageURL",
            "printedName": "imageURL",
            "children": [
              {
                "kind": "TypeNominal",
                "name": "Optional",
                "printedName": "Swift.String?",
                "children": [
                  {
                    "kind": "TypeNominal",
                    "name": "String",
                    "printedName": "Swift.String",
                    "usr": "s:SS"
                  }
                ],
                "usr": "s:Sq"
              }
            ],
            "declKind": "Var",
            "usr": "s:14MWLottiePlugin0A4StepC8imageURLSSSgvp",
            "mangledName": "$s14MWLottiePlugin0A4StepC8imageURLSSSgvp",
            "moduleName": "MWLottiePlugin",
            "declAttributes": [
              "AccessControl"
            ],
            "accessors": [
              {
                "kind": "Accessor",
                "name": "Get",
                "printedName": "Get()",
                "children": [
                  {
                    "kind": "TypeNominal",
                    "name": "Optional",
                    "printedName": "Swift.String?",
                    "children": [
                      {
                        "kind": "TypeNominal",
                        "name": "String",
                        "printedName": "Swift.String",
                        "usr": "s:SS"
                      }
                    ],
                    "usr": "s:Sq"
                  }
                ],
                "declKind": "Accessor",
                "usr": "s:14MWLottiePlugin0A4StepC8imageURLSSSgvg",
                "mangledName": "$s14MWLottiePlugin0A4StepC8imageURLSSSgvg",
                "moduleName": "MWLottiePlugin",
                "accessorKind": "get"
              }
            ]
          },
          {
            "kind": "Var",
            "name": "session",
            "printedName": "session",
            "children": [
              {
                "kind": "TypeNominal",
                "name": "Session",
                "printedName": "MobileWorkflowCore.Session",
                "usr": "s:18MobileWorkflowCore7SessionC"
              }
            ],
            "declKind": "Var",
            "usr": "s:14MWLottiePlugin0A4StepC7session18MobileWorkflowCore7SessionCvp",
            "mangledName": "$s14MWLottiePlugin0A4StepC7session18MobileWorkflowCore7SessionCvp",
            "moduleName": "MWLottiePlugin",
            "declAttributes": [
              "HasStorage",
              "AccessControl"
            ],
            "hasStorage": true,
            "accessors": [
              {
                "kind": "Accessor",
                "name": "Get",
                "printedName": "Get()",
                "children": [
                  {
                    "kind": "TypeNominal",
                    "name": "Session",
                    "printedName": "MobileWorkflowCore.Session",
                    "usr": "s:18MobileWorkflowCore7SessionC"
                  }
                ],
                "declKind": "Accessor",
                "usr": "s:14MWLottiePlugin0A4StepC7session18MobileWorkflowCore7SessionCvg",
                "mangledName": "$s14MWLottiePlugin0A4StepC7session18MobileWorkflowCore7SessionCvg",
                "moduleName": "MWLottiePlugin",
                "implicit": true,
                "accessorKind": "get"
              },
              {
                "kind": "Accessor",
                "name": "Set",
                "printedName": "Set()",
                "children": [
                  {
                    "kind": "TypeNominal",
                    "name": "Void",
                    "printedName": "()"
                  },
                  {
                    "kind": "TypeNominal",
                    "name": "Session",
                    "printedName": "MobileWorkflowCore.Session",
                    "usr": "s:18MobileWorkflowCore7SessionC"
                  }
                ],
                "declKind": "Accessor",
                "usr": "s:14MWLottiePlugin0A4StepC7session18MobileWorkflowCore7SessionCvs",
                "mangledName": "$s14MWLottiePlugin0A4StepC7session18MobileWorkflowCore7SessionCvs",
                "moduleName": "MWLottiePlugin",
                "implicit": true,
                "accessorKind": "set"
              },
              {
                "kind": "Accessor",
                "name": "Modify",
                "printedName": "Modify()",
                "children": [
                  {
                    "kind": "TypeNominal",
                    "name": "Void",
                    "printedName": "()"
                  }
                ],
                "declKind": "Accessor",
                "usr": "s:14MWLottiePlugin0A4StepC7session18MobileWorkflowCore7SessionCvM",
                "mangledName": "$s14MWLottiePlugin0A4StepC7session18MobileWorkflowCore7SessionCvM",
                "moduleName": "MWLottiePlugin",
                "implicit": true,
                "accessorKind": "_modify"
              }
            ]
          },
          {
            "kind": "Var",
            "name": "services",
            "printedName": "services",
            "children": [
              {
                "kind": "TypeNominal",
                "name": "StepServices",
                "printedName": "MobileWorkflowCore.StepServices",
                "usr": "s:18MobileWorkflowCore12StepServicesC"
              }
            ],
            "declKind": "Var",
            "usr": "s:14MWLottiePlugin0A4StepC8services18MobileWorkflowCore0C8ServicesCvp",
            "mangledName": "$s14MWLottiePlugin0A4StepC8services18MobileWorkflowCore0C8ServicesCvp",
            "moduleName": "MWLottiePlugin",
            "declAttributes": [
              "HasStorage",
              "AccessControl"
            ],
            "hasStorage": true,
            "accessors": [
              {
                "kind": "Accessor",
                "name": "Get",
                "printedName": "Get()",
                "children": [
                  {
                    "kind": "TypeNominal",
                    "name": "StepServices",
                    "printedName": "MobileWorkflowCore.StepServices",
                    "usr": "s:18MobileWorkflowCore12StepServicesC"
                  }
                ],
                "declKind": "Accessor",
                "usr": "s:14MWLottiePlugin0A4StepC8services18MobileWorkflowCore0C8ServicesCvg",
                "mangledName": "$s14MWLottiePlugin0A4StepC8services18MobileWorkflowCore0C8ServicesCvg",
                "moduleName": "MWLottiePlugin",
                "implicit": true,
                "accessorKind": "get"
              },
              {
                "kind": "Accessor",
                "name": "Set",
                "printedName": "Set()",
                "children": [
                  {
                    "kind": "TypeNominal",
                    "name": "Void",
                    "printedName": "()"
                  },
                  {
                    "kind": "TypeNominal",
                    "name": "StepServices",
                    "printedName": "MobileWorkflowCore.StepServices",
                    "usr": "s:18MobileWorkflowCore12StepServicesC"
                  }
                ],
                "declKind": "Accessor",
                "usr": "s:14MWLottiePlugin0A4StepC8services18MobileWorkflowCore0C8ServicesCvs",
                "mangledName": "$s14MWLottiePlugin0A4StepC8services18MobileWorkflowCore0C8ServicesCvs",
                "moduleName": "MWLottiePlugin",
                "implicit": true,
                "accessorKind": "set"
              },
              {
                "kind": "Accessor",
                "name": "Modify",
                "printedName": "Modify()",
                "children": [
                  {
                    "kind": "TypeNominal",
                    "name": "Void",
                    "printedName": "()"
                  }
                ],
                "declKind": "Accessor",
                "usr": "s:14MWLottiePlugin0A4StepC8services18MobileWorkflowCore0C8ServicesCvM",
                "mangledName": "$s14MWLottiePlugin0A4StepC8services18MobileWorkflowCore0C8ServicesCvM",
                "moduleName": "MWLottiePlugin",
                "implicit": true,
                "accessorKind": "_modify"
              }
            ]
          },
          {
            "kind": "Var",
            "name": "image",
            "printedName": "image",
            "children": [
              {
                "kind": "TypeNominal",
                "name": "Optional",
                "printedName": "UIKit.UIImage?",
                "children": [
                  {
                    "kind": "TypeNominal",
                    "name": "UIImage",
                    "printedName": "UIKit.UIImage",
                    "usr": "c:objc(cs)UIImage"
                  }
                ],
                "usr": "s:Sq"
              }
            ],
            "declKind": "Var",
            "usr": "s:14MWLottiePlugin0A4StepC5imageSo7UIImageCSgvp",
            "mangledName": "$s14MWLottiePlugin0A4StepC5imageSo7UIImageCSgvp",
            "moduleName": "MWLottiePlugin",
            "declAttributes": [
              "AccessControl",
              "RawDocComment"
            ],
            "accessors": [
              {
                "kind": "Accessor",
                "name": "Get",
                "printedName": "Get()",
                "children": [
                  {
                    "kind": "TypeNominal",
                    "name": "Optional",
                    "printedName": "UIKit.UIImage?",
                    "children": [
                      {
                        "kind": "TypeNominal",
                        "name": "UIImage",
                        "printedName": "UIKit.UIImage",
                        "usr": "c:objc(cs)UIImage"
                      }
                    ],
                    "usr": "s:Sq"
                  }
                ],
                "declKind": "Accessor",
                "usr": "s:14MWLottiePlugin0A4StepC5imageSo7UIImageCSgvg",
                "mangledName": "$s14MWLottiePlugin0A4StepC5imageSo7UIImageCSgvg",
                "moduleName": "MWLottiePlugin",
                "accessorKind": "get"
              },
              {
                "kind": "Accessor",
                "name": "Set",
                "printedName": "Set()",
                "children": [
                  {
                    "kind": "TypeNominal",
                    "name": "Void",
                    "printedName": "()"
                  },
                  {
                    "kind": "TypeNominal",
                    "name": "Optional",
                    "printedName": "UIKit.UIImage?",
                    "children": [
                      {
                        "kind": "TypeNominal",
                        "name": "UIImage",
                        "printedName": "UIKit.UIImage",
                        "usr": "c:objc(cs)UIImage"
                      }
                    ],
                    "usr": "s:Sq"
                  }
                ],
                "declKind": "Accessor",
                "usr": "s:14MWLottiePlugin0A4StepC5imageSo7UIImageCSgvs",
                "mangledName": "$s14MWLottiePlugin0A4StepC5imageSo7UIImageCSgvs",
                "moduleName": "MWLottiePlugin",
                "accessorKind": "set"
              },
              {
                "kind": "Accessor",
                "name": "Modify",
                "printedName": "Modify()",
                "children": [
                  {
                    "kind": "TypeNominal",
                    "name": "Void",
                    "printedName": "()"
                  }
                ],
                "declKind": "Accessor",
                "usr": "s:14MWLottiePlugin0A4StepC5imageSo7UIImageCSgvM",
                "mangledName": "$s14MWLottiePlugin0A4StepC5imageSo7UIImageCSgvM",
                "moduleName": "MWLottiePlugin",
                "implicit": true,
                "accessorKind": "_modify"
              }
            ]
          },
          {
            "kind": "Function",
            "name": "instantiateViewController",
            "printedName": "instantiateViewController()",
            "children": [
              {
                "kind": "TypeNominal",
                "name": "StepViewController",
                "printedName": "MobileWorkflowCore.StepViewController",
                "usr": "s:18MobileWorkflowCore18StepViewControllerP"
              }
            ],
            "declKind": "Func",
            "usr": "s:14MWLottiePlugin0A4StepC25instantiateViewController18MobileWorkflowCore0ceF0_pyF",
            "mangledName": "$s14MWLottiePlugin0A4StepC25instantiateViewController18MobileWorkflowCore0ceF0_pyF",
            "moduleName": "MWLottiePlugin",
            "overriding": true,
            "declAttributes": [
              "Override",
              "AccessControl"
            ],
            "funcSelfKind": "NonMutating"
          },
          {
            "kind": "Constructor",
            "name": "init",
            "printedName": "init(identifier:title:text:theme:links:navigationItems:)",
            "children": [
              {
                "kind": "TypeNominal",
                "name": "MWLottieStep",
                "printedName": "MWLottiePlugin.MWLottieStep",
                "usr": "s:14MWLottiePlugin0A4StepC"
              },
              {
                "kind": "TypeNominal",
                "name": "String",
                "printedName": "Swift.String",
                "usr": "s:SS"
              },
              {
                "kind": "TypeNominal",
                "name": "Optional",
                "printedName": "Swift.String?",
                "children": [
                  {
                    "kind": "TypeNominal",
                    "name": "String",
                    "printedName": "Swift.String",
                    "usr": "s:SS"
                  }
                ],
                "hasDefaultArg": true,
                "usr": "s:Sq"
              },
              {
                "kind": "TypeNominal",
                "name": "Optional",
                "printedName": "Swift.String?",
                "children": [
                  {
                    "kind": "TypeNominal",
                    "name": "String",
                    "printedName": "Swift.String",
                    "usr": "s:SS"
                  }
                ],
                "hasDefaultArg": true,
                "usr": "s:Sq"
              },
              {
                "kind": "TypeNominal",
                "name": "Theme",
                "printedName": "MobileWorkflowCore.Theme",
                "hasDefaultArg": true,
                "usr": "s:18MobileWorkflowCore5ThemeV"
              },
              {
                "kind": "TypeNominal",
                "name": "Array",
                "printedName": "[MobileWorkflowCore.StepLink]",
                "children": [
                  {
                    "kind": "TypeNominal",
                    "name": "StepLink",
                    "printedName": "MobileWorkflowCore.StepLink",
                    "usr": "s:18MobileWorkflowCore8StepLinkV"
                  }
                ],
                "hasDefaultArg": true,
                "usr": "s:Sa"
              },
              {
                "kind": "TypeNominal",
                "name": "Array",
                "printedName": "[MobileWorkflowCore.StepNavigationItem]",
                "children": [
                  {
                    "kind": "TypeNominal",
                    "name": "StepNavigationItem",
                    "printedName": "MobileWorkflowCore.StepNavigationItem",
                    "usr": "s:18MobileWorkflowCore18StepNavigationItemV"
                  }
                ],
                "hasDefaultArg": true,
                "usr": "s:Sa"
              }
            ],
            "declKind": "Constructor",
            "usr": "s:14MWLottiePlugin0A4StepC10identifier5title4text5theme5links15navigationItemsACSS_SSSgAJ18MobileWorkflowCore5ThemeVSayAK0C4LinkVGSayAK0C14NavigationItemVGtcfc",
            "mangledName": "$s14MWLottiePlugin0A4StepC10identifier5title4text5theme5links15navigationItemsACSS_SSSgAJ18MobileWorkflowCore5ThemeVSayAK0C4LinkVGSayAK0C14NavigationItemVGtcfc",
            "moduleName": "MWLottiePlugin",
            "overriding": true,
            "implicit": true,
            "declAttributes": [
              "Override"
            ],
            "init_kind": "Designated"
          },
          {
            "kind": "Var",
            "name": "mandatoryCodingPaths",
            "printedName": "mandatoryCodingPaths",
            "children": [
              {
                "kind": "TypeNominal",
                "name": "Array",
                "printedName": "[Swift.CodingKey]",
                "children": [
                  {
                    "kind": "TypeNominal",
                    "name": "CodingKey",
                    "printedName": "Swift.CodingKey",
                    "usr": "s:s9CodingKeyP"
                  }
                ],
                "usr": "s:Sa"
              }
            ],
            "declKind": "Var",
            "usr": "s:14MWLottiePlugin0A4StepC20mandatoryCodingPathsSays0E3Key_pGvpZ",
            "mangledName": "$s14MWLottiePlugin0A4StepC20mandatoryCodingPathsSays0E3Key_pGvpZ",
            "moduleName": "MWLottiePlugin",
            "static": true,
            "declAttributes": [
              "Final",
              "AccessControl"
            ],
            "isFromExtension": true,
            "accessors": [
              {
                "kind": "Accessor",
                "name": "Get",
                "printedName": "Get()",
                "children": [
                  {
                    "kind": "TypeNominal",
                    "name": "Array",
                    "printedName": "[Swift.CodingKey]",
                    "children": [
                      {
                        "kind": "TypeNominal",
                        "name": "CodingKey",
                        "printedName": "Swift.CodingKey",
                        "usr": "s:s9CodingKeyP"
                      }
                    ],
                    "usr": "s:Sa"
                  }
                ],
                "declKind": "Accessor",
                "usr": "s:14MWLottiePlugin0A4StepC20mandatoryCodingPathsSays0E3Key_pGvgZ",
                "mangledName": "$s14MWLottiePlugin0A4StepC20mandatoryCodingPathsSays0E3Key_pGvgZ",
                "moduleName": "MWLottiePlugin",
                "static": true,
                "declAttributes": [
                  "Final"
                ],
                "isFromExtension": true,
                "accessorKind": "get"
              }
            ]
          },
          {
            "kind": "Function",
            "name": "build",
            "printedName": "build(stepInfo:services:)",
            "children": [
              {
                "kind": "TypeNominal",
                "name": "Step",
                "printedName": "MobileWorkflowCore.Step",
                "usr": "s:18MobileWorkflowCore4StepP"
              },
              {
                "kind": "TypeNominal",
                "name": "StepInfo",
                "printedName": "MobileWorkflowCore.StepInfo",
                "usr": "s:18MobileWorkflowCore8StepInfoV"
              },
              {
                "kind": "TypeNominal",
                "name": "StepServices",
                "printedName": "MobileWorkflowCore.StepServices",
                "usr": "s:18MobileWorkflowCore12StepServicesC"
              }
            ],
            "declKind": "Func",
            "usr": "s:14MWLottiePlugin0A4StepC5build8stepInfo8services18MobileWorkflowCore0C0_pAG0cF0V_AG0C8ServicesCtKFZ",
            "mangledName": "$s14MWLottiePlugin0A4StepC5build8stepInfo8services18MobileWorkflowCore0C0_pAG0cF0V_AG0C8ServicesCtKFZ",
            "moduleName": "MWLottiePlugin",
            "static": true,
            "declAttributes": [
              "Final",
              "AccessControl"
            ],
            "isFromExtension": true,
            "throwing": true,
            "funcSelfKind": "NonMutating"
          }
        ],
        "declKind": "Class",
        "usr": "s:14MWLottiePlugin0A4StepC",
        "mangledName": "$s14MWLottiePlugin0A4StepC",
        "moduleName": "MWLottiePlugin",
        "declAttributes": [
          "AccessControl"
        ],
        "superclassUsr": "s:18MobileWorkflowCore6MWStepC",
        "hasMissingDesignatedInitializers": true,
        "superclassNames": [
          "MobileWorkflowCore.MWStep"
        ],
        "conformances": [
          {
            "kind": "Conformance",
            "name": "InstructionStep",
            "printedName": "InstructionStep",
            "usr": "s:18MobileWorkflowCore15InstructionStepP",
            "mangledName": "$s18MobileWorkflowCore15InstructionStepP"
          },
          {
            "kind": "Conformance",
            "name": "Step",
            "printedName": "Step",
            "usr": "s:18MobileWorkflowCore4StepP",
            "mangledName": "$s18MobileWorkflowCore4StepP"
          },
          {
            "kind": "Conformance",
            "name": "BuildableStep",
            "printedName": "BuildableStep",
            "usr": "s:18MobileWorkflowCore13BuildableStepP",
            "mangledName": "$s18MobileWorkflowCore13BuildableStepP"
          }
        ]
      },
      {
        "kind": "Import",
        "name": "Foundation",
        "printedName": "Foundation",
        "declKind": "Import",
        "moduleName": "MWLottiePlugin",
        "declAttributes": [
          "RawDocComment"
        ]
      },
      {
        "kind": "Import",
        "name": "MobileWorkflowCore",
        "printedName": "MobileWorkflowCore",
        "declKind": "Import",
        "moduleName": "MWLottiePlugin"
      },
      {
        "kind": "TypeDecl",
        "name": "MWLottiePluginStruct",
        "printedName": "MWLottiePluginStruct",
        "children": [
          {
            "kind": "Var",
            "name": "allStepsTypes",
            "printedName": "allStepsTypes",
            "children": [
              {
                "kind": "TypeNominal",
                "name": "Array",
                "printedName": "[MobileWorkflowCore.StepType]",
                "children": [
                  {
                    "kind": "TypeNominal",
                    "name": "StepType",
                    "printedName": "MobileWorkflowCore.StepType",
                    "usr": "s:18MobileWorkflowCore8StepTypeP"
                  }
                ],
                "usr": "s:Sa"
              }
            ],
            "declKind": "Var",
            "usr": "s:14MWLottiePlugin0aB6StructV13allStepsTypesSay18MobileWorkflowCore8StepType_pGvpZ",
            "mangledName": "$s14MWLottiePlugin0aB6StructV13allStepsTypesSay18MobileWorkflowCore8StepType_pGvpZ",
            "moduleName": "MWLottiePlugin",
            "static": true,
            "declAttributes": [
              "AccessControl"
            ],
            "accessors": [
              {
                "kind": "Accessor",
                "name": "Get",
                "printedName": "Get()",
                "children": [
                  {
                    "kind": "TypeNominal",
                    "name": "Array",
                    "printedName": "[MobileWorkflowCore.StepType]",
                    "children": [
                      {
                        "kind": "TypeNominal",
                        "name": "StepType",
                        "printedName": "MobileWorkflowCore.StepType",
                        "usr": "s:18MobileWorkflowCore8StepTypeP"
                      }
                    ],
                    "usr": "s:Sa"
                  }
                ],
                "declKind": "Accessor",
                "usr": "s:14MWLottiePlugin0aB6StructV13allStepsTypesSay18MobileWorkflowCore8StepType_pGvgZ",
                "mangledName": "$s14MWLottiePlugin0aB6StructV13allStepsTypesSay18MobileWorkflowCore8StepType_pGvgZ",
                "moduleName": "MWLottiePlugin",
                "static": true,
                "accessorKind": "get"
              }
            ]
          }
        ],
        "declKind": "Struct",
        "usr": "s:14MWLottiePlugin0aB6StructV",
        "mangledName": "$s14MWLottiePlugin0aB6StructV",
        "moduleName": "MWLottiePlugin",
        "declAttributes": [
          "AccessControl"
        ],
        "conformances": [
          {
            "kind": "Conformance",
            "name": "Plugin",
            "printedName": "Plugin",
            "usr": "s:18MobileWorkflowCore6PluginP",
            "mangledName": "$s18MobileWorkflowCore6PluginP"
          }
        ]
      },
      {
        "kind": "TypeDecl",
        "name": "MWLottieStepType",
        "printedName": "MWLottieStepType",
        "children": [
          {
            "kind": "Var",
            "name": "instructions",
            "printedName": "instructions",
            "children": [
              {
                "kind": "TypeFunc",
                "name": "Function",
                "printedName": "(MWLottiePlugin.MWLottieStepType.Type) -> MWLottiePlugin.MWLottieStepType",
                "children": [
                  {
                    "kind": "TypeNominal",
                    "name": "MWLottieStepType",
                    "printedName": "MWLottiePlugin.MWLottieStepType",
                    "usr": "s:14MWLottiePlugin0A8StepTypeO"
                  },
                  {
                    "kind": "TypeNominal",
                    "name": "Metatype",
                    "printedName": "MWLottiePlugin.MWLottieStepType.Type",
                    "children": [
                      {
                        "kind": "TypeNominal",
                        "name": "MWLottieStepType",
                        "printedName": "MWLottiePlugin.MWLottieStepType",
                        "usr": "s:14MWLottiePlugin0A8StepTypeO"
                      }
                    ]
                  }
                ]
              }
            ],
            "declKind": "EnumElement",
            "usr": "s:14MWLottiePlugin0A8StepTypeO12instructionsyA2CmF",
            "mangledName": "$s14MWLottiePlugin0A8StepTypeO12instructionsyA2CmF",
            "moduleName": "MWLottiePlugin"
          },
          {
            "kind": "Var",
            "name": "typeName",
            "printedName": "typeName",
            "children": [
              {
                "kind": "TypeNominal",
                "name": "String",
                "printedName": "Swift.String",
                "usr": "s:SS"
              }
            ],
            "declKind": "Var",
            "usr": "s:14MWLottiePlugin0A8StepTypeO8typeNameSSvp",
            "mangledName": "$s14MWLottiePlugin0A8StepTypeO8typeNameSSvp",
            "moduleName": "MWLottiePlugin",
            "declAttributes": [
              "AccessControl"
            ],
            "accessors": [
              {
                "kind": "Accessor",
                "name": "Get",
                "printedName": "Get()",
                "children": [
                  {
                    "kind": "TypeNominal",
                    "name": "String",
                    "printedName": "Swift.String",
                    "usr": "s:SS"
                  }
                ],
                "declKind": "Accessor",
                "usr": "s:14MWLottiePlugin0A8StepTypeO8typeNameSSvg",
                "mangledName": "$s14MWLottiePlugin0A8StepTypeO8typeNameSSvg",
                "moduleName": "MWLottiePlugin",
                "accessorKind": "get"
              }
            ]
          },
          {
            "kind": "Var",
            "name": "stepClass",
            "printedName": "stepClass",
            "children": [
              {
                "kind": "TypeNominal",
                "name": "ExistentialMetatype",
                "printedName": "MobileWorkflowCore.BuildableStep.Type",
                "children": [
                  {
                    "kind": "TypeNominal",
                    "name": "BuildableStep",
                    "printedName": "MobileWorkflowCore.BuildableStep",
                    "usr": "s:18MobileWorkflowCore13BuildableStepP"
                  }
                ]
              }
            ],
            "declKind": "Var",
            "usr": "s:14MWLottiePlugin0A8StepTypeO9stepClass18MobileWorkflowCore09BuildableC0_pXpvp",
            "mangledName": "$s14MWLottiePlugin0A8StepTypeO9stepClass18MobileWorkflowCore09BuildableC0_pXpvp",
            "moduleName": "MWLottiePlugin",
            "declAttributes": [
              "AccessControl"
            ],
            "accessors": [
              {
                "kind": "Accessor",
                "name": "Get",
                "printedName": "Get()",
                "children": [
                  {
                    "kind": "TypeNominal",
                    "name": "ExistentialMetatype",
                    "printedName": "MobileWorkflowCore.BuildableStep.Type",
                    "children": [
                      {
                        "kind": "TypeNominal",
                        "name": "BuildableStep",
                        "printedName": "MobileWorkflowCore.BuildableStep",
                        "usr": "s:18MobileWorkflowCore13BuildableStepP"
                      }
                    ]
                  }
                ],
                "declKind": "Accessor",
                "usr": "s:14MWLottiePlugin0A8StepTypeO9stepClass18MobileWorkflowCore09BuildableC0_pXpvg",
                "mangledName": "$s14MWLottiePlugin0A8StepTypeO9stepClass18MobileWorkflowCore09BuildableC0_pXpvg",
                "moduleName": "MWLottiePlugin",
                "accessorKind": "get"
              }
            ]
          },
          {
            "kind": "Constructor",
            "name": "init",
            "printedName": "init(rawValue:)",
            "children": [
              {
                "kind": "TypeNominal",
                "name": "Optional",
                "printedName": "MWLottiePlugin.MWLottieStepType?",
                "children": [
                  {
                    "kind": "TypeNominal",
                    "name": "MWLottieStepType",
                    "printedName": "MWLottiePlugin.MWLottieStepType",
                    "usr": "s:14MWLottiePlugin0A8StepTypeO"
                  }
                ],
                "usr": "s:Sq"
              },
              {
                "kind": "TypeNominal",
                "name": "String",
                "printedName": "Swift.String",
                "usr": "s:SS"
              }
            ],
            "declKind": "Constructor",
            "usr": "s:14MWLottiePlugin0A8StepTypeO8rawValueACSgSS_tcfc",
            "mangledName": "$s14MWLottiePlugin0A8StepTypeO8rawValueACSgSS_tcfc",
            "moduleName": "MWLottiePlugin",
            "implicit": true,
            "init_kind": "Designated"
          },
          {
            "kind": "Var",
            "name": "rawValue",
            "printedName": "rawValue",
            "children": [
              {
                "kind": "TypeNominal",
                "name": "String",
                "printedName": "Swift.String",
                "usr": "s:SS"
              }
            ],
            "declKind": "Var",
            "usr": "s:14MWLottiePlugin0A8StepTypeO8rawValueSSvp",
            "mangledName": "$s14MWLottiePlugin0A8StepTypeO8rawValueSSvp",
            "moduleName": "MWLottiePlugin",
            "implicit": true,
            "accessors": [
              {
                "kind": "Accessor",
                "name": "Get",
                "printedName": "Get()",
                "children": [
                  {
                    "kind": "TypeNominal",
                    "name": "String",
                    "printedName": "Swift.String",
                    "usr": "s:SS"
                  }
                ],
                "declKind": "Accessor",
                "usr": "s:14MWLottiePlugin0A8StepTypeO8rawValueSSvg",
                "mangledName": "$s14MWLottiePlugin0A8StepTypeO8rawValueSSvg",
                "moduleName": "MWLottiePlugin",
                "implicit": true,
                "accessorKind": "get"
              }
            ]
          },
          {
            "kind": "Var",
            "name": "allCases",
            "printedName": "allCases",
            "children": [
              {
                "kind": "TypeNominal",
                "name": "Array",
                "printedName": "[MWLottiePlugin.MWLottieStepType]",
                "children": [
                  {
                    "kind": "TypeNominal",
                    "name": "MWLottieStepType",
                    "printedName": "MWLottiePlugin.MWLottieStepType",
                    "usr": "s:14MWLottiePlugin0A8StepTypeO"
                  }
                ],
                "usr": "s:Sa"
              }
            ],
            "declKind": "Var",
            "usr": "s:14MWLottiePlugin0A8StepTypeO8allCasesSayACGvpZ",
            "mangledName": "$s14MWLottiePlugin0A8StepTypeO8allCasesSayACGvpZ",
            "moduleName": "MWLottiePlugin",
            "static": true,
            "implicit": true,
            "accessors": [
              {
                "kind": "Accessor",
                "name": "Get",
                "printedName": "Get()",
                "children": [
                  {
                    "kind": "TypeNominal",
                    "name": "Array",
                    "printedName": "[MWLottiePlugin.MWLottieStepType]",
                    "children": [
                      {
                        "kind": "TypeNominal",
                        "name": "MWLottieStepType",
                        "printedName": "MWLottiePlugin.MWLottieStepType",
                        "usr": "s:14MWLottiePlugin0A8StepTypeO"
                      }
                    ],
                    "usr": "s:Sa"
                  }
                ],
                "declKind": "Accessor",
                "usr": "s:14MWLottiePlugin0A8StepTypeO8allCasesSayACGvgZ",
                "mangledName": "$s14MWLottiePlugin0A8StepTypeO8allCasesSayACGvgZ",
                "moduleName": "MWLottiePlugin",
                "static": true,
                "implicit": true,
                "accessorKind": "get"
              }
            ]
          }
        ],
        "declKind": "Enum",
        "usr": "s:14MWLottiePlugin0A8StepTypeO",
        "mangledName": "$s14MWLottiePlugin0A8StepTypeO",
        "moduleName": "MWLottiePlugin",
        "declAttributes": [
          "AccessControl"
        ],
        "enumRawTypeName": "String",
        "conformances": [
          {
            "kind": "Conformance",
            "name": "Equatable",
            "printedName": "Equatable",
            "usr": "s:SQ",
            "mangledName": "$sSQ"
          },
          {
            "kind": "Conformance",
            "name": "Hashable",
            "printedName": "Hashable",
            "usr": "s:SH",
            "mangledName": "$sSH"
          },
          {
            "kind": "Conformance",
            "name": "RawRepresentable",
            "printedName": "RawRepresentable",
            "children": [
              {
                "kind": "TypeWitness",
                "name": "RawValue",
                "printedName": "RawValue",
                "children": [
                  {
                    "kind": "TypeNominal",
                    "name": "String",
                    "printedName": "Swift.String",
                    "usr": "s:SS"
                  }
                ]
              }
            ],
            "usr": "s:SY",
            "mangledName": "$sSY"
          },
          {
            "kind": "Conformance",
            "name": "StepType",
            "printedName": "StepType",
            "usr": "s:18MobileWorkflowCore8StepTypeP",
            "mangledName": "$s18MobileWorkflowCore8StepTypeP"
          },
          {
            "kind": "Conformance",
            "name": "CaseIterable",
            "printedName": "CaseIterable",
            "children": [
              {
                "kind": "TypeWitness",
                "name": "AllCases",
                "printedName": "AllCases",
                "children": [
                  {
                    "kind": "TypeNominal",
                    "name": "Array",
                    "printedName": "[MWLottiePlugin.MWLottieStepType]",
                    "children": [
                      {
                        "kind": "TypeNominal",
                        "name": "MWLottieStepType",
                        "printedName": "MWLottiePlugin.MWLottieStepType",
                        "usr": "s:14MWLottiePlugin0A8StepTypeO"
                      }
                    ],
                    "usr": "s:Sa"
                  }
                ]
              }
            ],
            "usr": "s:s12CaseIterableP",
            "mangledName": "$ss12CaseIterableP"
          },
          {
            "kind": "Conformance",
            "name": "NamedType",
            "printedName": "NamedType",
            "usr": "s:18MobileWorkflowCore9NamedTypeP",
            "mangledName": "$s18MobileWorkflowCore9NamedTypeP"
          }
        ]
      }
    ],
    "json_format_version": 8
  },
  "ConstValues": [
    {
      "filePath": "\/Users\/vagrant\/git\/project\/MWLottiePlugin\/MWLottiePlugin\/LottieStep\/MWLottieStep.swift",
      "kind": "StringLiteral",
      "offset": 161,
      "length": 12,
      "value": "\"MWLottiePlugin.MWLottieStep\""
    },
    {
      "filePath": "\/Users\/vagrant\/git\/project\/MWLottiePlugin\/MWLottiePlugin\/MWLottiePluginStruct.swift",
      "kind": "StringLiteral",
      "offset": 374,
      "length": 38,
      "value": "\"io.mobileworkflow.LottieInstructions\""
    },
    {
      "filePath": "\/Users\/vagrant\/git\/project\/MWLottiePlugin\/MWLottiePlugin\/MWLottiePluginStruct.swift",
      "kind": "StringLiteral",
      "offset": 374,
      "length": 38,
      "value": "\"io.mobileworkflow.LottieInstructions\""
    }
  ]
}