{
  "ABIRoot": {
    "kind": "Root",
    "name": "TopLevel",
    "printedName": "TopLevel",
    "children": [
      {
        "kind": "Import",
        "name": "Foundation",
        "printedName": "Foundation",
        "declKind": "Import",
        "moduleName": "MWServiceNowPlugin",
        "declAttributes": [
          "RawDocComment"
        ]
      },
      {
        "kind": "Import",
        "name": "MobileWorkflowCore",
        "printedName": "MobileWorkflowCore",
        "declKind": "Import",
        "moduleName": "MWServiceNowPlugin"
      },
      {
        "kind": "TypeDecl",
        "name": "MWServiceNowPluginStruct",
        "printedName": "MWServiceNowPluginStruct",
        "children": [
          {
            "kind": "Var",
            "name": "networkServiceType",
            "printedName": "networkServiceType",
            "children": [
              {
                "kind": "TypeNominal",
                "name": "ServiceType",
                "printedName": "MobileWorkflowCore.ServiceType",
                "usr": "s:18MobileWorkflowCore11ServiceTypeP"
              }
            ],
            "declKind": "Var",
            "usr": "s:18MWServiceNowPlugin0abC6StructV18networkServiceType18MobileWorkflowCore0fG0_pvpZ",
            "mangledName": "$s18MWServiceNowPlugin0abC6StructV18networkServiceType18MobileWorkflowCore0fG0_pvpZ",
            "moduleName": "MWServiceNowPlugin",
            "static": true,
            "declAttributes": [
              "AccessControl"
            ],
            "accessors": [
              {
                "kind": "Accessor",
                "name": "Get",
                "printedName": "Get()",
                "children": [
                  {
                    "kind": "TypeNominal",
                    "name": "ServiceType",
                    "printedName": "MobileWorkflowCore.ServiceType",
                    "usr": "s:18MobileWorkflowCore11ServiceTypeP"
                  }
                ],
                "declKind": "Accessor",
                "usr": "s:18MWServiceNowPlugin0abC6StructV18networkServiceType18MobileWorkflowCore0fG0_pvgZ",
                "mangledName": "$s18MWServiceNowPlugin0abC6StructV18networkServiceType18MobileWorkflowCore0fG0_pvgZ",
                "moduleName": "MWServiceNowPlugin",
                "static": true,
                "accessorKind": "get"
              }
            ]
          }
        ],
        "declKind": "Struct",
        "usr": "s:18MWServiceNowPlugin0abC6StructV",
        "mangledName": "$s18MWServiceNowPlugin0abC6StructV",
        "moduleName": "MWServiceNowPlugin",
        "declAttributes": [
          "AccessControl"
        ],
        "conformances": [
          {
            "kind": "Conformance",
            "name": "Plugin",
            "printedName": "Plugin",
            "usr": "s:18MobileWorkflowCore6PluginP",
            "mangledName": "$s18MobileWorkflowCore6PluginP"
          }
        ]
      },
      {
        "kind": "TypeDecl",
        "name": "ServiceNowError",
        "printedName": "ServiceNowError",
        "children": [
          {
            "kind": "Var",
            "name": "missingURL",
            "printedName": "missingURL",
            "children": [
              {
                "kind": "TypeFunc",
                "name": "Function",
                "printedName": "(MWServiceNowPlugin.ServiceNowError.Type) -> MWServiceNowPlugin.ServiceNowError",
                "children": [
                  {
                    "kind": "TypeNominal",
                    "name": "ServiceNowError",
                    "printedName": "MWServiceNowPlugin.ServiceNowError",
                    "usr": "s:18MWServiceNowPlugin07ServiceB5ErrorO"
                  },
                  {
                    "kind": "TypeNominal",
                    "name": "Metatype",
                    "printedName": "MWServiceNowPlugin.ServiceNowError.Type",
                    "children": [
                      {
                        "kind": "TypeNominal",
                        "name": "ServiceNowError",
                        "printedName": "MWServiceNowPlugin.ServiceNowError",
                        "usr": "s:18MWServiceNowPlugin07ServiceB5ErrorO"
                      }
                    ]
                  }
                ]
              }
            ],
            "declKind": "EnumElement",
            "usr": "s:18MWServiceNowPlugin07ServiceB5ErrorO10missingURLyA2CmF",
            "mangledName": "$s18MWServiceNowPlugin07ServiceB5ErrorO10missingURLyA2CmF",
            "moduleName": "MWServiceNowPlugin"
          },
          {
            "kind": "Var",
            "name": "unableToResolveURL",
            "printedName": "unableToResolveURL",
            "children": [
              {
                "kind": "TypeFunc",
                "name": "Function",
                "printedName": "(MWServiceNowPlugin.ServiceNowError.Type) -> MWServiceNowPlugin.ServiceNowError",
                "children": [
                  {
                    "kind": "TypeNominal",
                    "name": "ServiceNowError",
                    "printedName": "MWServiceNowPlugin.ServiceNowError",
                    "usr": "s:18MWServiceNowPlugin07ServiceB5ErrorO"
                  },
                  {
                    "kind": "TypeNominal",
                    "name": "Metatype",
                    "printedName": "MWServiceNowPlugin.ServiceNowError.Type",
                    "children": [
                      {
                        "kind": "TypeNominal",
                        "name": "ServiceNowError",
                        "printedName": "MWServiceNowPlugin.ServiceNowError",
                        "usr": "s:18MWServiceNowPlugin07ServiceB5ErrorO"
                      }
                    ]
                  }
                ]
              }
            ],
            "declKind": "EnumElement",
            "usr": "s:18MWServiceNowPlugin07ServiceB5ErrorO18unableToResolveURLyA2CmF",
            "mangledName": "$s18MWServiceNowPlugin07ServiceB5ErrorO18unableToResolveURLyA2CmF",
            "moduleName": "MWServiceNowPlugin"
          },
          {
            "kind": "Var",
            "name": "errorResponse",
            "printedName": "errorResponse",
            "children": [
              {
                "kind": "TypeFunc",
                "name": "Function",
                "printedName": "(MWServiceNowPlugin.ServiceNowError.Type) -> (Swift.String) -> MWServiceNowPlugin.ServiceNowError",
                "children": [
                  {
                    "kind": "TypeFunc",
                    "name": "Function",
                    "printedName": "(Swift.String) -> MWServiceNowPlugin.ServiceNowError",
                    "children": [
                      {
                        "kind": "TypeNominal",
                        "name": "ServiceNowError",
                        "printedName": "MWServiceNowPlugin.ServiceNowError",
                        "usr": "s:18MWServiceNowPlugin07ServiceB5ErrorO"
                      },
                      {
                        "kind": "TypeNominal",
                        "name": "Tuple",
                        "printedName": "(message: Swift.String)",
                        "children": [
                          {
                            "kind": "TypeNominal",
                            "name": "String",
                            "printedName": "Swift.String",
                            "usr": "s:SS"
                          }
                        ]
                      }
                    ]
                  },
                  {
                    "kind": "TypeNominal",
                    "name": "Metatype",
                    "printedName": "MWServiceNowPlugin.ServiceNowError.Type",
                    "children": [
                      {
                        "kind": "TypeNominal",
                        "name": "ServiceNowError",
                        "printedName": "MWServiceNowPlugin.ServiceNowError",
                        "usr": "s:18MWServiceNowPlugin07ServiceB5ErrorO"
                      }
                    ]
                  }
                ]
              }
            ],
            "declKind": "EnumElement",
            "usr": "s:18MWServiceNowPlugin07ServiceB5ErrorO13errorResponseyACSS_tcACmF",
            "mangledName": "$s18MWServiceNowPlugin07ServiceB5ErrorO13errorResponseyACSS_tcACmF",
            "moduleName": "MWServiceNowPlugin"
          },
          {
            "kind": "Var",
            "name": "errorDescription",
            "printedName": "errorDescription",
            "children": [
              {
                "kind": "TypeNominal",
                "name": "Optional",
                "printedName": "Swift.String?",
                "children": [
                  {
                    "kind": "TypeNominal",
                    "name": "String",
                    "printedName": "Swift.String",
                    "usr": "s:SS"
                  }
                ],
                "usr": "s:Sq"
              }
            ],
            "declKind": "Var",
            "usr": "s:18MWServiceNowPlugin07ServiceB5ErrorO16errorDescriptionSSSgvp",
            "mangledName": "$s18MWServiceNowPlugin07ServiceB5ErrorO16errorDescriptionSSSgvp",
            "moduleName": "MWServiceNowPlugin",
            "declAttributes": [
              "AccessControl"
            ],
            "accessors": [
              {
                "kind": "Accessor",
                "name": "Get",
                "printedName": "Get()",
                "children": [
                  {
                    "kind": "TypeNominal",
                    "name": "Optional",
                    "printedName": "Swift.String?",
                    "children": [
                      {
                        "kind": "TypeNominal",
                        "name": "String",
                        "printedName": "Swift.String",
                        "usr": "s:SS"
                      }
                    ],
                    "usr": "s:Sq"
                  }
                ],
                "declKind": "Accessor",
                "usr": "s:18MWServiceNowPlugin07ServiceB5ErrorO16errorDescriptionSSSgvg",
                "mangledName": "$s18MWServiceNowPlugin07ServiceB5ErrorO16errorDescriptionSSSgvg",
                "moduleName": "MWServiceNowPlugin",
                "accessorKind": "get"
              }
            ]
          },
          {
            "kind": "Var",
            "name": "description",
            "printedName": "description",
            "children": [
              {
                "kind": "TypeNominal",
                "name": "String",
                "printedName": "Swift.String",
                "usr": "s:SS"
              }
            ],
            "declKind": "Var",
            "usr": "s:18MWServiceNowPlugin07ServiceB5ErrorO11descriptionSSvp",
            "mangledName": "$s18MWServiceNowPlugin07ServiceB5ErrorO11descriptionSSvp",
            "moduleName": "MWServiceNowPlugin",
            "declAttributes": [
              "AccessControl"
            ],
            "accessors": [
              {
                "kind": "Accessor",
                "name": "Get",
                "printedName": "Get()",
                "children": [
                  {
                    "kind": "TypeNominal",
                    "name": "String",
                    "printedName": "Swift.String",
                    "usr": "s:SS"
                  }
                ],
                "declKind": "Accessor",
                "usr": "s:18MWServiceNowPlugin07ServiceB5ErrorO11descriptionSSvg",
                "mangledName": "$s18MWServiceNowPlugin07ServiceB5ErrorO11descriptionSSvg",
                "moduleName": "MWServiceNowPlugin",
                "accessorKind": "get"
              }
            ]
          }
        ],
        "declKind": "Enum",
        "usr": "s:18MWServiceNowPlugin07ServiceB5ErrorO",
        "mangledName": "$s18MWServiceNowPlugin07ServiceB5ErrorO",
        "moduleName": "MWServiceNowPlugin",
        "declAttributes": [
          "AccessControl"
        ],
        "conformances": [
          {
            "kind": "Conformance",
            "name": "LocalizedError",
            "printedName": "LocalizedError",
            "usr": "s:10Foundation14LocalizedErrorP",
            "mangledName": "$s10Foundation14LocalizedErrorP"
          },
          {
            "kind": "Conformance",
            "name": "Error",
            "printedName": "Error",
            "usr": "s:s5ErrorP",
            "mangledName": "$ss5ErrorP"
          },
          {
            "kind": "Conformance",
            "name": "Sendable",
            "printedName": "Sendable",
            "usr": "s:s8SendableP",
            "mangledName": "$ss8SendableP"
          }
        ]
      },
      {
        "kind": "Import",
        "name": "Foundation",
        "printedName": "Foundation",
        "declKind": "Import",
        "moduleName": "MWServiceNowPlugin",
        "declAttributes": [
          "RawDocComment"
        ]
      },
      {
        "kind": "Import",
        "name": "MobileWorkflowCore",
        "printedName": "MobileWorkflowCore",
        "declKind": "Import",
        "moduleName": "MWServiceNowPlugin"
      },
      {
        "kind": "TypeDecl",
        "name": "ServiceNowAsyncTaskService",
        "printedName": "ServiceNowAsyncTaskService",
        "children": [
          {
            "kind": "Var",
            "name": "serverURL",
            "printedName": "serverURL",
            "children": [
              {
                "kind": "TypeNominal",
                "name": "String",
                "printedName": "Swift.String",
                "usr": "s:SS"
              }
            ],
            "declKind": "Var",
            "usr": "s:18MWServiceNowPlugin07Serviceb9AsyncTaskD0C9serverURLSSvp",
            "mangledName": "$s18MWServiceNowPlugin07Serviceb9AsyncTaskD0C9serverURLSSvp",
            "moduleName": "MWServiceNowPlugin",
            "declAttributes": [
              "Final",
              "HasStorage",
              "AccessControl"
            ],
            "isLet": true,
            "hasStorage": true,
            "accessors": [
              {
                "kind": "Accessor",
                "name": "Get",
                "printedName": "Get()",
                "children": [
                  {
                    "kind": "TypeNominal",
                    "name": "String",
                    "printedName": "Swift.String",
                    "usr": "s:SS"
                  }
                ],
                "declKind": "Accessor",
                "usr": "s:18MWServiceNowPlugin07Serviceb9AsyncTaskD0C9serverURLSSvg",
                "mangledName": "$s18MWServiceNowPlugin07Serviceb9AsyncTaskD0C9serverURLSSvg",
                "moduleName": "MWServiceNowPlugin",
                "implicit": true,
                "declAttributes": [
                  "Final"
                ],
                "accessorKind": "get"
              }
            ]
          },
          {
            "kind": "Constructor",
            "name": "init",
            "printedName": "init(serverURL:)",
            "children": [
              {
                "kind": "TypeNominal",
                "name": "ServiceNowAsyncTaskService",
                "printedName": "MWServiceNowPlugin.ServiceNowAsyncTaskService",
                "usr": "s:18MWServiceNowPlugin07Serviceb9AsyncTaskD0C"
              },
              {
                "kind": "TypeNominal",
                "name": "String",
                "printedName": "Swift.String",
                "usr": "s:SS"
              }
            ],
            "declKind": "Constructor",
            "usr": "s:18MWServiceNowPlugin07Serviceb9AsyncTaskD0C9serverURLACSS_tcfc",
            "mangledName": "$s18MWServiceNowPlugin07Serviceb9AsyncTaskD0C9serverURLACSS_tcfc",
            "moduleName": "MWServiceNowPlugin",
            "declAttributes": [
              "AccessControl",
              "RawDocComment"
            ],
            "init_kind": "Designated"
          },
          {
            "kind": "Function",
            "name": "canPerform",
            "printedName": "canPerform(task:)",
            "children": [
              {
                "kind": "TypeNominal",
                "name": "Bool",
                "printedName": "Swift.Bool",
                "usr": "s:Sb"
              },
              {
                "kind": "TypeNominal",
                "name": "GenericTypeParam",
                "printedName": "τ_0_0"
              }
            ],
            "declKind": "Func",
            "usr": "s:18MWServiceNowPlugin07Serviceb9AsyncTaskD0C10canPerform4taskSbx_t18MobileWorkflowCore0eF0RzlF",
            "mangledName": "$s18MWServiceNowPlugin07Serviceb9AsyncTaskD0C10canPerform4taskSbx_t18MobileWorkflowCore0eF0RzlF",
            "moduleName": "MWServiceNowPlugin",
            "genericSig": "<τ_0_0 where τ_0_0 : MobileWorkflowCore.AsyncTask>",
            "sugared_genericSig": "<T where T : MobileWorkflowCore.AsyncTask>",
            "declAttributes": [
              "AccessControl",
              "RawDocComment"
            ],
            "funcSelfKind": "NonMutating"
          },
          {
            "kind": "Function",
            "name": "perform",
            "printedName": "perform(task:session:)",
            "children": [
              {
                "kind": "TypeNominal",
                "name": "DependentMember",
                "printedName": "τ_0_0.Response"
              },
              {
                "kind": "TypeNominal",
                "name": "GenericTypeParam",
                "printedName": "τ_0_0"
              },
              {
                "kind": "TypeNominal",
                "name": "ContentProvider",
                "printedName": "MobileWorkflowCore.ContentProvider",
                "usr": "s:18MobileWorkflowCore15ContentProviderP"
              }
            ],
            "declKind": "Func",
            "usr": "s:18MWServiceNowPlugin07Serviceb9AsyncTaskD0C7perform4task7session8ResponseQzx_18MobileWorkflowCore15ContentProvider_ptYaKAI0eF0RzlF",
            "mangledName": "$s18MWServiceNowPlugin07Serviceb9AsyncTaskD0C7perform4task7session8ResponseQzx_18MobileWorkflowCore15ContentProvider_ptYaKAI0eF0RzlF",
            "moduleName": "MWServiceNowPlugin",
            "genericSig": "<τ_0_0 where τ_0_0 : MobileWorkflowCore.AsyncTask>",
            "sugared_genericSig": "<T where T : MobileWorkflowCore.AsyncTask>",
            "declAttributes": [
              "AccessControl"
            ],
            "throwing": true,
            "funcSelfKind": "NonMutating"
          },
          {
            "kind": "Constructor",
            "name": "init",
            "printedName": "init(from:)",
            "children": [
              {
                "kind": "TypeNominal",
                "name": "ServiceNowAsyncTaskService",
                "printedName": "MWServiceNowPlugin.ServiceNowAsyncTaskService",
                "usr": "s:18MWServiceNowPlugin07Serviceb9AsyncTaskD0C"
              },
              {
                "kind": "TypeNominal",
                "name": "Decoder",
                "printedName": "Swift.Decoder",
                "usr": "s:s7DecoderP"
              }
            ],
            "declKind": "Constructor",
            "usr": "s:18MWServiceNowPlugin07Serviceb9AsyncTaskD0C4fromACs7Decoder_p_tKcfc",
            "mangledName": "$s18MWServiceNowPlugin07Serviceb9AsyncTaskD0C4fromACs7Decoder_p_tKcfc",
            "moduleName": "MWServiceNowPlugin",
            "implicit": true,
            "declAttributes": [
              "Required"
            ],
            "throwing": true,
            "init_kind": "Designated"
          }
        ],
        "declKind": "Class",
        "usr": "s:18MWServiceNowPlugin07Serviceb9AsyncTaskD0C",
        "mangledName": "$s18MWServiceNowPlugin07Serviceb9AsyncTaskD0C",
        "moduleName": "MWServiceNowPlugin",
        "declAttributes": [
          "AccessControl"
        ],
        "conformances": [
          {
            "kind": "Conformance",
            "name": "AsyncTaskService",
            "printedName": "AsyncTaskService",
            "usr": "s:18MobileWorkflowCore16AsyncTaskServiceP",
            "mangledName": "$s18MobileWorkflowCore16AsyncTaskServiceP"
          },
          {
            "kind": "Conformance",
            "name": "Decodable",
            "printedName": "Decodable",
            "usr": "s:Se",
            "mangledName": "$sSe"
          },
          {
            "kind": "Conformance",
            "name": "Reinitializable",
            "printedName": "Reinitializable",
            "usr": "s:18MobileWorkflowCore15ReinitializableP",
            "mangledName": "$s18MobileWorkflowCore15ReinitializableP"
          },
          {
            "kind": "Conformance",
            "name": "TaskExecutor",
            "printedName": "TaskExecutor",
            "usr": "s:18MobileWorkflowCore12TaskExecutorP",
            "mangledName": "$s18MobileWorkflowCore12TaskExecutorP"
          }
        ]
      }
    ],
    "json_format_version": 8
  },
  "ConstValues": [
    {
      "filePath": "\/Users\/vagrant\/git\/project\/MWServiceNowPlugin\/MWServiceNowPlugin\/MWServiceNowPluginStruct.swift",
      "kind": "StringLiteral",
      "offset": 790,
      "length": 21,
      "value": "\"Path URL is missing\""
    },
    {
      "filePath": "\/Users\/vagrant\/git\/project\/MWServiceNowPlugin\/MWServiceNowPlugin\/MWServiceNowPluginStruct.swift",
      "kind": "StringLiteral",
      "offset": 857,
      "length": 35,
      "value": "\"Failed to construct the final URL\""
    }
  ]
}