{
  "ABIRoot": {
    "kind": "Root",
    "name": "TopLevel",
    "printedName": "TopLevel",
    "children": [
      {
        "kind": "Import",
        "name": "SwiftUI",
        "printedName": "SwiftUI",
        "declKind": "Import",
        "moduleName": "MWStretchyHeaderPlugin",
        "declAttributes": [
          "RawDocComment"
        ]
      },
      {
        "kind": "Import",
        "name": "SwiftUI",
        "printedName": "SwiftUI",
        "declKind": "Import",
        "moduleName": "MWStretchyHeaderPlugin",
        "declAttributes": [
          "RawDocComment"
        ]
      },
      {
        "kind": "Import",
        "name": "SwiftUI",
        "printedName": "SwiftUI",
        "declKind": "Import",
        "moduleName": "MWStretchyHeaderPlugin",
        "declAttributes": [
          "RawDocComment"
        ]
      },
      {
        "kind": "Import",
        "name": "MobileWorkflowCore",
        "printedName": "MobileWorkflowCore",
        "declKind": "Import",
        "moduleName": "MWStretchyHeaderPlugin"
      },
      {
        "kind": "Import",
        "name": "Foundation",
        "printedName": "Foundation",
        "declKind": "Import",
        "moduleName": "MWStretchyHeaderPlugin",
        "declAttributes": [
          "RawDocComment"
        ]
      },
      {
        "kind": "Import",
        "name": "Foundation",
        "printedName": "Foundation",
        "declKind": "Import",
        "moduleName": "MWStretchyHeaderPlugin",
        "declAttributes": [
          "RawDocComment"
        ]
      },
      {
        "kind": "Import",
        "name": "MobileWorkflowCore",
        "printedName": "MobileWorkflowCore",
        "declKind": "Import",
        "moduleName": "MWStretchyHeaderPlugin"
      },
      {
        "kind": "TypeDecl",
        "name": "MWStretchyHeaderPluginStruct",
        "printedName": "MWStretchyHeaderPluginStruct",
        "children": [
          {
            "kind": "Var",
            "name": "allStepsTypes",
            "printedName": "allStepsTypes",
            "children": [
              {
                "kind": "TypeNominal",
                "name": "Array",
                "printedName": "[MobileWorkflowCore.StepType]",
                "children": [
                  {
                    "kind": "TypeNominal",
                    "name": "StepType",
                    "printedName": "MobileWorkflowCore.StepType",
                    "usr": "s:18MobileWorkflowCore8StepTypeP"
                  }
                ],
                "usr": "s:Sa"
              }
            ],
            "declKind": "Var",
            "usr": "s:22MWStretchyHeaderPlugin0abC6StructV13allStepsTypesSay18MobileWorkflowCore8StepType_pGvpZ",
            "mangledName": "$s22MWStretchyHeaderPlugin0abC6StructV13allStepsTypesSay18MobileWorkflowCore8StepType_pGvpZ",
            "moduleName": "MWStretchyHeaderPlugin",
            "static": true,
            "declAttributes": [
              "AccessControl"
            ],
            "accessors": [
              {
                "kind": "Accessor",
                "name": "Get",
                "printedName": "Get()",
                "children": [
                  {
                    "kind": "TypeNominal",
                    "name": "Array",
                    "printedName": "[MobileWorkflowCore.StepType]",
                    "children": [
                      {
                        "kind": "TypeNominal",
                        "name": "StepType",
                        "printedName": "MobileWorkflowCore.StepType",
                        "usr": "s:18MobileWorkflowCore8StepTypeP"
                      }
                    ],
                    "usr": "s:Sa"
                  }
                ],
                "declKind": "Accessor",
                "usr": "s:22MWStretchyHeaderPlugin0abC6StructV13allStepsTypesSay18MobileWorkflowCore8StepType_pGvgZ",
                "mangledName": "$s22MWStretchyHeaderPlugin0abC6StructV13allStepsTypesSay18MobileWorkflowCore8StepType_pGvgZ",
                "moduleName": "MWStretchyHeaderPlugin",
                "static": true,
                "accessorKind": "get"
              }
            ]
          }
        ],
        "declKind": "Struct",
        "usr": "s:22MWStretchyHeaderPlugin0abC6StructV",
        "mangledName": "$s22MWStretchyHeaderPlugin0abC6StructV",
        "moduleName": "MWStretchyHeaderPlugin",
        "declAttributes": [
          "AccessControl"
        ],
        "conformances": [
          {
            "kind": "Conformance",
            "name": "Plugin",
            "printedName": "Plugin",
            "usr": "s:18MobileWorkflowCore6PluginP",
            "mangledName": "$s18MobileWorkflowCore6PluginP"
          }
        ]
      },
      {
        "kind": "Import",
        "name": "SwiftUI",
        "printedName": "SwiftUI",
        "declKind": "Import",
        "moduleName": "MWStretchyHeaderPlugin",
        "declAttributes": [
          "RawDocComment"
        ]
      },
      {
        "kind": "Import",
        "name": "Foundation",
        "printedName": "Foundation",
        "declKind": "Import",
        "moduleName": "MWStretchyHeaderPlugin",
        "declAttributes": [
          "RawDocComment"
        ]
      },
      {
        "kind": "Import",
        "name": "SwiftUI",
        "printedName": "SwiftUI",
        "declKind": "Import",
        "moduleName": "MWStretchyHeaderPlugin",
        "declAttributes": [
          "RawDocComment"
        ]
      },
      {
        "kind": "Import",
        "name": "MobileWorkflowCore",
        "printedName": "MobileWorkflowCore",
        "declKind": "Import",
        "moduleName": "MWStretchyHeaderPlugin"
      },
      {
        "kind": "Import",
        "name": "SwiftUI",
        "printedName": "SwiftUI",
        "declKind": "Import",
        "moduleName": "MWStretchyHeaderPlugin",
        "declAttributes": [
          "RawDocComment"
        ]
      },
      {
        "kind": "Import",
        "name": "MobileWorkflowCore",
        "printedName": "MobileWorkflowCore",
        "declKind": "Import",
        "moduleName": "MWStretchyHeaderPlugin"
      },
      {
        "kind": "Import",
        "name": "Foundation",
        "printedName": "Foundation",
        "declKind": "Import",
        "moduleName": "MWStretchyHeaderPlugin",
        "declAttributes": [
          "RawDocComment"
        ]
      },
      {
        "kind": "Import",
        "name": "MobileWorkflowCore",
        "printedName": "MobileWorkflowCore",
        "declKind": "Import",
        "moduleName": "MWStretchyHeaderPlugin"
      },
      {
        "kind": "TypeDecl",
        "name": "StretchyHeaderStackStep",
        "printedName": "StretchyHeaderStackStep",
        "children": [
          {
            "kind": "Function",
            "name": "instantiateViewController",
            "printedName": "instantiateViewController()",
            "children": [
              {
                "kind": "TypeNominal",
                "name": "StepViewController",
                "printedName": "MobileWorkflowCore.StepViewController",
                "usr": "s:18MobileWorkflowCore18StepViewControllerP"
              }
            ],
            "declKind": "Func",
            "usr": "s:22MWStretchyHeaderPlugin08StretchyB9StackStepC25instantiateViewController18MobileWorkflowCore0fhI0_pyF",
            "mangledName": "$s22MWStretchyHeaderPlugin08StretchyB9StackStepC25instantiateViewController18MobileWorkflowCore0fhI0_pyF",
            "moduleName": "MWStretchyHeaderPlugin",
            "overriding": true,
            "declAttributes": [
              "Override",
              "AccessControl"
            ],
            "funcSelfKind": "NonMutating"
          },
          {
            "kind": "Constructor",
            "name": "init",
            "printedName": "init(identifier:title:text:theme:links:navigationItems:)",
            "children": [
              {
                "kind": "TypeNominal",
                "name": "StretchyHeaderStackStep",
                "printedName": "MWStretchyHeaderPlugin.StretchyHeaderStackStep",
                "usr": "s:22MWStretchyHeaderPlugin08StretchyB9StackStepC"
              },
              {
                "kind": "TypeNominal",
                "name": "String",
                "printedName": "Swift.String",
                "usr": "s:SS"
              },
              {
                "kind": "TypeNominal",
                "name": "Optional",
                "printedName": "Swift.String?",
                "children": [
                  {
                    "kind": "TypeNominal",
                    "name": "String",
                    "printedName": "Swift.String",
                    "usr": "s:SS"
                  }
                ],
                "hasDefaultArg": true,
                "usr": "s:Sq"
              },
              {
                "kind": "TypeNominal",
                "name": "Optional",
                "printedName": "Swift.String?",
                "children": [
                  {
                    "kind": "TypeNominal",
                    "name": "String",
                    "printedName": "Swift.String",
                    "usr": "s:SS"
                  }
                ],
                "hasDefaultArg": true,
                "usr": "s:Sq"
              },
              {
                "kind": "TypeNominal",
                "name": "Theme",
                "printedName": "MobileWorkflowCore.Theme",
                "hasDefaultArg": true,
                "usr": "s:18MobileWorkflowCore5ThemeV"
              },
              {
                "kind": "TypeNominal",
                "name": "Array",
                "printedName": "[MobileWorkflowCore.StepLink]",
                "children": [
                  {
                    "kind": "TypeNominal",
                    "name": "StepLink",
                    "printedName": "MobileWorkflowCore.StepLink",
                    "usr": "s:18MobileWorkflowCore8StepLinkV"
                  }
                ],
                "hasDefaultArg": true,
                "usr": "s:Sa"
              },
              {
                "kind": "TypeNominal",
                "name": "Array",
                "printedName": "[MobileWorkflowCore.StepNavigationItem]",
                "children": [
                  {
                    "kind": "TypeNominal",
                    "name": "StepNavigationItem",
                    "printedName": "MobileWorkflowCore.StepNavigationItem",
                    "usr": "s:18MobileWorkflowCore18StepNavigationItemV"
                  }
                ],
                "hasDefaultArg": true,
                "usr": "s:Sa"
              }
            ],
            "declKind": "Constructor",
            "usr": "s:22MWStretchyHeaderPlugin08StretchyB9StackStepC10identifier5title4text5theme5links15navigationItemsACSS_SSSgAJ18MobileWorkflowCore5ThemeVSayAK0F4LinkVGSayAK0F14NavigationItemVGtcfc",
            "mangledName": "$s22MWStretchyHeaderPlugin08StretchyB9StackStepC10identifier5title4text5theme5links15navigationItemsACSS_SSSgAJ18MobileWorkflowCore5ThemeVSayAK0F4LinkVGSayAK0F14NavigationItemVGtcfc",
            "moduleName": "MWStretchyHeaderPlugin",
            "overriding": true,
            "implicit": true,
            "declAttributes": [
              "Override"
            ],
            "init_kind": "Designated"
          },
          {
            "kind": "Var",
            "name": "mandatoryCodingPaths",
            "printedName": "mandatoryCodingPaths",
            "children": [
              {
                "kind": "TypeNominal",
                "name": "Array",
                "printedName": "[Swift.CodingKey]",
                "children": [
                  {
                    "kind": "TypeNominal",
                    "name": "CodingKey",
                    "printedName": "Swift.CodingKey",
                    "usr": "s:s9CodingKeyP"
                  }
                ],
                "usr": "s:Sa"
              }
            ],
            "declKind": "Var",
            "usr": "s:22MWStretchyHeaderPlugin08StretchyB9StackStepC20mandatoryCodingPathsSays0H3Key_pGvpZ",
            "mangledName": "$s22MWStretchyHeaderPlugin08StretchyB9StackStepC20mandatoryCodingPathsSays0H3Key_pGvpZ",
            "moduleName": "MWStretchyHeaderPlugin",
            "static": true,
            "declAttributes": [
              "Final",
              "AccessControl"
            ],
            "isFromExtension": true,
            "accessors": [
              {
                "kind": "Accessor",
                "name": "Get",
                "printedName": "Get()",
                "children": [
                  {
                    "kind": "TypeNominal",
                    "name": "Array",
                    "printedName": "[Swift.CodingKey]",
                    "children": [
                      {
                        "kind": "TypeNominal",
                        "name": "CodingKey",
                        "printedName": "Swift.CodingKey",
                        "usr": "s:s9CodingKeyP"
                      }
                    ],
                    "usr": "s:Sa"
                  }
                ],
                "declKind": "Accessor",
                "usr": "s:22MWStretchyHeaderPlugin08StretchyB9StackStepC20mandatoryCodingPathsSays0H3Key_pGvgZ",
                "mangledName": "$s22MWStretchyHeaderPlugin08StretchyB9StackStepC20mandatoryCodingPathsSays0H3Key_pGvgZ",
                "moduleName": "MWStretchyHeaderPlugin",
                "static": true,
                "declAttributes": [
                  "Final"
                ],
                "isFromExtension": true,
                "accessorKind": "get"
              }
            ]
          },
          {
            "kind": "Function",
            "name": "build",
            "printedName": "build(stepInfo:services:)",
            "children": [
              {
                "kind": "TypeNominal",
                "name": "Step",
                "printedName": "MobileWorkflowCore.Step",
                "usr": "s:18MobileWorkflowCore4StepP"
              },
              {
                "kind": "TypeNominal",
                "name": "StepInfo",
                "printedName": "MobileWorkflowCore.StepInfo",
                "usr": "s:18MobileWorkflowCore8StepInfoV"
              },
              {
                "kind": "TypeNominal",
                "name": "StepServices",
                "printedName": "MobileWorkflowCore.StepServices",
                "usr": "s:18MobileWorkflowCore12StepServicesC"
              }
            ],
            "declKind": "Func",
            "usr": "s:22MWStretchyHeaderPlugin08StretchyB9StackStepC5build8stepInfo8services18MobileWorkflowCore0F0_pAG0fI0V_AG0F8ServicesCtKFZ",
            "mangledName": "$s22MWStretchyHeaderPlugin08StretchyB9StackStepC5build8stepInfo8services18MobileWorkflowCore0F0_pAG0fI0V_AG0F8ServicesCtKFZ",
            "moduleName": "MWStretchyHeaderPlugin",
            "static": true,
            "declAttributes": [
              "Final",
              "AccessControl"
            ],
            "isFromExtension": true,
            "throwing": true,
            "funcSelfKind": "NonMutating"
          }
        ],
        "declKind": "Class",
        "usr": "s:22MWStretchyHeaderPlugin08StretchyB9StackStepC",
        "mangledName": "$s22MWStretchyHeaderPlugin08StretchyB9StackStepC",
        "moduleName": "MWStretchyHeaderPlugin",
        "declAttributes": [
          "AccessControl"
        ],
        "superclassUsr": "s:18MobileWorkflowCore6MWStepC",
        "hasMissingDesignatedInitializers": true,
        "superclassNames": [
          "MobileWorkflowCore.MWStep"
        ],
        "conformances": [
          {
            "kind": "Conformance",
            "name": "BuildableStep",
            "printedName": "BuildableStep",
            "usr": "s:18MobileWorkflowCore13BuildableStepP",
            "mangledName": "$s18MobileWorkflowCore13BuildableStepP"
          },
          {
            "kind": "Conformance",
            "name": "Step",
            "printedName": "Step",
            "usr": "s:18MobileWorkflowCore4StepP",
            "mangledName": "$s18MobileWorkflowCore4StepP"
          }
        ]
      },
      {
        "kind": "Import",
        "name": "UIKit",
        "printedName": "UIKit",
        "declKind": "Import",
        "moduleName": "MWStretchyHeaderPlugin",
        "declAttributes": [
          "RawDocComment"
        ]
      },
      {
        "kind": "Import",
        "name": "MobileWorkflowCore",
        "printedName": "MobileWorkflowCore",
        "declKind": "Import",
        "moduleName": "MWStretchyHeaderPlugin"
      },
      {
        "kind": "Import",
        "name": "SwiftUI",
        "printedName": "SwiftUI",
        "declKind": "Import",
        "moduleName": "MWStretchyHeaderPlugin"
      },
      {
        "kind": "TypeDecl",
        "name": "StretchyHeaderStackStepViewController",
        "printedName": "StretchyHeaderStackStepViewController",
        "children": [
          {
            "kind": "Var",
            "name": "titleMode",
            "printedName": "titleMode",
            "children": [
              {
                "kind": "TypeNominal",
                "name": "StepViewControllerTitleMode",
                "printedName": "MobileWorkflowCore.StepViewControllerTitleMode",
                "usr": "s:18MobileWorkflowCore27StepViewControllerTitleModeO"
              }
            ],
            "declKind": "Var",
            "usr": "s:22MWStretchyHeaderPlugin08StretchyB23StackStepViewControllerC9titleMode18MobileWorkflowCore0fgh5TitleJ0Ovp",
            "mangledName": "$s22MWStretchyHeaderPlugin08StretchyB23StackStepViewControllerC9titleMode18MobileWorkflowCore0fgh5TitleJ0Ovp",
            "moduleName": "MWStretchyHeaderPlugin",
            "overriding": true,
            "declAttributes": [
              "Custom",
              "Override",
              "AccessControl"
            ],
            "accessors": [
              {
                "kind": "Accessor",
                "name": "Get",
                "printedName": "Get()",
                "children": [
                  {
                    "kind": "TypeNominal",
                    "name": "StepViewControllerTitleMode",
                    "printedName": "MobileWorkflowCore.StepViewControllerTitleMode",
                    "usr": "s:18MobileWorkflowCore27StepViewControllerTitleModeO"
                  }
                ],
                "declKind": "Accessor",
                "usr": "s:22MWStretchyHeaderPlugin08StretchyB23StackStepViewControllerC9titleMode18MobileWorkflowCore0fgh5TitleJ0Ovg",
                "mangledName": "$s22MWStretchyHeaderPlugin08StretchyB23StackStepViewControllerC9titleMode18MobileWorkflowCore0fgh5TitleJ0Ovg",
                "moduleName": "MWStretchyHeaderPlugin",
                "overriding": true,
                "accessorKind": "get"
              }
            ]
          },
          {
            "kind": "Function",
            "name": "configureNavigationBar",
            "printedName": "configureNavigationBar(_:)",
            "children": [
              {
                "kind": "TypeNominal",
                "name": "Void",
                "printedName": "()"
              },
              {
                "kind": "TypeNominal",
                "name": "UINavigationBar",
                "printedName": "UIKit.UINavigationBar",
                "usr": "c:objc(cs)UINavigationBar"
              }
            ],
            "declKind": "Func",
            "usr": "s:22MWStretchyHeaderPlugin08StretchyB23StackStepViewControllerC22configureNavigationBaryySo012UINavigationK0CF",
            "mangledName": "$s22MWStretchyHeaderPlugin08StretchyB23StackStepViewControllerC22configureNavigationBaryySo012UINavigationK0CF",
            "moduleName": "MWStretchyHeaderPlugin",
            "overriding": true,
            "declAttributes": [
              "Custom",
              "Override",
              "AccessControl"
            ],
            "funcSelfKind": "NonMutating"
          },
          {
            "kind": "Function",
            "name": "viewDidLoad",
            "printedName": "viewDidLoad()",
            "children": [
              {
                "kind": "TypeNominal",
                "name": "Void",
                "printedName": "()"
              }
            ],
            "declKind": "Func",
            "usr": "c:@M@MWStretchyHeaderPlugin@objc(cs)StretchyHeaderStackStepViewController(im)viewDidLoad",
            "mangledName": "$s22MWStretchyHeaderPlugin08StretchyB23StackStepViewControllerC11viewDidLoadyyF",
            "moduleName": "MWStretchyHeaderPlugin",
            "overriding": true,
            "objc_name": "viewDidLoad",
            "declAttributes": [
              "Dynamic",
              "ObjC",
              "Custom",
              "Override",
              "AccessControl"
            ],
            "funcSelfKind": "NonMutating"
          },
          {
            "kind": "Var",
            "name": "preferredStatusBarStyle",
            "printedName": "preferredStatusBarStyle",
            "children": [
              {
                "kind": "TypeNominal",
                "name": "UIStatusBarStyle",
                "printedName": "UIKit.UIStatusBarStyle",
                "usr": "c:@E@UIStatusBarStyle"
              }
            ],
            "declKind": "Var",
            "usr": "c:@M@MWStretchyHeaderPlugin@objc(cs)StretchyHeaderStackStepViewController(py)preferredStatusBarStyle",
            "mangledName": "$s22MWStretchyHeaderPlugin08StretchyB23StackStepViewControllerC23preferredStatusBarStyleSo08UIStatuskL0Vvp",
            "moduleName": "MWStretchyHeaderPlugin",
            "overriding": true,
            "objc_name": "preferredStatusBarStyle",
            "declAttributes": [
              "Dynamic",
              "ObjC",
              "Custom",
              "Override",
              "AccessControl"
            ],
            "accessors": [
              {
                "kind": "Accessor",
                "name": "Get",
                "printedName": "Get()",
                "children": [
                  {
                    "kind": "TypeNominal",
                    "name": "UIStatusBarStyle",
                    "printedName": "UIKit.UIStatusBarStyle",
                    "usr": "c:@E@UIStatusBarStyle"
                  }
                ],
                "declKind": "Accessor",
                "usr": "c:@M@MWStretchyHeaderPlugin@objc(cs)StretchyHeaderStackStepViewController(im)preferredStatusBarStyle",
                "mangledName": "$s22MWStretchyHeaderPlugin08StretchyB23StackStepViewControllerC23preferredStatusBarStyleSo08UIStatuskL0Vvg",
                "moduleName": "MWStretchyHeaderPlugin",
                "overriding": true,
                "objc_name": "preferredStatusBarStyle",
                "declAttributes": [
                  "Dynamic",
                  "ObjC"
                ],
                "accessorKind": "get"
              }
            ]
          },
          {
            "kind": "Function",
            "name": "traitCollectionDidChange",
            "printedName": "traitCollectionDidChange(_:)",
            "children": [
              {
                "kind": "TypeNominal",
                "name": "Void",
                "printedName": "()"
              },
              {
                "kind": "TypeNominal",
                "name": "Optional",
                "printedName": "UIKit.UITraitCollection?",
                "children": [
                  {
                    "kind": "TypeNominal",
                    "name": "UITraitCollection",
                    "printedName": "UIKit.UITraitCollection",
                    "usr": "c:objc(cs)UITraitCollection"
                  }
                ],
                "usr": "s:Sq"
              }
            ],
            "declKind": "Func",
            "usr": "c:@M@MWStretchyHeaderPlugin@objc(cs)StretchyHeaderStackStepViewController(im)traitCollectionDidChange:",
            "mangledName": "$s22MWStretchyHeaderPlugin08StretchyB23StackStepViewControllerC24traitCollectionDidChangeyySo07UITraitJ0CSgF",
            "moduleName": "MWStretchyHeaderPlugin",
            "overriding": true,
            "objc_name": "traitCollectionDidChange:",
            "declAttributes": [
              "Dynamic",
              "ObjC",
              "Custom",
              "Override",
              "AccessControl"
            ],
            "funcSelfKind": "NonMutating"
          },
          {
            "kind": "Constructor",
            "name": "init",
            "printedName": "init(step:nibName:bundle:)",
            "children": [
              {
                "kind": "TypeNominal",
                "name": "StretchyHeaderStackStepViewController",
                "printedName": "MWStretchyHeaderPlugin.StretchyHeaderStackStepViewController",
                "usr": "c:@M@MWStretchyHeaderPlugin@objc(cs)StretchyHeaderStackStepViewController"
              },
              {
                "kind": "TypeNominal",
                "name": "Step",
                "printedName": "MobileWorkflowCore.Step",
                "usr": "s:18MobileWorkflowCore4StepP"
              },
              {
                "kind": "TypeNominal",
                "name": "Optional",
                "printedName": "Swift.String?",
                "children": [
                  {
                    "kind": "TypeNominal",
                    "name": "String",
                    "printedName": "Swift.String",
                    "usr": "s:SS"
                  }
                ],
                "usr": "s:Sq"
              },
              {
                "kind": "TypeNominal",
                "name": "Optional",
                "printedName": "Foundation.Bundle?",
                "children": [
                  {
                    "kind": "TypeNominal",
                    "name": "Bundle",
                    "printedName": "Foundation.Bundle",
                    "usr": "c:objc(cs)NSBundle"
                  }
                ],
                "usr": "s:Sq"
              }
            ],
            "declKind": "Constructor",
            "usr": "s:22MWStretchyHeaderPlugin08StretchyB23StackStepViewControllerC4step7nibName6bundleAC18MobileWorkflowCore0F0_p_SSSgSo8NSBundleCSgtcfc",
            "mangledName": "$s22MWStretchyHeaderPlugin08StretchyB23StackStepViewControllerC4step7nibName6bundleAC18MobileWorkflowCore0F0_p_SSSgSo8NSBundleCSgtcfc",
            "moduleName": "MWStretchyHeaderPlugin",
            "overriding": true,
            "implicit": true,
            "declAttributes": [
              "Custom",
              "Override"
            ],
            "init_kind": "Designated"
          },
          {
            "kind": "Constructor",
            "name": "init",
            "printedName": "init(step:)",
            "children": [
              {
                "kind": "TypeNominal",
                "name": "StretchyHeaderStackStepViewController",
                "printedName": "MWStretchyHeaderPlugin.StretchyHeaderStackStepViewController",
                "usr": "c:@M@MWStretchyHeaderPlugin@objc(cs)StretchyHeaderStackStepViewController"
              },
              {
                "kind": "TypeNominal",
                "name": "Step",
                "printedName": "MobileWorkflowCore.Step",
                "usr": "s:18MobileWorkflowCore4StepP"
              }
            ],
            "declKind": "Constructor",
            "usr": "s:22MWStretchyHeaderPlugin08StretchyB23StackStepViewControllerC4stepAC18MobileWorkflowCore0F0_p_tcfc",
            "mangledName": "$s22MWStretchyHeaderPlugin08StretchyB23StackStepViewControllerC4stepAC18MobileWorkflowCore0F0_p_tcfc",
            "moduleName": "MWStretchyHeaderPlugin",
            "overriding": true,
            "implicit": true,
            "declAttributes": [
              "Custom",
              "Override"
            ],
            "init_kind": "Designated"
          },
          {
            "kind": "Constructor",
            "name": "init",
            "printedName": "init(coder:)",
            "children": [
              {
                "kind": "TypeNominal",
                "name": "Optional",
                "printedName": "MWStretchyHeaderPlugin.StretchyHeaderStackStepViewController?",
                "children": [
                  {
                    "kind": "TypeNominal",
                    "name": "StretchyHeaderStackStepViewController",
                    "printedName": "MWStretchyHeaderPlugin.StretchyHeaderStackStepViewController",
                    "usr": "c:@M@MWStretchyHeaderPlugin@objc(cs)StretchyHeaderStackStepViewController"
                  }
                ],
                "usr": "s:Sq"
              },
              {
                "kind": "TypeNominal",
                "name": "NSCoder",
                "printedName": "Foundation.NSCoder",
                "usr": "c:objc(cs)NSCoder"
              }
            ],
            "declKind": "Constructor",
            "usr": "c:@M@MWStretchyHeaderPlugin@objc(cs)StretchyHeaderStackStepViewController(im)initWithCoder:",
            "mangledName": "$s22MWStretchyHeaderPlugin08StretchyB23StackStepViewControllerC5coderACSgSo7NSCoderC_tcfc",
            "moduleName": "MWStretchyHeaderPlugin",
            "overriding": true,
            "implicit": true,
            "objc_name": "initWithCoder:",
            "declAttributes": [
              "Dynamic",
              "ObjC",
              "Custom",
              "Required"
            ],
            "init_kind": "Designated"
          }
        ],
        "declKind": "Class",
        "usr": "c:@M@MWStretchyHeaderPlugin@objc(cs)StretchyHeaderStackStepViewController",
        "mangledName": "$s22MWStretchyHeaderPlugin08StretchyB23StackStepViewControllerC",
        "moduleName": "MWStretchyHeaderPlugin",
        "declAttributes": [
          "Custom",
          "AccessControl",
          "ObjC"
        ],
        "superclassUsr": "c:@M@MobileWorkflowCore@objc(cs)MWStepViewController",
        "inheritsConvenienceInitializers": true,
        "superclassNames": [
          "MobileWorkflowCore.MWStepViewController",
          "UIKit.UIViewController",
          "UIKit.UIResponder",
          "ObjectiveC.NSObject"
        ],
        "conformances": [
          {
            "kind": "Conformance",
            "name": "StepViewController",
            "printedName": "StepViewController",
            "usr": "s:18MobileWorkflowCore18StepViewControllerP",
            "mangledName": "$s18MobileWorkflowCore18StepViewControllerP"
          },
          {
            "kind": "Conformance",
            "name": "Equatable",
            "printedName": "Equatable",
            "usr": "s:SQ",
            "mangledName": "$sSQ"
          },
          {
            "kind": "Conformance",
            "name": "Hashable",
            "printedName": "Hashable",
            "usr": "s:SH",
            "mangledName": "$sSH"
          },
          {
            "kind": "Conformance",
            "name": "CVarArg",
            "printedName": "CVarArg",
            "usr": "s:s7CVarArgP",
            "mangledName": "$ss7CVarArgP"
          },
          {
            "kind": "Conformance",
            "name": "_KeyValueCodingAndObservingPublishing",
            "printedName": "_KeyValueCodingAndObservingPublishing",
            "usr": "s:10Foundation37_KeyValueCodingAndObservingPublishingP",
            "mangledName": "$s10Foundation37_KeyValueCodingAndObservingPublishingP"
          },
          {
            "kind": "Conformance",
            "name": "_KeyValueCodingAndObserving",
            "printedName": "_KeyValueCodingAndObserving",
            "usr": "s:10Foundation27_KeyValueCodingAndObservingP",
            "mangledName": "$s10Foundation27_KeyValueCodingAndObservingP"
          },
          {
            "kind": "Conformance",
            "name": "CustomStringConvertible",
            "printedName": "CustomStringConvertible",
            "usr": "s:s23CustomStringConvertibleP",
            "mangledName": "$ss23CustomStringConvertibleP"
          },
          {
            "kind": "Conformance",
            "name": "CustomDebugStringConvertible",
            "printedName": "CustomDebugStringConvertible",
            "usr": "s:s28CustomDebugStringConvertibleP",
            "mangledName": "$ss28CustomDebugStringConvertibleP"
          }
        ]
      },
      {
        "kind": "Import",
        "name": "SwiftUI",
        "printedName": "SwiftUI",
        "declKind": "Import",
        "moduleName": "MWStretchyHeaderPlugin",
        "declAttributes": [
          "RawDocComment"
        ]
      },
      {
        "kind": "Import",
        "name": "MobileWorkflowCore",
        "printedName": "MobileWorkflowCore",
        "declKind": "Import",
        "moduleName": "MWStretchyHeaderPlugin"
      },
      {
        "kind": "Import",
        "name": "SwiftUI",
        "printedName": "SwiftUI",
        "declKind": "Import",
        "moduleName": "MWStretchyHeaderPlugin",
        "declAttributes": [
          "RawDocComment"
        ]
      }
    ],
    "json_format_version": 8
  },
  "ConstValues": [
    {
      "filePath": "\/Users\/vagrant\/git\/project\/MWStretchyHeaderPlugin\/MWStretchyHeaderPlugin\/MWStretchyHeaderPluginStruct.swift",
      "kind": "StringLiteral",
      "offset": 371,
      "length": 51,
      "value": "\"io.app-rail.stretchy-header.stretchy-header-stack\""
    },
    {
      "filePath": "\/Users\/vagrant\/git\/project\/MWStretchyHeaderPlugin\/MWStretchyHeaderPlugin\/MWStretchyHeaderPluginStruct.swift",
      "kind": "StringLiteral",
      "offset": 371,
      "length": 51,
      "value": "\"io.app-rail.stretchy-header.stretchy-header-stack\""
    },
    {
      "filePath": "\/Users\/vagrant\/git\/project\/MWStretchyHeaderPlugin\/MWStretchyHeaderPlugin\/MWStretchyHeader\/StretchyHeaderStackStep.swift",
      "kind": "StringLiteral",
      "offset": 129,
      "length": 23,
      "value": "\"MWStretchyHeaderPlugin.StretchyHeaderStackStep\""
    }
  ]
}