{
  "ABIRoot": {
    "kind": "Root",
    "name": "TopLevel",
    "printedName": "TopLevel",
    "children": [
      {
        "kind": "Import",
        "name": "Foundation",
        "printedName": "Foundation",
        "declKind": "Import",
        "moduleName": "MWChatPlugin",
        "declAttributes": [
          "RawDocComment"
        ]
      },
      {
        "kind": "Import",
        "name": "MobileWorkflowCore",
        "printedName": "MobileWorkflowCore",
        "declKind": "Import",
        "moduleName": "MWChatPlugin"
      },
      {
        "kind": "TypeDecl",
        "name": "MWChatPluginStruct",
        "printedName": "MWChatPluginStruct",
        "children": [
          {
            "kind": "Var",
            "name": "allStepsTypes",
            "printedName": "allStepsTypes",
            "children": [
              {
                "kind": "TypeNominal",
                "name": "Array",
                "printedName": "[MobileWorkflowCore.StepType]",
                "children": [
                  {
                    "kind": "TypeNominal",
                    "name": "StepType",
                    "printedName": "MobileWorkflowCore.StepType",
                    "usr": "s:18MobileWorkflowCore8StepTypeP"
                  }
                ],
                "usr": "s:Sa"
              }
            ],
            "declKind": "Var",
            "usr": "s:12MWChatPlugin0aB6StructV13allStepsTypesSay18MobileWorkflowCore8StepType_pGvpZ",
            "mangledName": "$s12MWChatPlugin0aB6StructV13allStepsTypesSay18MobileWorkflowCore8StepType_pGvpZ",
            "moduleName": "MWChatPlugin",
            "static": true,
            "declAttributes": [
              "AccessControl"
            ],
            "accessors": [
              {
                "kind": "Accessor",
                "name": "Get",
                "printedName": "Get()",
                "children": [
                  {
                    "kind": "TypeNominal",
                    "name": "Array",
                    "printedName": "[MobileWorkflowCore.StepType]",
                    "children": [
                      {
                        "kind": "TypeNominal",
                        "name": "StepType",
                        "printedName": "MobileWorkflowCore.StepType",
                        "usr": "s:18MobileWorkflowCore8StepTypeP"
                      }
                    ],
                    "usr": "s:Sa"
                  }
                ],
                "declKind": "Accessor",
                "usr": "s:12MWChatPlugin0aB6StructV13allStepsTypesSay18MobileWorkflowCore8StepType_pGvgZ",
                "mangledName": "$s12MWChatPlugin0aB6StructV13allStepsTypesSay18MobileWorkflowCore8StepType_pGvgZ",
                "moduleName": "MWChatPlugin",
                "static": true,
                "accessorKind": "get"
              }
            ]
          }
        ],
        "declKind": "Struct",
        "usr": "s:12MWChatPlugin0aB6StructV",
        "mangledName": "$s12MWChatPlugin0aB6StructV",
        "moduleName": "MWChatPlugin",
        "declAttributes": [
          "AccessControl"
        ],
        "conformances": [
          {
            "kind": "Conformance",
            "name": "Plugin",
            "printedName": "Plugin",
            "usr": "s:18MobileWorkflowCore6PluginP",
            "mangledName": "$s18MobileWorkflowCore6PluginP"
          }
        ]
      },
      {
        "kind": "Import",
        "name": "Foundation",
        "printedName": "Foundation",
        "declKind": "Import",
        "moduleName": "MWChatPlugin",
        "declAttributes": [
          "RawDocComment"
        ]
      },
      {
        "kind": "Import",
        "name": "MobileWorkflowCore",
        "printedName": "MobileWorkflowCore",
        "declKind": "Import",
        "moduleName": "MWChatPlugin"
      },
      {
        "kind": "TypeDecl",
        "name": "ThreadStepItemTask",
        "printedName": "ThreadStepItemTask",
        "children": [
          {
            "kind": "Var",
            "name": "input",
            "printedName": "input",
            "children": [
              {
                "kind": "TypeNominal",
                "name": "URL",
                "printedName": "Foundation.URL",
                "usr": "s:10Foundation3URLV"
              }
            ],
            "declKind": "Var",
            "usr": "s:12MWChatPlugin18ThreadStepItemTaskV5input10Foundation3URLVvp",
            "mangledName": "$s12MWChatPlugin18ThreadStepItemTaskV5input10Foundation3URLVvp",
            "moduleName": "MWChatPlugin",
            "declAttributes": [
              "HasStorage",
              "AccessControl"
            ],
            "isLet": true,
            "hasStorage": true,
            "accessors": [
              {
                "kind": "Accessor",
                "name": "Get",
                "printedName": "Get()",
                "children": [
                  {
                    "kind": "TypeNominal",
                    "name": "URL",
                    "printedName": "Foundation.URL",
                    "usr": "s:10Foundation3URLV"
                  }
                ],
                "declKind": "Accessor",
                "usr": "s:12MWChatPlugin18ThreadStepItemTaskV5input10Foundation3URLVvg",
                "mangledName": "$s12MWChatPlugin18ThreadStepItemTaskV5input10Foundation3URLVvg",
                "moduleName": "MWChatPlugin",
                "implicit": true,
                "accessorKind": "get"
              }
            ]
          },
          {
            "kind": "Var",
            "name": "credential",
            "printedName": "credential",
            "children": [
              {
                "kind": "TypeNominal",
                "name": "Optional",
                "printedName": "MobileWorkflowCore.Credential?",
                "children": [
                  {
                    "kind": "TypeNominal",
                    "name": "Credential",
                    "printedName": "MobileWorkflowCore.Credential",
                    "usr": "s:18MobileWorkflowCore10CredentialV"
                  }
                ],
                "usr": "s:Sq"
              }
            ],
            "declKind": "Var",
            "usr": "s:12MWChatPlugin18ThreadStepItemTaskV10credential18MobileWorkflowCore10CredentialVSgvp",
            "mangledName": "$s12MWChatPlugin18ThreadStepItemTaskV10credential18MobileWorkflowCore10CredentialVSgvp",
            "moduleName": "MWChatPlugin",
            "declAttributes": [
              "HasStorage",
              "AccessControl"
            ],
            "isLet": true,
            "hasStorage": true,
            "accessors": [
              {
                "kind": "Accessor",
                "name": "Get",
                "printedName": "Get()",
                "children": [
                  {
                    "kind": "TypeNominal",
                    "name": "Optional",
                    "printedName": "MobileWorkflowCore.Credential?",
                    "children": [
                      {
                        "kind": "TypeNominal",
                        "name": "Credential",
                        "printedName": "MobileWorkflowCore.Credential",
                        "usr": "s:18MobileWorkflowCore10CredentialV"
                      }
                    ],
                    "usr": "s:Sq"
                  }
                ],
                "declKind": "Accessor",
                "usr": "s:12MWChatPlugin18ThreadStepItemTaskV10credential18MobileWorkflowCore10CredentialVSgvg",
                "mangledName": "$s12MWChatPlugin18ThreadStepItemTaskV10credential18MobileWorkflowCore10CredentialVSgvg",
                "moduleName": "MWChatPlugin",
                "implicit": true,
                "accessorKind": "get"
              }
            ]
          }
        ],
        "declKind": "Struct",
        "usr": "s:12MWChatPlugin18ThreadStepItemTaskV",
        "mangledName": "$s12MWChatPlugin18ThreadStepItemTaskV",
        "moduleName": "MWChatPlugin",
        "declAttributes": [
          "AccessControl"
        ],
        "conformances": [
          {
            "kind": "Conformance",
            "name": "CredentializedAsyncTask",
            "printedName": "CredentializedAsyncTask",
            "usr": "s:18MobileWorkflowCore23CredentializedAsyncTaskP",
            "mangledName": "$s18MobileWorkflowCore23CredentializedAsyncTaskP"
          },
          {
            "kind": "Conformance",
            "name": "URLAsyncTaskConvertible",
            "printedName": "URLAsyncTaskConvertible",
            "usr": "s:18MobileWorkflowCore23URLAsyncTaskConvertibleP",
            "mangledName": "$s18MobileWorkflowCore23URLAsyncTaskConvertibleP"
          },
          {
            "kind": "Conformance",
            "name": "AsyncTask",
            "printedName": "AsyncTask",
            "children": [
              {
                "kind": "TypeWitness",
                "name": "Response",
                "printedName": "Response",
                "children": [
                  {
                    "kind": "TypeNominal",
                    "name": "Array",
                    "printedName": "[MWChatPlugin.ChatStepItem]",
                    "children": [
                      {
                        "kind": "TypeNominal",
                        "name": "ChatStepItem",
                        "printedName": "MWChatPlugin.ChatStepItem",
                        "usr": "s:12MWChatPlugin12ChatStepItemC"
                      }
                    ],
                    "usr": "s:Sa"
                  }
                ]
              },
              {
                "kind": "TypeWitness",
                "name": "Input",
                "printedName": "Input",
                "children": [
                  {
                    "kind": "TypeNominal",
                    "name": "URL",
                    "printedName": "Foundation.URL",
                    "usr": "s:10Foundation3URLV"
                  }
                ]
              }
            ],
            "usr": "s:18MobileWorkflowCore9AsyncTaskP",
            "mangledName": "$s18MobileWorkflowCore9AsyncTaskP"
          },
          {
            "kind": "Conformance",
            "name": "Credentialized",
            "printedName": "Credentialized",
            "usr": "s:18MobileWorkflowCore14CredentializedP",
            "mangledName": "$s18MobileWorkflowCore14CredentializedP"
          }
        ]
      },
      {
        "kind": "TypeDecl",
        "name": "MWNetworkChatStep",
        "printedName": "MWNetworkChatStep",
        "children": [
          {
            "kind": "Var",
            "name": "contentURL",
            "printedName": "contentURL",
            "children": [
              {
                "kind": "TypeNominal",
                "name": "Optional",
                "printedName": "Swift.String?",
                "children": [
                  {
                    "kind": "TypeNominal",
                    "name": "String",
                    "printedName": "Swift.String",
                    "usr": "s:SS"
                  }
                ],
                "usr": "s:Sq"
              }
            ],
            "declKind": "Var",
            "usr": "s:12MWChatPlugin17MWNetworkChatStepC10contentURLSSSgvp",
            "mangledName": "$s12MWChatPlugin17MWNetworkChatStepC10contentURLSSSgvp",
            "moduleName": "MWChatPlugin",
            "declAttributes": [
              "AccessControl"
            ],
            "accessors": [
              {
                "kind": "Accessor",
                "name": "Get",
                "printedName": "Get()",
                "children": [
                  {
                    "kind": "TypeNominal",
                    "name": "Optional",
                    "printedName": "Swift.String?",
                    "children": [
                      {
                        "kind": "TypeNominal",
                        "name": "String",
                        "printedName": "Swift.String",
                        "usr": "s:SS"
                      }
                    ],
                    "usr": "s:Sq"
                  }
                ],
                "declKind": "Accessor",
                "usr": "s:12MWChatPlugin17MWNetworkChatStepC10contentURLSSSgvg",
                "mangledName": "$s12MWChatPlugin17MWNetworkChatStepC10contentURLSSSgvg",
                "moduleName": "MWChatPlugin",
                "accessorKind": "get"
              }
            ]
          },
          {
            "kind": "Var",
            "name": "resolvedURL",
            "printedName": "resolvedURL",
            "children": [
              {
                "kind": "TypeNominal",
                "name": "Optional",
                "printedName": "Foundation.URL?",
                "children": [
                  {
                    "kind": "TypeNominal",
                    "name": "URL",
                    "printedName": "Foundation.URL",
                    "usr": "s:10Foundation3URLV"
                  }
                ],
                "usr": "s:Sq"
              }
            ],
            "declKind": "Var",
            "usr": "s:12MWChatPlugin17MWNetworkChatStepC11resolvedURL10Foundation0G0VSgvp",
            "mangledName": "$s12MWChatPlugin17MWNetworkChatStepC11resolvedURL10Foundation0G0VSgvp",
            "moduleName": "MWChatPlugin",
            "declAttributes": [
              "HasInitialValue",
              "HasStorage",
              "AccessControl"
            ],
            "hasStorage": true,
            "accessors": [
              {
                "kind": "Accessor",
                "name": "Get",
                "printedName": "Get()",
                "children": [
                  {
                    "kind": "TypeNominal",
                    "name": "Optional",
                    "printedName": "Foundation.URL?",
                    "children": [
                      {
                        "kind": "TypeNominal",
                        "name": "URL",
                        "printedName": "Foundation.URL",
                        "usr": "s:10Foundation3URLV"
                      }
                    ],
                    "usr": "s:Sq"
                  }
                ],
                "declKind": "Accessor",
                "usr": "s:12MWChatPlugin17MWNetworkChatStepC11resolvedURL10Foundation0G0VSgvg",
                "mangledName": "$s12MWChatPlugin17MWNetworkChatStepC11resolvedURL10Foundation0G0VSgvg",
                "moduleName": "MWChatPlugin",
                "implicit": true,
                "accessorKind": "get"
              },
              {
                "kind": "Accessor",
                "name": "Set",
                "printedName": "Set()",
                "children": [
                  {
                    "kind": "TypeNominal",
                    "name": "Void",
                    "printedName": "()"
                  },
                  {
                    "kind": "TypeNominal",
                    "name": "Optional",
                    "printedName": "Foundation.URL?",
                    "children": [
                      {
                        "kind": "TypeNominal",
                        "name": "URL",
                        "printedName": "Foundation.URL",
                        "usr": "s:10Foundation3URLV"
                      }
                    ],
                    "usr": "s:Sq"
                  }
                ],
                "declKind": "Accessor",
                "usr": "s:12MWChatPlugin17MWNetworkChatStepC11resolvedURL10Foundation0G0VSgvs",
                "mangledName": "$s12MWChatPlugin17MWNetworkChatStepC11resolvedURL10Foundation0G0VSgvs",
                "moduleName": "MWChatPlugin",
                "implicit": true,
                "accessorKind": "set"
              },
              {
                "kind": "Accessor",
                "name": "Modify",
                "printedName": "Modify()",
                "children": [
                  {
                    "kind": "TypeNominal",
                    "name": "Void",
                    "printedName": "()"
                  }
                ],
                "declKind": "Accessor",
                "usr": "s:12MWChatPlugin17MWNetworkChatStepC11resolvedURL10Foundation0G0VSgvM",
                "mangledName": "$s12MWChatPlugin17MWNetworkChatStepC11resolvedURL10Foundation0G0VSgvM",
                "moduleName": "MWChatPlugin",
                "implicit": true,
                "accessorKind": "_modify"
              }
            ]
          },
          {
            "kind": "Function",
            "name": "instantiateViewController",
            "printedName": "instantiateViewController()",
            "children": [
              {
                "kind": "TypeNominal",
                "name": "StepViewController",
                "printedName": "MobileWorkflowCore.StepViewController",
                "usr": "s:18MobileWorkflowCore18StepViewControllerP"
              }
            ],
            "declKind": "Func",
            "usr": "s:12MWChatPlugin17MWNetworkChatStepC25instantiateViewController18MobileWorkflowCore0egH0_pyF",
            "mangledName": "$s12MWChatPlugin17MWNetworkChatStepC25instantiateViewController18MobileWorkflowCore0egH0_pyF",
            "moduleName": "MWChatPlugin",
            "overriding": true,
            "declAttributes": [
              "Override",
              "AccessControl"
            ],
            "funcSelfKind": "NonMutating"
          },
          {
            "kind": "Function",
            "name": "loadContent",
            "printedName": "loadContent(completion:)",
            "children": [
              {
                "kind": "TypeNominal",
                "name": "Void",
                "printedName": "()"
              },
              {
                "kind": "TypeFunc",
                "name": "Function",
                "printedName": "(Swift.Result<[MWChatPlugin.ChatStepItem], Swift.Error>) -> ()",
                "children": [
                  {
                    "kind": "TypeNominal",
                    "name": "Void",
                    "printedName": "()"
                  },
                  {
                    "kind": "TypeNominal",
                    "name": "Result",
                    "printedName": "Swift.Result<[MWChatPlugin.ChatStepItem], Swift.Error>",
                    "children": [
                      {
                        "kind": "TypeNominal",
                        "name": "Array",
                        "printedName": "[MWChatPlugin.ChatStepItem]",
                        "children": [
                          {
                            "kind": "TypeNominal",
                            "name": "ChatStepItem",
                            "printedName": "MWChatPlugin.ChatStepItem",
                            "usr": "s:12MWChatPlugin12ChatStepItemC"
                          }
                        ],
                        "usr": "s:Sa"
                      },
                      {
                        "kind": "TypeNominal",
                        "name": "Error",
                        "printedName": "Swift.Error",
                        "usr": "s:s5ErrorP"
                      }
                    ],
                    "usr": "s:s6ResultO"
                  }
                ]
              }
            ],
            "declKind": "Func",
            "usr": "s:12MWChatPlugin17MWNetworkChatStepC11loadContent10completionyys6ResultOySayAA0dE4ItemCGs5Error_pGc_tF",
            "mangledName": "$s12MWChatPlugin17MWNetworkChatStepC11loadContent10completionyys6ResultOySayAA0dE4ItemCGs5Error_pGc_tF",
            "moduleName": "MWChatPlugin",
            "declAttributes": [
              "AccessControl"
            ],
            "funcSelfKind": "NonMutating"
          },
          {
            "kind": "Var",
            "name": "mandatoryCodingPaths",
            "printedName": "mandatoryCodingPaths",
            "children": [
              {
                "kind": "TypeNominal",
                "name": "Array",
                "printedName": "[Swift.CodingKey]",
                "children": [
                  {
                    "kind": "TypeNominal",
                    "name": "CodingKey",
                    "printedName": "Swift.CodingKey",
                    "usr": "s:s9CodingKeyP"
                  }
                ],
                "usr": "s:Sa"
              }
            ],
            "declKind": "Var",
            "usr": "s:12MWChatPlugin17MWNetworkChatStepC20mandatoryCodingPathsSays0G3Key_pGvpZ",
            "mangledName": "$s12MWChatPlugin17MWNetworkChatStepC20mandatoryCodingPathsSays0G3Key_pGvpZ",
            "moduleName": "MWChatPlugin",
            "static": true,
            "declAttributes": [
              "Final",
              "AccessControl"
            ],
            "isFromExtension": true,
            "accessors": [
              {
                "kind": "Accessor",
                "name": "Get",
                "printedName": "Get()",
                "children": [
                  {
                    "kind": "TypeNominal",
                    "name": "Array",
                    "printedName": "[Swift.CodingKey]",
                    "children": [
                      {
                        "kind": "TypeNominal",
                        "name": "CodingKey",
                        "printedName": "Swift.CodingKey",
                        "usr": "s:s9CodingKeyP"
                      }
                    ],
                    "usr": "s:Sa"
                  }
                ],
                "declKind": "Accessor",
                "usr": "s:12MWChatPlugin17MWNetworkChatStepC20mandatoryCodingPathsSays0G3Key_pGvgZ",
                "mangledName": "$s12MWChatPlugin17MWNetworkChatStepC20mandatoryCodingPathsSays0G3Key_pGvgZ",
                "moduleName": "MWChatPlugin",
                "static": true,
                "declAttributes": [
                  "Final"
                ],
                "isFromExtension": true,
                "accessorKind": "get"
              }
            ]
          },
          {
            "kind": "Function",
            "name": "build",
            "printedName": "build(stepInfo:services:)",
            "children": [
              {
                "kind": "TypeNominal",
                "name": "Step",
                "printedName": "MobileWorkflowCore.Step",
                "usr": "s:18MobileWorkflowCore4StepP"
              },
              {
                "kind": "TypeNominal",
                "name": "StepInfo",
                "printedName": "MobileWorkflowCore.StepInfo",
                "usr": "s:18MobileWorkflowCore8StepInfoV"
              },
              {
                "kind": "TypeNominal",
                "name": "StepServices",
                "printedName": "MobileWorkflowCore.StepServices",
                "usr": "s:18MobileWorkflowCore12StepServicesC"
              }
            ],
            "declKind": "Func",
            "usr": "s:12MWChatPlugin17MWNetworkChatStepC5build8stepInfo8services18MobileWorkflowCore0E0_pAG0eH0V_AG0E8ServicesCtKFZ",
            "mangledName": "$s12MWChatPlugin17MWNetworkChatStepC5build8stepInfo8services18MobileWorkflowCore0E0_pAG0eH0V_AG0E8ServicesCtKFZ",
            "moduleName": "MWChatPlugin",
            "static": true,
            "declAttributes": [
              "Final",
              "AccessControl"
            ],
            "isFromExtension": true,
            "throwing": true,
            "funcSelfKind": "NonMutating"
          }
        ],
        "declKind": "Class",
        "usr": "s:12MWChatPlugin17MWNetworkChatStepC",
        "mangledName": "$s12MWChatPlugin17MWNetworkChatStepC",
        "moduleName": "MWChatPlugin",
        "declAttributes": [
          "AccessControl"
        ],
        "superclassUsr": "s:12MWChatPlugin8ChatStepC",
        "hasMissingDesignatedInitializers": true,
        "superclassNames": [
          "MWChatPlugin.ChatStep",
          "MobileWorkflowCore.MWStep"
        ],
        "conformances": [
          {
            "kind": "Conformance",
            "name": "RemoteContentStep",
            "printedName": "RemoteContentStep",
            "children": [
              {
                "kind": "TypeWitness",
                "name": "ResponseType",
                "printedName": "ResponseType",
                "children": [
                  {
                    "kind": "TypeNominal",
                    "name": "Array",
                    "printedName": "[MWChatPlugin.ChatStepItem]",
                    "children": [
                      {
                        "kind": "TypeNominal",
                        "name": "ChatStepItem",
                        "printedName": "MWChatPlugin.ChatStepItem",
                        "usr": "s:12MWChatPlugin12ChatStepItemC"
                      }
                    ],
                    "usr": "s:Sa"
                  }
                ]
              }
            ],
            "usr": "s:18MobileWorkflowCore17RemoteContentStepP",
            "mangledName": "$s18MobileWorkflowCore17RemoteContentStepP"
          },
          {
            "kind": "Conformance",
            "name": "SyncableContentSource",
            "printedName": "SyncableContentSource",
            "usr": "s:18MobileWorkflowCore21SyncableContentSourceP",
            "mangledName": "$s18MobileWorkflowCore21SyncableContentSourceP"
          },
          {
            "kind": "Conformance",
            "name": "TableStep",
            "printedName": "TableStep",
            "children": [
              {
                "kind": "TypeWitness",
                "name": "Item",
                "printedName": "Item",
                "children": [
                  {
                    "kind": "TypeNominal",
                    "name": "ChatStepItem",
                    "printedName": "MWChatPlugin.ChatStepItem",
                    "usr": "s:12MWChatPlugin12ChatStepItemC"
                  }
                ]
              }
            ],
            "usr": "s:18MobileWorkflowCore9TableStepP",
            "mangledName": "$s18MobileWorkflowCore9TableStepP"
          },
          {
            "kind": "Conformance",
            "name": "Step",
            "printedName": "Step",
            "usr": "s:18MobileWorkflowCore4StepP",
            "mangledName": "$s18MobileWorkflowCore4StepP"
          },
          {
            "kind": "Conformance",
            "name": "BuildableStep",
            "printedName": "BuildableStep",
            "usr": "s:18MobileWorkflowCore13BuildableStepP",
            "mangledName": "$s18MobileWorkflowCore13BuildableStepP"
          }
        ]
      },
      {
        "kind": "Import",
        "name": "UIKit",
        "printedName": "UIKit",
        "declKind": "Import",
        "moduleName": "MWChatPlugin",
        "declAttributes": [
          "RawDocComment"
        ]
      },
      {
        "kind": "Import",
        "name": "Combine",
        "printedName": "Combine",
        "declKind": "Import",
        "moduleName": "MWChatPlugin"
      },
      {
        "kind": "Import",
        "name": "MobileWorkflowCore",
        "printedName": "MobileWorkflowCore",
        "declKind": "Import",
        "moduleName": "MWChatPlugin"
      },
      {
        "kind": "TypeDecl",
        "name": "MWNetworkChatStepViewController",
        "printedName": "MWNetworkChatStepViewController",
        "children": [
          {
            "kind": "Var",
            "name": "remoteContentStep",
            "printedName": "remoteContentStep",
            "children": [
              {
                "kind": "TypeNominal",
                "name": "ImplicitlyUnwrappedOptional",
                "printedName": "MWChatPlugin.MWNetworkChatStep?",
                "children": [
                  {
                    "kind": "TypeNominal",
                    "name": "MWNetworkChatStep",
                    "printedName": "MWChatPlugin.MWNetworkChatStep",
                    "usr": "s:12MWChatPlugin17MWNetworkChatStepC"
                  }
                ],
                "usr": "s:Sq"
              }
            ],
            "declKind": "Var",
            "usr": "s:12MWChatPlugin31MWNetworkChatStepViewControllerC013remoteContentE0AA0cdE0CSgvp",
            "mangledName": "$s12MWChatPlugin31MWNetworkChatStepViewControllerC013remoteContentE0AA0cdE0CSgvp",
            "moduleName": "MWChatPlugin",
            "declAttributes": [
              "Custom",
              "AccessControl"
            ],
            "accessors": [
              {
                "kind": "Accessor",
                "name": "Get",
                "printedName": "Get()",
                "children": [
                  {
                    "kind": "TypeNominal",
                    "name": "ImplicitlyUnwrappedOptional",
                    "printedName": "MWChatPlugin.MWNetworkChatStep?",
                    "children": [
                      {
                        "kind": "TypeNominal",
                        "name": "MWNetworkChatStep",
                        "printedName": "MWChatPlugin.MWNetworkChatStep",
                        "usr": "s:12MWChatPlugin17MWNetworkChatStepC"
                      }
                    ],
                    "usr": "s:Sq"
                  }
                ],
                "declKind": "Accessor",
                "usr": "s:12MWChatPlugin31MWNetworkChatStepViewControllerC013remoteContentE0AA0cdE0CSgvg",
                "mangledName": "$s12MWChatPlugin31MWNetworkChatStepViewControllerC013remoteContentE0AA0cdE0CSgvg",
                "moduleName": "MWChatPlugin",
                "accessorKind": "get"
              }
            ]
          },
          {
            "kind": "Function",
            "name": "viewDidLoad",
            "printedName": "viewDidLoad()",
            "children": [
              {
                "kind": "TypeNominal",
                "name": "Void",
                "printedName": "()"
              }
            ],
            "declKind": "Func",
            "usr": "s:12MWChatPlugin31MWNetworkChatStepViewControllerC11viewDidLoadyyF",
            "mangledName": "$s12MWChatPlugin31MWNetworkChatStepViewControllerC11viewDidLoadyyF",
            "moduleName": "MWChatPlugin",
            "overriding": true,
            "objc_name": "viewDidLoad",
            "declAttributes": [
              "Dynamic",
              "ObjC",
              "Custom",
              "Override",
              "AccessControl"
            ],
            "funcSelfKind": "NonMutating"
          },
          {
            "kind": "Function",
            "name": "viewWillAppear",
            "printedName": "viewWillAppear(_:)",
            "children": [
              {
                "kind": "TypeNominal",
                "name": "Void",
                "printedName": "()"
              },
              {
                "kind": "TypeNominal",
                "name": "Bool",
                "printedName": "Swift.Bool",
                "usr": "s:Sb"
              }
            ],
            "declKind": "Func",
            "usr": "s:12MWChatPlugin31MWNetworkChatStepViewControllerC14viewWillAppearyySbF",
            "mangledName": "$s12MWChatPlugin31MWNetworkChatStepViewControllerC14viewWillAppearyySbF",
            "moduleName": "MWChatPlugin",
            "overriding": true,
            "objc_name": "viewWillAppear:",
            "declAttributes": [
              "Dynamic",
              "ObjC",
              "Custom",
              "Override",
              "AccessControl"
            ],
            "funcSelfKind": "NonMutating"
          },
          {
            "kind": "Function",
            "name": "clearContent",
            "printedName": "clearContent()",
            "children": [
              {
                "kind": "TypeNominal",
                "name": "Void",
                "printedName": "()"
              }
            ],
            "declKind": "Func",
            "usr": "s:12MWChatPlugin31MWNetworkChatStepViewControllerC12clearContentyyF",
            "mangledName": "$s12MWChatPlugin31MWNetworkChatStepViewControllerC12clearContentyyF",
            "moduleName": "MWChatPlugin",
            "declAttributes": [
              "Custom",
              "AccessControl"
            ],
            "funcSelfKind": "NonMutating"
          },
          {
            "kind": "Function",
            "name": "update",
            "printedName": "update(content:)",
            "children": [
              {
                "kind": "TypeNominal",
                "name": "Void",
                "printedName": "()"
              },
              {
                "kind": "TypeNominal",
                "name": "Array",
                "printedName": "[MWChatPlugin.ChatStepItem]",
                "children": [
                  {
                    "kind": "TypeNominal",
                    "name": "ChatStepItem",
                    "printedName": "MWChatPlugin.ChatStepItem",
                    "usr": "s:12MWChatPlugin12ChatStepItemC"
                  }
                ],
                "usr": "s:Sa"
              }
            ],
            "declKind": "Func",
            "usr": "s:12MWChatPlugin31MWNetworkChatStepViewControllerC6update7contentySayAA0dE4ItemCG_tF",
            "mangledName": "$s12MWChatPlugin31MWNetworkChatStepViewControllerC6update7contentySayAA0dE4ItemCG_tF",
            "moduleName": "MWChatPlugin",
            "declAttributes": [
              "Custom",
              "AccessControl"
            ],
            "funcSelfKind": "NonMutating"
          },
          {
            "kind": "Function",
            "name": "showLoading",
            "printedName": "showLoading()",
            "children": [
              {
                "kind": "TypeNominal",
                "name": "Void",
                "printedName": "()"
              }
            ],
            "declKind": "Func",
            "usr": "s:12MWChatPlugin31MWNetworkChatStepViewControllerC11showLoadingyyF",
            "mangledName": "$s12MWChatPlugin31MWNetworkChatStepViewControllerC11showLoadingyyF",
            "moduleName": "MWChatPlugin",
            "declAttributes": [
              "Custom",
              "AccessControl"
            ],
            "funcSelfKind": "NonMutating"
          },
          {
            "kind": "Function",
            "name": "hideLoading",
            "printedName": "hideLoading()",
            "children": [
              {
                "kind": "TypeNominal",
                "name": "Void",
                "printedName": "()"
              }
            ],
            "declKind": "Func",
            "usr": "s:12MWChatPlugin31MWNetworkChatStepViewControllerC11hideLoadingyyF",
            "mangledName": "$s12MWChatPlugin31MWNetworkChatStepViewControllerC11hideLoadingyyF",
            "moduleName": "MWChatPlugin",
            "declAttributes": [
              "Custom",
              "AccessControl"
            ],
            "funcSelfKind": "NonMutating"
          }
        ],
        "declKind": "Class",
        "usr": "s:12MWChatPlugin31MWNetworkChatStepViewControllerC",
        "mangledName": "$s12MWChatPlugin31MWNetworkChatStepViewControllerC",
        "moduleName": "MWChatPlugin",
        "declAttributes": [
          "Custom",
          "AccessControl"
        ],
        "superclassUsr": "s:12MWChatPlugin0A18StepViewControllerC",
        "hasMissingDesignatedInitializers": true,
        "inheritsConvenienceInitializers": true,
        "superclassNames": [
          "MWChatPlugin.MWChatStepViewController",
          "MobileWorkflowCore.MWTableStepViewController<MWChatPlugin.ChatStep>",
          "MobileWorkflowCore.MWStepViewController",
          "UIKit.UIViewController",
          "UIKit.UIResponder",
          "ObjectiveC.NSObject"
        ],
        "conformances": [
          {
            "kind": "Conformance",
            "name": "RemoteContentStepViewController",
            "printedName": "RemoteContentStepViewController",
            "children": [
              {
                "kind": "TypeWitness",
                "name": "StepType",
                "printedName": "StepType",
                "children": [
                  {
                    "kind": "TypeNominal",
                    "name": "MWNetworkChatStep",
                    "printedName": "MWChatPlugin.MWNetworkChatStep",
                    "usr": "s:12MWChatPlugin17MWNetworkChatStepC"
                  }
                ]
              }
            ],
            "usr": "s:18MobileWorkflowCore31RemoteContentStepViewControllerP",
            "mangledName": "$s18MobileWorkflowCore31RemoteContentStepViewControllerP"
          },
          {
            "kind": "Conformance",
            "name": "ContentClearable",
            "printedName": "ContentClearable",
            "usr": "s:18MobileWorkflowCore16ContentClearableP",
            "mangledName": "$s18MobileWorkflowCore16ContentClearableP"
          },
          {
            "kind": "Conformance",
            "name": "CanEmbedTitleAsTableHeaderView",
            "printedName": "CanEmbedTitleAsTableHeaderView",
            "usr": "s:18MobileWorkflowCore30CanEmbedTitleAsTableHeaderViewP",
            "mangledName": "$s18MobileWorkflowCore30CanEmbedTitleAsTableHeaderViewP"
          },
          {
            "kind": "Conformance",
            "name": "StepViewController",
            "printedName": "StepViewController",
            "usr": "s:18MobileWorkflowCore18StepViewControllerP",
            "mangledName": "$s18MobileWorkflowCore18StepViewControllerP"
          },
          {
            "kind": "Conformance",
            "name": "Equatable",
            "printedName": "Equatable",
            "usr": "s:SQ",
            "mangledName": "$sSQ"
          },
          {
            "kind": "Conformance",
            "name": "Hashable",
            "printedName": "Hashable",
            "usr": "s:SH",
            "mangledName": "$sSH"
          },
          {
            "kind": "Conformance",
            "name": "CVarArg",
            "printedName": "CVarArg",
            "usr": "s:s7CVarArgP",
            "mangledName": "$ss7CVarArgP"
          },
          {
            "kind": "Conformance",
            "name": "_KeyValueCodingAndObservingPublishing",
            "printedName": "_KeyValueCodingAndObservingPublishing",
            "usr": "s:10Foundation37_KeyValueCodingAndObservingPublishingP",
            "mangledName": "$s10Foundation37_KeyValueCodingAndObservingPublishingP"
          },
          {
            "kind": "Conformance",
            "name": "_KeyValueCodingAndObserving",
            "printedName": "_KeyValueCodingAndObserving",
            "usr": "s:10Foundation27_KeyValueCodingAndObservingP",
            "mangledName": "$s10Foundation27_KeyValueCodingAndObservingP"
          },
          {
            "kind": "Conformance",
            "name": "CustomStringConvertible",
            "printedName": "CustomStringConvertible",
            "usr": "s:s23CustomStringConvertibleP",
            "mangledName": "$ss23CustomStringConvertibleP"
          },
          {
            "kind": "Conformance",
            "name": "CustomDebugStringConvertible",
            "printedName": "CustomDebugStringConvertible",
            "usr": "s:s28CustomDebugStringConvertibleP",
            "mangledName": "$ss28CustomDebugStringConvertibleP"
          },
          {
            "kind": "Conformance",
            "name": "PresentationDelegator",
            "printedName": "PresentationDelegator",
            "usr": "s:18MobileWorkflowCore21PresentationDelegatorP",
            "mangledName": "$s18MobileWorkflowCore21PresentationDelegatorP"
          }
        ]
      },
      {
        "kind": "Import",
        "name": "Foundation",
        "printedName": "Foundation",
        "declKind": "Import",
        "moduleName": "MWChatPlugin",
        "declAttributes": [
          "RawDocComment"
        ]
      },
      {
        "kind": "Import",
        "name": "MobileWorkflowCore",
        "printedName": "MobileWorkflowCore",
        "declKind": "Import",
        "moduleName": "MWChatPlugin"
      },
      {
        "kind": "TypeDecl",
        "name": "MWChatStep",
        "printedName": "MWChatStep",
        "children": [
          {
            "kind": "Function",
            "name": "instantiateViewController",
            "printedName": "instantiateViewController()",
            "children": [
              {
                "kind": "TypeNominal",
                "name": "StepViewController",
                "printedName": "MobileWorkflowCore.StepViewController",
                "usr": "s:18MobileWorkflowCore18StepViewControllerP"
              }
            ],
            "declKind": "Func",
            "usr": "s:12MWChatPlugin0A4StepC25instantiateViewController18MobileWorkflowCore0ceF0_pyF",
            "mangledName": "$s12MWChatPlugin0A4StepC25instantiateViewController18MobileWorkflowCore0ceF0_pyF",
            "moduleName": "MWChatPlugin",
            "overriding": true,
            "declAttributes": [
              "Override",
              "AccessControl"
            ],
            "funcSelfKind": "NonMutating"
          },
          {
            "kind": "Var",
            "name": "mandatoryCodingPaths",
            "printedName": "mandatoryCodingPaths",
            "children": [
              {
                "kind": "TypeNominal",
                "name": "Array",
                "printedName": "[Swift.CodingKey]",
                "children": [
                  {
                    "kind": "TypeNominal",
                    "name": "CodingKey",
                    "printedName": "Swift.CodingKey",
                    "usr": "s:s9CodingKeyP"
                  }
                ],
                "usr": "s:Sa"
              }
            ],
            "declKind": "Var",
            "usr": "s:12MWChatPlugin0A4StepC20mandatoryCodingPathsSays0E3Key_pGvpZ",
            "mangledName": "$s12MWChatPlugin0A4StepC20mandatoryCodingPathsSays0E3Key_pGvpZ",
            "moduleName": "MWChatPlugin",
            "static": true,
            "declAttributes": [
              "Final",
              "AccessControl"
            ],
            "isFromExtension": true,
            "accessors": [
              {
                "kind": "Accessor",
                "name": "Get",
                "printedName": "Get()",
                "children": [
                  {
                    "kind": "TypeNominal",
                    "name": "Array",
                    "printedName": "[Swift.CodingKey]",
                    "children": [
                      {
                        "kind": "TypeNominal",
                        "name": "CodingKey",
                        "printedName": "Swift.CodingKey",
                        "usr": "s:s9CodingKeyP"
                      }
                    ],
                    "usr": "s:Sa"
                  }
                ],
                "declKind": "Accessor",
                "usr": "s:12MWChatPlugin0A4StepC20mandatoryCodingPathsSays0E3Key_pGvgZ",
                "mangledName": "$s12MWChatPlugin0A4StepC20mandatoryCodingPathsSays0E3Key_pGvgZ",
                "moduleName": "MWChatPlugin",
                "static": true,
                "declAttributes": [
                  "Final"
                ],
                "isFromExtension": true,
                "accessorKind": "get"
              }
            ]
          },
          {
            "kind": "Function",
            "name": "build",
            "printedName": "build(stepInfo:services:)",
            "children": [
              {
                "kind": "TypeNominal",
                "name": "Step",
                "printedName": "MobileWorkflowCore.Step",
                "usr": "s:18MobileWorkflowCore4StepP"
              },
              {
                "kind": "TypeNominal",
                "name": "StepInfo",
                "printedName": "MobileWorkflowCore.StepInfo",
                "usr": "s:18MobileWorkflowCore8StepInfoV"
              },
              {
                "kind": "TypeNominal",
                "name": "StepServices",
                "printedName": "MobileWorkflowCore.StepServices",
                "usr": "s:18MobileWorkflowCore12StepServicesC"
              }
            ],
            "declKind": "Func",
            "usr": "s:12MWChatPlugin0A4StepC5build8stepInfo8services18MobileWorkflowCore0C0_pAG0cF0V_AG0C8ServicesCtKFZ",
            "mangledName": "$s12MWChatPlugin0A4StepC5build8stepInfo8services18MobileWorkflowCore0C0_pAG0cF0V_AG0C8ServicesCtKFZ",
            "moduleName": "MWChatPlugin",
            "static": true,
            "declAttributes": [
              "Final",
              "AccessControl"
            ],
            "isFromExtension": true,
            "throwing": true,
            "funcSelfKind": "NonMutating"
          }
        ],
        "declKind": "Class",
        "usr": "s:12MWChatPlugin0A4StepC",
        "mangledName": "$s12MWChatPlugin0A4StepC",
        "moduleName": "MWChatPlugin",
        "declAttributes": [
          "AccessControl"
        ],
        "superclassUsr": "s:12MWChatPlugin8ChatStepC",
        "hasMissingDesignatedInitializers": true,
        "inheritsConvenienceInitializers": true,
        "superclassNames": [
          "MWChatPlugin.ChatStep",
          "MobileWorkflowCore.MWStep"
        ],
        "conformances": [
          {
            "kind": "Conformance",
            "name": "BuildableStep",
            "printedName": "BuildableStep",
            "usr": "s:18MobileWorkflowCore13BuildableStepP",
            "mangledName": "$s18MobileWorkflowCore13BuildableStepP"
          },
          {
            "kind": "Conformance",
            "name": "TableStep",
            "printedName": "TableStep",
            "children": [
              {
                "kind": "TypeWitness",
                "name": "Item",
                "printedName": "Item",
                "children": [
                  {
                    "kind": "TypeNominal",
                    "name": "ChatStepItem",
                    "printedName": "MWChatPlugin.ChatStepItem",
                    "usr": "s:12MWChatPlugin12ChatStepItemC"
                  }
                ]
              }
            ],
            "usr": "s:18MobileWorkflowCore9TableStepP",
            "mangledName": "$s18MobileWorkflowCore9TableStepP"
          },
          {
            "kind": "Conformance",
            "name": "Step",
            "printedName": "Step",
            "usr": "s:18MobileWorkflowCore4StepP",
            "mangledName": "$s18MobileWorkflowCore4StepP"
          }
        ]
      },
      {
        "kind": "Import",
        "name": "UIKit",
        "printedName": "UIKit",
        "declKind": "Import",
        "moduleName": "MWChatPlugin",
        "declAttributes": [
          "RawDocComment"
        ]
      },
      {
        "kind": "Import",
        "name": "Combine",
        "printedName": "Combine",
        "declKind": "Import",
        "moduleName": "MWChatPlugin"
      },
      {
        "kind": "Import",
        "name": "MobileWorkflowCore",
        "printedName": "MobileWorkflowCore",
        "declKind": "Import",
        "moduleName": "MWChatPlugin"
      },
      {
        "kind": "TypeDecl",
        "name": "MWChatStepViewController",
        "printedName": "MWChatStepViewController",
        "children": [
          {
            "kind": "Var",
            "name": "titleMode",
            "printedName": "titleMode",
            "children": [
              {
                "kind": "TypeNominal",
                "name": "StepViewControllerTitleMode",
                "printedName": "MobileWorkflowCore.StepViewControllerTitleMode",
                "usr": "s:18MobileWorkflowCore27StepViewControllerTitleModeO"
              }
            ],
            "declKind": "Var",
            "usr": "s:12MWChatPlugin0A18StepViewControllerC9titleMode18MobileWorkflowCore0cde5TitleG0Ovp",
            "mangledName": "$s12MWChatPlugin0A18StepViewControllerC9titleMode18MobileWorkflowCore0cde5TitleG0Ovp",
            "moduleName": "MWChatPlugin",
            "overriding": true,
            "declAttributes": [
              "Custom",
              "Override",
              "AccessControl",
              "RawDocComment"
            ],
            "accessors": [
              {
                "kind": "Accessor",
                "name": "Get",
                "printedName": "Get()",
                "children": [
                  {
                    "kind": "TypeNominal",
                    "name": "StepViewControllerTitleMode",
                    "printedName": "MobileWorkflowCore.StepViewControllerTitleMode",
                    "usr": "s:18MobileWorkflowCore27StepViewControllerTitleModeO"
                  }
                ],
                "declKind": "Accessor",
                "usr": "s:12MWChatPlugin0A18StepViewControllerC9titleMode18MobileWorkflowCore0cde5TitleG0Ovg",
                "mangledName": "$s12MWChatPlugin0A18StepViewControllerC9titleMode18MobileWorkflowCore0cde5TitleG0Ovg",
                "moduleName": "MWChatPlugin",
                "overriding": true,
                "accessorKind": "get"
              }
            ]
          },
          {
            "kind": "Var",
            "name": "presentationDelegate",
            "printedName": "presentationDelegate",
            "children": [
              {
                "kind": "TypeNominal",
                "name": "Optional",
                "printedName": "MobileWorkflowCore.PresentationDelegate?",
                "children": [
                  {
                    "kind": "TypeNominal",
                    "name": "PresentationDelegate",
                    "printedName": "MobileWorkflowCore.PresentationDelegate",
                    "usr": "s:18MobileWorkflowCore20PresentationDelegateP"
                  }
                ],
                "usr": "s:Sq"
              }
            ],
            "declKind": "Var",
            "usr": "s:12MWChatPlugin0A18StepViewControllerC20presentationDelegate18MobileWorkflowCore012PresentationG0_pSgvp",
            "mangledName": "$s12MWChatPlugin0A18StepViewControllerC20presentationDelegate18MobileWorkflowCore012PresentationG0_pSgvp",
            "moduleName": "MWChatPlugin",
            "declAttributes": [
              "HasInitialValue",
              "HasStorage",
              "Custom",
              "AccessControl"
            ],
            "hasStorage": true,
            "accessors": [
              {
                "kind": "Accessor",
                "name": "Get",
                "printedName": "Get()",
                "children": [
                  {
                    "kind": "TypeNominal",
                    "name": "Optional",
                    "printedName": "MobileWorkflowCore.PresentationDelegate?",
                    "children": [
                      {
                        "kind": "TypeNominal",
                        "name": "PresentationDelegate",
                        "printedName": "MobileWorkflowCore.PresentationDelegate",
                        "usr": "s:18MobileWorkflowCore20PresentationDelegateP"
                      }
                    ],
                    "usr": "s:Sq"
                  }
                ],
                "declKind": "Accessor",
                "usr": "s:12MWChatPlugin0A18StepViewControllerC20presentationDelegate18MobileWorkflowCore012PresentationG0_pSgvg",
                "mangledName": "$s12MWChatPlugin0A18StepViewControllerC20presentationDelegate18MobileWorkflowCore012PresentationG0_pSgvg",
                "moduleName": "MWChatPlugin",
                "implicit": true,
                "accessorKind": "get"
              },
              {
                "kind": "Accessor",
                "name": "Set",
                "printedName": "Set()",
                "children": [
                  {
                    "kind": "TypeNominal",
                    "name": "Void",
                    "printedName": "()"
                  },
                  {
                    "kind": "TypeNominal",
                    "name": "Optional",
                    "printedName": "MobileWorkflowCore.PresentationDelegate?",
                    "children": [
                      {
                        "kind": "TypeNominal",
                        "name": "PresentationDelegate",
                        "printedName": "MobileWorkflowCore.PresentationDelegate",
                        "usr": "s:18MobileWorkflowCore20PresentationDelegateP"
                      }
                    ],
                    "usr": "s:Sq"
                  }
                ],
                "declKind": "Accessor",
                "usr": "s:12MWChatPlugin0A18StepViewControllerC20presentationDelegate18MobileWorkflowCore012PresentationG0_pSgvs",
                "mangledName": "$s12MWChatPlugin0A18StepViewControllerC20presentationDelegate18MobileWorkflowCore012PresentationG0_pSgvs",
                "moduleName": "MWChatPlugin",
                "implicit": true,
                "accessorKind": "set"
              },
              {
                "kind": "Accessor",
                "name": "Modify",
                "printedName": "Modify()",
                "children": [
                  {
                    "kind": "TypeNominal",
                    "name": "Void",
                    "printedName": "()"
                  }
                ],
                "declKind": "Accessor",
                "usr": "s:12MWChatPlugin0A18StepViewControllerC20presentationDelegate18MobileWorkflowCore012PresentationG0_pSgvM",
                "mangledName": "$s12MWChatPlugin0A18StepViewControllerC20presentationDelegate18MobileWorkflowCore012PresentationG0_pSgvM",
                "moduleName": "MWChatPlugin",
                "implicit": true,
                "accessorKind": "_modify"
              }
            ]
          },
          {
            "kind": "Function",
            "name": "viewDidLoad",
            "printedName": "viewDidLoad()",
            "children": [
              {
                "kind": "TypeNominal",
                "name": "Void",
                "printedName": "()"
              }
            ],
            "declKind": "Func",
            "usr": "s:12MWChatPlugin0A18StepViewControllerC11viewDidLoadyyF",
            "mangledName": "$s12MWChatPlugin0A18StepViewControllerC11viewDidLoadyyF",
            "moduleName": "MWChatPlugin",
            "overriding": true,
            "objc_name": "viewDidLoad",
            "declAttributes": [
              "Dynamic",
              "ObjC",
              "Custom",
              "Override",
              "AccessControl",
              "RawDocComment"
            ],
            "funcSelfKind": "NonMutating"
          },
          {
            "kind": "Function",
            "name": "viewDidLayoutSubviews",
            "printedName": "viewDidLayoutSubviews()",
            "children": [
              {
                "kind": "TypeNominal",
                "name": "Void",
                "printedName": "()"
              }
            ],
            "declKind": "Func",
            "usr": "s:12MWChatPlugin0A18StepViewControllerC21viewDidLayoutSubviewsyyF",
            "mangledName": "$s12MWChatPlugin0A18StepViewControllerC21viewDidLayoutSubviewsyyF",
            "moduleName": "MWChatPlugin",
            "overriding": true,
            "objc_name": "viewDidLayoutSubviews",
            "declAttributes": [
              "Dynamic",
              "ObjC",
              "Custom",
              "Override",
              "AccessControl"
            ],
            "funcSelfKind": "NonMutating"
          }
        ],
        "declKind": "Class",
        "usr": "s:12MWChatPlugin0A18StepViewControllerC",
        "mangledName": "$s12MWChatPlugin0A18StepViewControllerC",
        "moduleName": "MWChatPlugin",
        "declAttributes": [
          "Custom",
          "AccessControl"
        ],
        "superclassUsr": "s:18MobileWorkflowCore25MWTableStepViewControllerC",
        "hasMissingDesignatedInitializers": true,
        "inheritsConvenienceInitializers": true,
        "superclassNames": [
          "MobileWorkflowCore.MWTableStepViewController<MWChatPlugin.ChatStep>",
          "MobileWorkflowCore.MWStepViewController",
          "UIKit.UIViewController",
          "UIKit.UIResponder",
          "ObjectiveC.NSObject"
        ],
        "conformances": [
          {
            "kind": "Conformance",
            "name": "CanEmbedTitleAsTableHeaderView",
            "printedName": "CanEmbedTitleAsTableHeaderView",
            "usr": "s:18MobileWorkflowCore30CanEmbedTitleAsTableHeaderViewP",
            "mangledName": "$s18MobileWorkflowCore30CanEmbedTitleAsTableHeaderViewP"
          },
          {
            "kind": "Conformance",
            "name": "StepViewController",
            "printedName": "StepViewController",
            "usr": "s:18MobileWorkflowCore18StepViewControllerP",
            "mangledName": "$s18MobileWorkflowCore18StepViewControllerP"
          },
          {
            "kind": "Conformance",
            "name": "Equatable",
            "printedName": "Equatable",
            "usr": "s:SQ",
            "mangledName": "$sSQ"
          },
          {
            "kind": "Conformance",
            "name": "Hashable",
            "printedName": "Hashable",
            "usr": "s:SH",
            "mangledName": "$sSH"
          },
          {
            "kind": "Conformance",
            "name": "CVarArg",
            "printedName": "CVarArg",
            "usr": "s:s7CVarArgP",
            "mangledName": "$ss7CVarArgP"
          },
          {
            "kind": "Conformance",
            "name": "_KeyValueCodingAndObservingPublishing",
            "printedName": "_KeyValueCodingAndObservingPublishing",
            "usr": "s:10Foundation37_KeyValueCodingAndObservingPublishingP",
            "mangledName": "$s10Foundation37_KeyValueCodingAndObservingPublishingP"
          },
          {
            "kind": "Conformance",
            "name": "_KeyValueCodingAndObserving",
            "printedName": "_KeyValueCodingAndObserving",
            "usr": "s:10Foundation27_KeyValueCodingAndObservingP",
            "mangledName": "$s10Foundation27_KeyValueCodingAndObservingP"
          },
          {
            "kind": "Conformance",
            "name": "CustomStringConvertible",
            "printedName": "CustomStringConvertible",
            "usr": "s:s23CustomStringConvertibleP",
            "mangledName": "$ss23CustomStringConvertibleP"
          },
          {
            "kind": "Conformance",
            "name": "CustomDebugStringConvertible",
            "printedName": "CustomDebugStringConvertible",
            "usr": "s:s28CustomDebugStringConvertibleP",
            "mangledName": "$ss28CustomDebugStringConvertibleP"
          }
        ]
      },
      {
        "kind": "Import",
        "name": "Foundation",
        "printedName": "Foundation",
        "declKind": "Import",
        "moduleName": "MWChatPlugin",
        "declAttributes": [
          "RawDocComment"
        ]
      },
      {
        "kind": "TypeDecl",
        "name": "ChatStepItem",
        "printedName": "ChatStepItem",
        "children": [
          {
            "kind": "Constructor",
            "name": "init",
            "printedName": "init(from:)",
            "children": [
              {
                "kind": "TypeNominal",
                "name": "ChatStepItem",
                "printedName": "MWChatPlugin.ChatStepItem",
                "usr": "s:12MWChatPlugin12ChatStepItemC"
              },
              {
                "kind": "TypeNominal",
                "name": "Decoder",
                "printedName": "Swift.Decoder",
                "usr": "s:s7DecoderP"
              }
            ],
            "declKind": "Constructor",
            "usr": "s:12MWChatPlugin12ChatStepItemC4fromACs7Decoder_p_tKcfc",
            "mangledName": "$s12MWChatPlugin12ChatStepItemC4fromACs7Decoder_p_tKcfc",
            "moduleName": "MWChatPlugin",
            "declAttributes": [
              "Required",
              "AccessControl"
            ],
            "throwing": true,
            "init_kind": "Designated"
          },
          {
            "kind": "Function",
            "name": "encode",
            "printedName": "encode(to:)",
            "children": [
              {
                "kind": "TypeNominal",
                "name": "Void",
                "printedName": "()"
              },
              {
                "kind": "TypeNominal",
                "name": "Encoder",
                "printedName": "Swift.Encoder",
                "usr": "s:s7EncoderP"
              }
            ],
            "declKind": "Func",
            "usr": "s:12MWChatPlugin12ChatStepItemC6encode2toys7Encoder_p_tKF",
            "mangledName": "$s12MWChatPlugin12ChatStepItemC6encode2toys7Encoder_p_tKF",
            "moduleName": "MWChatPlugin",
            "implicit": true,
            "throwing": true,
            "funcSelfKind": "NonMutating"
          }
        ],
        "declKind": "Class",
        "usr": "s:12MWChatPlugin12ChatStepItemC",
        "mangledName": "$s12MWChatPlugin12ChatStepItemC",
        "moduleName": "MWChatPlugin",
        "declAttributes": [
          "AccessControl"
        ],
        "hasMissingDesignatedInitializers": true,
        "conformances": [
          {
            "kind": "Conformance",
            "name": "Decodable",
            "printedName": "Decodable",
            "usr": "s:Se",
            "mangledName": "$sSe"
          },
          {
            "kind": "Conformance",
            "name": "Encodable",
            "printedName": "Encodable",
            "usr": "s:SE",
            "mangledName": "$sSE"
          }
        ]
      },
      {
        "kind": "Import",
        "name": "Foundation",
        "printedName": "Foundation",
        "declKind": "Import",
        "moduleName": "MWChatPlugin",
        "declAttributes": [
          "RawDocComment"
        ]
      },
      {
        "kind": "Import",
        "name": "MobileWorkflowCore",
        "printedName": "MobileWorkflowCore",
        "declKind": "Import",
        "moduleName": "MWChatPlugin"
      },
      {
        "kind": "Import",
        "name": "UIKit",
        "printedName": "UIKit",
        "declKind": "Import",
        "moduleName": "MWChatPlugin"
      },
      {
        "kind": "TypeDecl",
        "name": "ChatStep",
        "printedName": "ChatStep",
        "children": [
          {
            "kind": "Var",
            "name": "stepContext",
            "printedName": "stepContext",
            "children": [
              {
                "kind": "TypeNominal",
                "name": "StepContext",
                "printedName": "MobileWorkflowCore.StepContext",
                "usr": "s:18MobileWorkflowCore11StepContextV"
              }
            ],
            "declKind": "Var",
            "usr": "s:12MWChatPlugin8ChatStepC11stepContext18MobileWorkflowCore0dF0Vvp",
            "mangledName": "$s12MWChatPlugin8ChatStepC11stepContext18MobileWorkflowCore0dF0Vvp",
            "moduleName": "MWChatPlugin",
            "declAttributes": [
              "HasStorage",
              "AccessControl"
            ],
            "hasStorage": true,
            "accessors": [
              {
                "kind": "Accessor",
                "name": "Get",
                "printedName": "Get()",
                "children": [
                  {
                    "kind": "TypeNominal",
                    "name": "StepContext",
                    "printedName": "MobileWorkflowCore.StepContext",
                    "usr": "s:18MobileWorkflowCore11StepContextV"
                  }
                ],
                "declKind": "Accessor",
                "usr": "s:12MWChatPlugin8ChatStepC11stepContext18MobileWorkflowCore0dF0Vvg",
                "mangledName": "$s12MWChatPlugin8ChatStepC11stepContext18MobileWorkflowCore0dF0Vvg",
                "moduleName": "MWChatPlugin",
                "implicit": true,
                "accessorKind": "get"
              },
              {
                "kind": "Accessor",
                "name": "Set",
                "printedName": "Set()",
                "children": [
                  {
                    "kind": "TypeNominal",
                    "name": "Void",
                    "printedName": "()"
                  },
                  {
                    "kind": "TypeNominal",
                    "name": "StepContext",
                    "printedName": "MobileWorkflowCore.StepContext",
                    "usr": "s:18MobileWorkflowCore11StepContextV"
                  }
                ],
                "declKind": "Accessor",
                "usr": "s:12MWChatPlugin8ChatStepC11stepContext18MobileWorkflowCore0dF0Vvs",
                "mangledName": "$s12MWChatPlugin8ChatStepC11stepContext18MobileWorkflowCore0dF0Vvs",
                "moduleName": "MWChatPlugin",
                "implicit": true,
                "accessorKind": "set"
              },
              {
                "kind": "Accessor",
                "name": "Modify",
                "printedName": "Modify()",
                "children": [
                  {
                    "kind": "TypeNominal",
                    "name": "Void",
                    "printedName": "()"
                  }
                ],
                "declKind": "Accessor",
                "usr": "s:12MWChatPlugin8ChatStepC11stepContext18MobileWorkflowCore0dF0VvM",
                "mangledName": "$s12MWChatPlugin8ChatStepC11stepContext18MobileWorkflowCore0dF0VvM",
                "moduleName": "MWChatPlugin",
                "implicit": true,
                "accessorKind": "_modify"
              }
            ]
          },
          {
            "kind": "Var",
            "name": "session",
            "printedName": "session",
            "children": [
              {
                "kind": "TypeNominal",
                "name": "Session",
                "printedName": "MobileWorkflowCore.Session",
                "usr": "s:18MobileWorkflowCore7SessionC"
              }
            ],
            "declKind": "Var",
            "usr": "s:12MWChatPlugin8ChatStepC7session18MobileWorkflowCore7SessionCvp",
            "mangledName": "$s12MWChatPlugin8ChatStepC7session18MobileWorkflowCore7SessionCvp",
            "moduleName": "MWChatPlugin",
            "declAttributes": [
              "HasStorage",
              "AccessControl"
            ],
            "hasStorage": true,
            "accessors": [
              {
                "kind": "Accessor",
                "name": "Get",
                "printedName": "Get()",
                "children": [
                  {
                    "kind": "TypeNominal",
                    "name": "Session",
                    "printedName": "MobileWorkflowCore.Session",
                    "usr": "s:18MobileWorkflowCore7SessionC"
                  }
                ],
                "declKind": "Accessor",
                "usr": "s:12MWChatPlugin8ChatStepC7session18MobileWorkflowCore7SessionCvg",
                "mangledName": "$s12MWChatPlugin8ChatStepC7session18MobileWorkflowCore7SessionCvg",
                "moduleName": "MWChatPlugin",
                "implicit": true,
                "accessorKind": "get"
              },
              {
                "kind": "Accessor",
                "name": "Set",
                "printedName": "Set()",
                "children": [
                  {
                    "kind": "TypeNominal",
                    "name": "Void",
                    "printedName": "()"
                  },
                  {
                    "kind": "TypeNominal",
                    "name": "Session",
                    "printedName": "MobileWorkflowCore.Session",
                    "usr": "s:18MobileWorkflowCore7SessionC"
                  }
                ],
                "declKind": "Accessor",
                "usr": "s:12MWChatPlugin8ChatStepC7session18MobileWorkflowCore7SessionCvs",
                "mangledName": "$s12MWChatPlugin8ChatStepC7session18MobileWorkflowCore7SessionCvs",
                "moduleName": "MWChatPlugin",
                "implicit": true,
                "accessorKind": "set"
              },
              {
                "kind": "Accessor",
                "name": "Modify",
                "printedName": "Modify()",
                "children": [
                  {
                    "kind": "TypeNominal",
                    "name": "Void",
                    "printedName": "()"
                  }
                ],
                "declKind": "Accessor",
                "usr": "s:12MWChatPlugin8ChatStepC7session18MobileWorkflowCore7SessionCvM",
                "mangledName": "$s12MWChatPlugin8ChatStepC7session18MobileWorkflowCore7SessionCvM",
                "moduleName": "MWChatPlugin",
                "implicit": true,
                "accessorKind": "_modify"
              }
            ]
          },
          {
            "kind": "Var",
            "name": "services",
            "printedName": "services",
            "children": [
              {
                "kind": "TypeNominal",
                "name": "StepServices",
                "printedName": "MobileWorkflowCore.StepServices",
                "usr": "s:18MobileWorkflowCore12StepServicesC"
              }
            ],
            "declKind": "Var",
            "usr": "s:12MWChatPlugin8ChatStepC8services18MobileWorkflowCore0D8ServicesCvp",
            "mangledName": "$s12MWChatPlugin8ChatStepC8services18MobileWorkflowCore0D8ServicesCvp",
            "moduleName": "MWChatPlugin",
            "declAttributes": [
              "HasStorage",
              "AccessControl"
            ],
            "hasStorage": true,
            "accessors": [
              {
                "kind": "Accessor",
                "name": "Get",
                "printedName": "Get()",
                "children": [
                  {
                    "kind": "TypeNominal",
                    "name": "StepServices",
                    "printedName": "MobileWorkflowCore.StepServices",
                    "usr": "s:18MobileWorkflowCore12StepServicesC"
                  }
                ],
                "declKind": "Accessor",
                "usr": "s:12MWChatPlugin8ChatStepC8services18MobileWorkflowCore0D8ServicesCvg",
                "mangledName": "$s12MWChatPlugin8ChatStepC8services18MobileWorkflowCore0D8ServicesCvg",
                "moduleName": "MWChatPlugin",
                "implicit": true,
                "accessorKind": "get"
              },
              {
                "kind": "Accessor",
                "name": "Set",
                "printedName": "Set()",
                "children": [
                  {
                    "kind": "TypeNominal",
                    "name": "Void",
                    "printedName": "()"
                  },
                  {
                    "kind": "TypeNominal",
                    "name": "StepServices",
                    "printedName": "MobileWorkflowCore.StepServices",
                    "usr": "s:18MobileWorkflowCore12StepServicesC"
                  }
                ],
                "declKind": "Accessor",
                "usr": "s:12MWChatPlugin8ChatStepC8services18MobileWorkflowCore0D8ServicesCvs",
                "mangledName": "$s12MWChatPlugin8ChatStepC8services18MobileWorkflowCore0D8ServicesCvs",
                "moduleName": "MWChatPlugin",
                "implicit": true,
                "accessorKind": "set"
              },
              {
                "kind": "Accessor",
                "name": "Modify",
                "printedName": "Modify()",
                "children": [
                  {
                    "kind": "TypeNominal",
                    "name": "Void",
                    "printedName": "()"
                  }
                ],
                "declKind": "Accessor",
                "usr": "s:12MWChatPlugin8ChatStepC8services18MobileWorkflowCore0D8ServicesCvM",
                "mangledName": "$s12MWChatPlugin8ChatStepC8services18MobileWorkflowCore0D8ServicesCvM",
                "moduleName": "MWChatPlugin",
                "implicit": true,
                "accessorKind": "_modify"
              }
            ]
          },
          {
            "kind": "Var",
            "name": "items",
            "printedName": "items",
            "children": [
              {
                "kind": "TypeNominal",
                "name": "Array",
                "printedName": "[MWChatPlugin.ChatStepItem]",
                "children": [
                  {
                    "kind": "TypeNominal",
                    "name": "ChatStepItem",
                    "printedName": "MWChatPlugin.ChatStepItem",
                    "usr": "s:12MWChatPlugin12ChatStepItemC"
                  }
                ],
                "usr": "s:Sa"
              }
            ],
            "declKind": "Var",
            "usr": "s:12MWChatPlugin8ChatStepC5itemsSayAA0cD4ItemCGvp",
            "mangledName": "$s12MWChatPlugin8ChatStepC5itemsSayAA0cD4ItemCGvp",
            "moduleName": "MWChatPlugin",
            "declAttributes": [
              "HasStorage",
              "AccessControl"
            ],
            "hasStorage": true,
            "accessors": [
              {
                "kind": "Accessor",
                "name": "Get",
                "printedName": "Get()",
                "children": [
                  {
                    "kind": "TypeNominal",
                    "name": "Array",
                    "printedName": "[MWChatPlugin.ChatStepItem]",
                    "children": [
                      {
                        "kind": "TypeNominal",
                        "name": "ChatStepItem",
                        "printedName": "MWChatPlugin.ChatStepItem",
                        "usr": "s:12MWChatPlugin12ChatStepItemC"
                      }
                    ],
                    "usr": "s:Sa"
                  }
                ],
                "declKind": "Accessor",
                "usr": "s:12MWChatPlugin8ChatStepC5itemsSayAA0cD4ItemCGvg",
                "mangledName": "$s12MWChatPlugin8ChatStepC5itemsSayAA0cD4ItemCGvg",
                "moduleName": "MWChatPlugin",
                "implicit": true,
                "accessorKind": "get"
              },
              {
                "kind": "Accessor",
                "name": "Set",
                "printedName": "Set()",
                "children": [
                  {
                    "kind": "TypeNominal",
                    "name": "Void",
                    "printedName": "()"
                  },
                  {
                    "kind": "TypeNominal",
                    "name": "Array",
                    "printedName": "[MWChatPlugin.ChatStepItem]",
                    "children": [
                      {
                        "kind": "TypeNominal",
                        "name": "ChatStepItem",
                        "printedName": "MWChatPlugin.ChatStepItem",
                        "usr": "s:12MWChatPlugin12ChatStepItemC"
                      }
                    ],
                    "usr": "s:Sa"
                  }
                ],
                "declKind": "Accessor",
                "usr": "s:12MWChatPlugin8ChatStepC5itemsSayAA0cD4ItemCGvs",
                "mangledName": "$s12MWChatPlugin8ChatStepC5itemsSayAA0cD4ItemCGvs",
                "moduleName": "MWChatPlugin",
                "implicit": true,
                "accessorKind": "set"
              },
              {
                "kind": "Accessor",
                "name": "Modify",
                "printedName": "Modify()",
                "children": [
                  {
                    "kind": "TypeNominal",
                    "name": "Void",
                    "printedName": "()"
                  }
                ],
                "declKind": "Accessor",
                "usr": "s:12MWChatPlugin8ChatStepC5itemsSayAA0cD4ItemCGvM",
                "mangledName": "$s12MWChatPlugin8ChatStepC5itemsSayAA0cD4ItemCGvM",
                "moduleName": "MWChatPlugin",
                "implicit": true,
                "accessorKind": "_modify"
              }
            ]
          },
          {
            "kind": "Constructor",
            "name": "init",
            "printedName": "init(identifier:title:text:theme:links:navigationItems:)",
            "children": [
              {
                "kind": "TypeNominal",
                "name": "ChatStep",
                "printedName": "MWChatPlugin.ChatStep",
                "usr": "s:12MWChatPlugin8ChatStepC"
              },
              {
                "kind": "TypeNominal",
                "name": "String",
                "printedName": "Swift.String",
                "usr": "s:SS"
              },
              {
                "kind": "TypeNominal",
                "name": "Optional",
                "printedName": "Swift.String?",
                "children": [
                  {
                    "kind": "TypeNominal",
                    "name": "String",
                    "printedName": "Swift.String",
                    "usr": "s:SS"
                  }
                ],
                "hasDefaultArg": true,
                "usr": "s:Sq"
              },
              {
                "kind": "TypeNominal",
                "name": "Optional",
                "printedName": "Swift.String?",
                "children": [
                  {
                    "kind": "TypeNominal",
                    "name": "String",
                    "printedName": "Swift.String",
                    "usr": "s:SS"
                  }
                ],
                "hasDefaultArg": true,
                "usr": "s:Sq"
              },
              {
                "kind": "TypeNominal",
                "name": "Theme",
                "printedName": "MobileWorkflowCore.Theme",
                "hasDefaultArg": true,
                "usr": "s:18MobileWorkflowCore5ThemeV"
              },
              {
                "kind": "TypeNominal",
                "name": "Array",
                "printedName": "[MobileWorkflowCore.StepLink]",
                "children": [
                  {
                    "kind": "TypeNominal",
                    "name": "StepLink",
                    "printedName": "MobileWorkflowCore.StepLink",
                    "usr": "s:18MobileWorkflowCore8StepLinkV"
                  }
                ],
                "hasDefaultArg": true,
                "usr": "s:Sa"
              },
              {
                "kind": "TypeNominal",
                "name": "Array",
                "printedName": "[MobileWorkflowCore.StepNavigationItem]",
                "children": [
                  {
                    "kind": "TypeNominal",
                    "name": "StepNavigationItem",
                    "printedName": "MobileWorkflowCore.StepNavigationItem",
                    "usr": "s:18MobileWorkflowCore18StepNavigationItemV"
                  }
                ],
                "hasDefaultArg": true,
                "usr": "s:Sa"
              }
            ],
            "declKind": "Constructor",
            "usr": "s:12MWChatPlugin8ChatStepC10identifier5title4text5theme5links15navigationItemsACSS_SSSgAJ18MobileWorkflowCore5ThemeVSayAK0D4LinkVGSayAK0D14NavigationItemVGtcfc",
            "mangledName": "$s12MWChatPlugin8ChatStepC10identifier5title4text5theme5links15navigationItemsACSS_SSSgAJ18MobileWorkflowCore5ThemeVSayAK0D4LinkVGSayAK0D14NavigationItemVGtcfc",
            "moduleName": "MWChatPlugin",
            "overriding": true,
            "implicit": true,
            "declAttributes": [
              "Override"
            ],
            "init_kind": "Designated"
          },
          {
            "kind": "Var",
            "name": "style",
            "printedName": "style",
            "children": [
              {
                "kind": "TypeNominal",
                "name": "Style",
                "printedName": "UIKit.UITableView.Style",
                "usr": "c:@E@UITableViewStyle"
              }
            ],
            "declKind": "Var",
            "usr": "s:12MWChatPlugin8ChatStepC5styleSo16UITableViewStyleVvp",
            "mangledName": "$s12MWChatPlugin8ChatStepC5styleSo16UITableViewStyleVvp",
            "moduleName": "MWChatPlugin",
            "declAttributes": [
              "AccessControl"
            ],
            "isFromExtension": true,
            "accessors": [
              {
                "kind": "Accessor",
                "name": "Get",
                "printedName": "Get()",
                "children": [
                  {
                    "kind": "TypeNominal",
                    "name": "Style",
                    "printedName": "UIKit.UITableView.Style",
                    "usr": "c:@E@UITableViewStyle"
                  }
                ],
                "declKind": "Accessor",
                "usr": "s:12MWChatPlugin8ChatStepC5styleSo16UITableViewStyleVvg",
                "mangledName": "$s12MWChatPlugin8ChatStepC5styleSo16UITableViewStyleVvg",
                "moduleName": "MWChatPlugin",
                "isFromExtension": true,
                "accessorKind": "get"
              }
            ]
          },
          {
            "kind": "Var",
            "name": "hasNavigationFooterInTableFooter",
            "printedName": "hasNavigationFooterInTableFooter",
            "children": [
              {
                "kind": "TypeNominal",
                "name": "Bool",
                "printedName": "Swift.Bool",
                "usr": "s:Sb"
              }
            ],
            "declKind": "Var",
            "usr": "s:12MWChatPlugin8ChatStepC026hasNavigationFooterInTableG0Sbvp",
            "mangledName": "$s12MWChatPlugin8ChatStepC026hasNavigationFooterInTableG0Sbvp",
            "moduleName": "MWChatPlugin",
            "declAttributes": [
              "AccessControl"
            ],
            "isFromExtension": true,
            "accessors": [
              {
                "kind": "Accessor",
                "name": "Get",
                "printedName": "Get()",
                "children": [
                  {
                    "kind": "TypeNominal",
                    "name": "Bool",
                    "printedName": "Swift.Bool",
                    "usr": "s:Sb"
                  }
                ],
                "declKind": "Accessor",
                "usr": "s:12MWChatPlugin8ChatStepC026hasNavigationFooterInTableG0Sbvg",
                "mangledName": "$s12MWChatPlugin8ChatStepC026hasNavigationFooterInTableG0Sbvg",
                "moduleName": "MWChatPlugin",
                "isFromExtension": true,
                "accessorKind": "get"
              }
            ]
          },
          {
            "kind": "Function",
            "name": "reuseIdentifierForTableRow",
            "printedName": "reuseIdentifierForTableRow(at:)",
            "children": [
              {
                "kind": "TypeNominal",
                "name": "String",
                "printedName": "Swift.String",
                "usr": "s:SS"
              },
              {
                "kind": "TypeNominal",
                "name": "IndexPath",
                "printedName": "Foundation.IndexPath",
                "usr": "s:10Foundation9IndexPathV"
              }
            ],
            "declKind": "Func",
            "usr": "s:12MWChatPlugin8ChatStepC26reuseIdentifierForTableRow2atSS10Foundation9IndexPathV_tF",
            "mangledName": "$s12MWChatPlugin8ChatStepC26reuseIdentifierForTableRow2atSS10Foundation9IndexPathV_tF",
            "moduleName": "MWChatPlugin",
            "declAttributes": [
              "AccessControl"
            ],
            "isFromExtension": true,
            "funcSelfKind": "NonMutating"
          },
          {
            "kind": "Function",
            "name": "registerTableCells",
            "printedName": "registerTableCells(for:)",
            "children": [
              {
                "kind": "TypeNominal",
                "name": "Void",
                "printedName": "()"
              },
              {
                "kind": "TypeNominal",
                "name": "UITableView",
                "printedName": "UIKit.UITableView",
                "usr": "c:objc(cs)UITableView"
              }
            ],
            "declKind": "Func",
            "usr": "s:12MWChatPlugin8ChatStepC18registerTableCells3forySo11UITableViewC_tF",
            "mangledName": "$s12MWChatPlugin8ChatStepC18registerTableCells3forySo11UITableViewC_tF",
            "moduleName": "MWChatPlugin",
            "declAttributes": [
              "AccessControl"
            ],
            "isFromExtension": true,
            "funcSelfKind": "NonMutating"
          },
          {
            "kind": "Function",
            "name": "configureTableCell",
            "printedName": "configureTableCell(_:indexPath:tableView:)",
            "children": [
              {
                "kind": "TypeNominal",
                "name": "Void",
                "printedName": "()"
              },
              {
                "kind": "TypeNominal",
                "name": "UITableViewCell",
                "printedName": "UIKit.UITableViewCell",
                "usr": "c:objc(cs)UITableViewCell"
              },
              {
                "kind": "TypeNominal",
                "name": "IndexPath",
                "printedName": "Foundation.IndexPath",
                "usr": "s:10Foundation9IndexPathV"
              },
              {
                "kind": "TypeNominal",
                "name": "UITableView",
                "printedName": "UIKit.UITableView",
                "usr": "c:objc(cs)UITableView"
              }
            ],
            "declKind": "Func",
            "usr": "s:12MWChatPlugin8ChatStepC18configureTableCell_9indexPath9tableViewySo07UITablekG0C_10Foundation05IndexI0VSo0lK0CtF",
            "mangledName": "$s12MWChatPlugin8ChatStepC18configureTableCell_9indexPath9tableViewySo07UITablekG0C_10Foundation05IndexI0VSo0lK0CtF",
            "moduleName": "MWChatPlugin",
            "declAttributes": [
              "AccessControl"
            ],
            "isFromExtension": true,
            "funcSelfKind": "NonMutating"
          }
        ],
        "declKind": "Class",
        "usr": "s:12MWChatPlugin8ChatStepC",
        "mangledName": "$s12MWChatPlugin8ChatStepC",
        "moduleName": "MWChatPlugin",
        "declAttributes": [
          "AccessControl"
        ],
        "superclassUsr": "s:18MobileWorkflowCore6MWStepC",
        "hasMissingDesignatedInitializers": true,
        "superclassNames": [
          "MobileWorkflowCore.MWStep"
        ],
        "conformances": [
          {
            "kind": "Conformance",
            "name": "TableStep",
            "printedName": "TableStep",
            "children": [
              {
                "kind": "TypeWitness",
                "name": "Item",
                "printedName": "Item",
                "children": [
                  {
                    "kind": "TypeNominal",
                    "name": "ChatStepItem",
                    "printedName": "MWChatPlugin.ChatStepItem",
                    "usr": "s:12MWChatPlugin12ChatStepItemC"
                  }
                ]
              }
            ],
            "usr": "s:18MobileWorkflowCore9TableStepP",
            "mangledName": "$s18MobileWorkflowCore9TableStepP"
          },
          {
            "kind": "Conformance",
            "name": "Step",
            "printedName": "Step",
            "usr": "s:18MobileWorkflowCore4StepP",
            "mangledName": "$s18MobileWorkflowCore4StepP"
          }
        ]
      },
      {
        "kind": "Import",
        "name": "UIKit",
        "printedName": "UIKit",
        "declKind": "Import",
        "moduleName": "MWChatPlugin",
        "declAttributes": [
          "RawDocComment"
        ]
      },
      {
        "kind": "Import",
        "name": "UIKit",
        "printedName": "UIKit",
        "declKind": "Import",
        "moduleName": "MWChatPlugin",
        "declAttributes": [
          "RawDocComment"
        ]
      },
      {
        "kind": "Import",
        "name": "UIKit",
        "printedName": "UIKit",
        "declKind": "Import",
        "moduleName": "MWChatPlugin",
        "declAttributes": [
          "RawDocComment"
        ]
      }
    ],
    "json_format_version": 8
  },
  "ConstValues": [
    {
      "filePath": "\/Users\/vagrant\/git\/project\/MWChatPlugin\/MWChatPlugin\/MWChatPluginStruct.swift",
      "kind": "StringLiteral",
      "offset": 313,
      "length": 43,
      "value": "\"io.mobileworkflow.NetworkChatConversation\""
    },
    {
      "filePath": "\/Users\/vagrant\/git\/project\/MWChatPlugin\/MWChatPlugin\/MWChatPluginStruct.swift",
      "kind": "StringLiteral",
      "offset": 373,
      "length": 36,
      "value": "\"io.mobileworkflow.ChatConversation\""
    },
    {
      "filePath": "\/Users\/vagrant\/git\/project\/MWChatPlugin\/MWChatPlugin\/MWChatPluginStruct.swift",
      "kind": "StringLiteral",
      "offset": 313,
      "length": 43,
      "value": "\"io.mobileworkflow.NetworkChatConversation\""
    },
    {
      "filePath": "\/Users\/vagrant\/git\/project\/MWChatPlugin\/MWChatPlugin\/MWChatPluginStruct.swift",
      "kind": "StringLiteral",
      "offset": 373,
      "length": 36,
      "value": "\"io.mobileworkflow.ChatConversation\""
    },
    {
      "filePath": "\/Users\/vagrant\/git\/project\/MWChatPlugin\/MWChatPlugin\/MWChatPluginStruct.swift",
      "kind": "StringLiteral",
      "offset": 737,
      "length": 6,
      "value": "\"Send\""
    },
    {
      "filePath": "\/Users\/vagrant\/git\/project\/MWChatPlugin\/MWChatPlugin\/MWChatPluginStruct.swift",
      "kind": "StringLiteral",
      "offset": 788,
      "length": 9,
      "value": "\"Message\""
    },
    {
      "filePath": "\/Users\/vagrant\/git\/project\/MWChatPlugin\/MWChatPlugin\/MWChat\/Network\/MWNetworkChatStep.swift",
      "kind": "Array",
      "offset": 971,
      "length": 2,
      "value": "[]"
    },
    {
      "filePath": "\/Users\/vagrant\/git\/project\/MWChatPlugin\/MWChatPlugin\/MWChat\/Network\/MWNetworkChatStep.swift",
      "kind": "StringLiteral",
      "offset": 517,
      "length": 17,
      "value": "\"MWChatPlugin.MWNetworkChatStep\""
    },
    {
      "filePath": "\/Users\/vagrant\/git\/project\/MWChatPlugin\/MWChatPlugin\/MWChat\/Network\/MWNetworkChatStepViewController.swift",
      "kind": "BooleanLiteral",
      "offset": 517,
      "length": 4,
      "value": "true"
    },
    {
      "filePath": "\/Users\/vagrant\/git\/project\/MWChatPlugin\/MWChatPlugin\/MWChat\/Local\/MWChatStepViewController.swift",
      "kind": "BooleanLiteral",
      "offset": 3073,
      "length": 4,
      "value": "true"
    },
    {
      "filePath": "\/Users\/vagrant\/git\/project\/MWChatPlugin\/MWChatPlugin\/MWChat\/Model\/ChatStep.swift",
      "kind": "StringLiteral",
      "offset": 153,
      "length": 8,
      "value": "\"MWChatPlugin.ChatStep\""
    },
    {
      "filePath": "\/Users\/vagrant\/git\/project\/MWChatPlugin\/MWChatPlugin\/MWChat\/Views\/ThreadSenderCell.swift",
      "kind": "IntegerLiteral",
      "offset": 402,
      "length": 1,
      "value": "0"
    },
    {
      "filePath": "\/Users\/vagrant\/git\/project\/MWChatPlugin\/MWChatPlugin\/MWChat\/Views\/ThreadSenderCell.swift",
      "kind": "BooleanLiteral",
      "offset": 469,
      "length": 5,
      "value": "false"
    },
    {
      "filePath": "\/Users\/vagrant\/git\/project\/MWChatPlugin\/MWChatPlugin\/MWChat\/Views\/ThreadSenderCell.swift",
      "kind": "IntegerLiteral",
      "offset": 728,
      "length": 1,
      "value": "0"
    },
    {
      "filePath": "\/Users\/vagrant\/git\/project\/MWChatPlugin\/MWChatPlugin\/MWChat\/Views\/ThreadSenderCell.swift",
      "kind": "BooleanLiteral",
      "offset": 795,
      "length": 5,
      "value": "false"
    },
    {
      "filePath": "\/Users\/vagrant\/git\/project\/MWChatPlugin\/MWChatPlugin\/MWChat\/Views\/ThreadSenderCell.swift",
      "kind": "IntegerLiteral",
      "offset": 969,
      "length": 2,
      "value": "20"
    },
    {
      "filePath": "\/Users\/vagrant\/git\/project\/MWChatPlugin\/MWChatPlugin\/MWChat\/Views\/ThreadSenderCell.swift",
      "kind": "BooleanLiteral",
      "offset": 1013,
      "length": 4,
      "value": "true"
    },
    {
      "filePath": "\/Users\/vagrant\/git\/project\/MWChatPlugin\/MWChatPlugin\/MWChat\/Views\/ThreadSenderCell.swift",
      "kind": "BooleanLiteral",
      "offset": 1081,
      "length": 5,
      "value": "false"
    },
    {
      "filePath": "\/Users\/vagrant\/git\/project\/MWChatPlugin\/MWChatPlugin\/MWChat\/Views\/ThreadSenderCell.swift",
      "kind": "StringLiteral",
      "offset": 1660,
      "length": 5,
      "value": "\"You\""
    },
    {
      "filePath": "\/Users\/vagrant\/git\/project\/MWChatPlugin\/MWChatPlugin\/MWChat\/Views\/ChatBox.swift",
      "kind": "BooleanLiteral",
      "offset": 260,
      "length": 4,
      "value": "true"
    },
    {
      "filePath": "\/Users\/vagrant\/git\/project\/MWChatPlugin\/MWChatPlugin\/MWChat\/Views\/ChatBox.swift",
      "kind": "BooleanLiteral",
      "offset": 396,
      "length": 5,
      "value": "false"
    },
    {
      "filePath": "\/Users\/vagrant\/git\/project\/MWChatPlugin\/MWChatPlugin\/MWChat\/Views\/ChatBox.swift",
      "kind": "IntegerLiteral",
      "offset": 445,
      "length": 2,
      "value": "12"
    },
    {
      "filePath": "\/Users\/vagrant\/git\/project\/MWChatPlugin\/MWChatPlugin\/MWChat\/Views\/ChatBox.swift",
      "kind": "BooleanLiteral",
      "offset": 562,
      "length": 5,
      "value": "false"
    },
    {
      "filePath": "\/Users\/vagrant\/git\/project\/MWChatPlugin\/MWChatPlugin\/MWChat\/Views\/ChatBox.swift",
      "kind": "BooleanLiteral",
      "offset": 854,
      "length": 4,
      "value": "true"
    },
    {
      "filePath": "\/Users\/vagrant\/git\/project\/MWChatPlugin\/MWChatPlugin\/MWChat\/Views\/ChatBox.swift",
      "kind": "IntegerLiteral",
      "offset": 912,
      "length": 1,
      "value": "6"
    },
    {
      "filePath": "\/Users\/vagrant\/git\/project\/MWChatPlugin\/MWChatPlugin\/MWChat\/Views\/ChatBox.swift",
      "kind": "IntegerLiteral",
      "offset": 921,
      "length": 2,
      "value": "12"
    },
    {
      "filePath": "\/Users\/vagrant\/git\/project\/MWChatPlugin\/MWChatPlugin\/MWChat\/Views\/ChatBox.swift",
      "kind": "IntegerLiteral",
      "offset": 933,
      "length": 1,
      "value": "6"
    },
    {
      "filePath": "\/Users\/vagrant\/git\/project\/MWChatPlugin\/MWChatPlugin\/MWChat\/Views\/ChatBox.swift",
      "kind": "IntegerLiteral",
      "offset": 943,
      "length": 2,
      "value": "12"
    },
    {
      "filePath": "\/Users\/vagrant\/git\/project\/MWChatPlugin\/MWChatPlugin\/MWChat\/Views\/ChatBox.swift",
      "kind": "BooleanLiteral",
      "offset": 1089,
      "length": 5,
      "value": "false"
    },
    {
      "filePath": "\/Users\/vagrant\/git\/project\/MWChatPlugin\/MWChatPlugin\/MWChat\/Views\/ChatBox.swift",
      "kind": "IntegerLiteral",
      "offset": 1184,
      "length": 3,
      "value": "100"
    },
    {
      "filePath": "\/Users\/vagrant\/git\/project\/MWChatPlugin\/MWChatPlugin\/MWChat\/Views\/ChatBox.swift",
      "kind": "BooleanLiteral",
      "offset": 1231,
      "length": 4,
      "value": "true"
    },
    {
      "filePath": "\/Users\/vagrant\/git\/project\/MWChatPlugin\/MWChatPlugin\/MWChat\/Views\/ThreadCell.swift",
      "kind": "IntegerLiteral",
      "offset": 390,
      "length": 1,
      "value": "0"
    },
    {
      "filePath": "\/Users\/vagrant\/git\/project\/MWChatPlugin\/MWChatPlugin\/MWChat\/Views\/ThreadCell.swift",
      "kind": "BooleanLiteral",
      "offset": 457,
      "length": 5,
      "value": "false"
    },
    {
      "filePath": "\/Users\/vagrant\/git\/project\/MWChatPlugin\/MWChatPlugin\/MWChat\/Views\/ThreadCell.swift",
      "kind": "IntegerLiteral",
      "offset": 756,
      "length": 1,
      "value": "0"
    },
    {
      "filePath": "\/Users\/vagrant\/git\/project\/MWChatPlugin\/MWChatPlugin\/MWChat\/Views\/ThreadCell.swift",
      "kind": "BooleanLiteral",
      "offset": 823,
      "length": 5,
      "value": "false"
    },
    {
      "filePath": "\/Users\/vagrant\/git\/project\/MWChatPlugin\/MWChatPlugin\/MWChat\/Views\/ThreadCell.swift",
      "kind": "IntegerLiteral",
      "offset": 1061,
      "length": 2,
      "value": "20"
    },
    {
      "filePath": "\/Users\/vagrant\/git\/project\/MWChatPlugin\/MWChatPlugin\/MWChat\/Views\/ThreadCell.swift",
      "kind": "BooleanLiteral",
      "offset": 1105,
      "length": 4,
      "value": "true"
    },
    {
      "filePath": "\/Users\/vagrant\/git\/project\/MWChatPlugin\/MWChatPlugin\/MWChat\/Views\/ThreadCell.swift",
      "kind": "BooleanLiteral",
      "offset": 1173,
      "length": 5,
      "value": "false"
    }
  ]
}