{
  "ABIRoot": {
    "kind": "Root",
    "name": "TopLevel",
    "printedName": "TopLevel",
    "children": [
      {
        "kind": "Import",
        "name": "MobileWorkflowCore",
        "printedName": "MobileWorkflowCore",
        "declKind": "Import",
        "moduleName": "MWInAppPurchasesPlugin",
        "declAttributes": [
          "RawDocComment"
        ]
      },
      {
        "kind": "Import",
        "name": "UIKit",
        "printedName": "UIKit",
        "declKind": "Import",
        "moduleName": "MWInAppPurchasesPlugin"
      },
      {
        "kind": "TypeDecl",
        "name": "MWPurchaseStepViewController",
        "printedName": "MWPurchaseStepViewController",
        "children": [
          {
            "kind": "Function",
            "name": "viewWillAppear",
            "printedName": "viewWillAppear(_:)",
            "children": [
              {
                "kind": "TypeNominal",
                "name": "Void",
                "printedName": "()"
              },
              {
                "kind": "TypeNominal",
                "name": "Bool",
                "printedName": "Swift.Bool",
                "usr": "s:Sb"
              }
            ],
            "declKind": "Func",
            "usr": "s:22MWInAppPurchasesPlugin28MWPurchaseStepViewControllerC14viewWillAppearyySbF",
            "mangledName": "$s22MWInAppPurchasesPlugin28MWPurchaseStepViewControllerC14viewWillAppearyySbF",
            "moduleName": "MWInAppPurchasesPlugin",
            "overriding": true,
            "objc_name": "viewWillAppear:",
            "declAttributes": [
              "Dynamic",
              "ObjC",
              "Custom",
              "Override",
              "AccessControl"
            ],
            "funcSelfKind": "NonMutating"
          },
          {
            "kind": "Function",
            "name": "viewDidAppear",
            "printedName": "viewDidAppear(_:)",
            "children": [
              {
                "kind": "TypeNominal",
                "name": "Void",
                "printedName": "()"
              },
              {
                "kind": "TypeNominal",
                "name": "Bool",
                "printedName": "Swift.Bool",
                "usr": "s:Sb"
              }
            ],
            "declKind": "Func",
            "usr": "s:22MWInAppPurchasesPlugin28MWPurchaseStepViewControllerC13viewDidAppearyySbF",
            "mangledName": "$s22MWInAppPurchasesPlugin28MWPurchaseStepViewControllerC13viewDidAppearyySbF",
            "moduleName": "MWInAppPurchasesPlugin",
            "overriding": true,
            "objc_name": "viewDidAppear:",
            "declAttributes": [
              "Dynamic",
              "ObjC",
              "Custom",
              "Override",
              "AccessControl"
            ],
            "funcSelfKind": "NonMutating"
          },
          {
            "kind": "Function",
            "name": "tableView",
            "printedName": "tableView(_:didSelectRowAt:)",
            "children": [
              {
                "kind": "TypeNominal",
                "name": "Void",
                "printedName": "()"
              },
              {
                "kind": "TypeNominal",
                "name": "UITableView",
                "printedName": "UIKit.UITableView",
                "usr": "c:objc(cs)UITableView"
              },
              {
                "kind": "TypeNominal",
                "name": "IndexPath",
                "printedName": "Foundation.IndexPath",
                "usr": "s:10Foundation9IndexPathV"
              }
            ],
            "declKind": "Func",
            "usr": "s:22MWInAppPurchasesPlugin28MWPurchaseStepViewControllerC05tableG0_14didSelectRowAtySo07UITableG0C_10Foundation9IndexPathVtF",
            "mangledName": "$s22MWInAppPurchasesPlugin28MWPurchaseStepViewControllerC05tableG0_14didSelectRowAtySo07UITableG0C_10Foundation9IndexPathVtF",
            "moduleName": "MWInAppPurchasesPlugin",
            "overriding": true,
            "objc_name": "tableView:didSelectRowAtIndexPath:",
            "declAttributes": [
              "ObjC",
              "Custom",
              "Override",
              "AccessControl"
            ],
            "funcSelfKind": "NonMutating"
          },
          {
            "kind": "Constructor",
            "name": "init",
            "printedName": "init(tableStep:)",
            "children": [
              {
                "kind": "TypeNominal",
                "name": "MWPurchaseStepViewController",
                "printedName": "MWInAppPurchasesPlugin.MWPurchaseStepViewController",
                "usr": "s:22MWInAppPurchasesPlugin28MWPurchaseStepViewControllerC"
              },
              {
                "kind": "TypeNominal",
                "name": "MWConsumableInAppPurchaseStep",
                "printedName": "MWInAppPurchasesPlugin.MWConsumableInAppPurchaseStep",
                "usr": "s:22MWInAppPurchasesPlugin014MWConsumableInB12PurchaseStepC"
              }
            ],
            "declKind": "Constructor",
            "usr": "s:22MWInAppPurchasesPlugin28MWPurchaseStepViewControllerC05tableF0AcA014MWConsumableInb8PurchaseF0C_tcfc",
            "mangledName": "$s22MWInAppPurchasesPlugin28MWPurchaseStepViewControllerC05tableF0AcA014MWConsumableInb8PurchaseF0C_tcfc",
            "moduleName": "MWInAppPurchasesPlugin",
            "overriding": true,
            "implicit": true,
            "declAttributes": [
              "Custom",
              "Override"
            ],
            "init_kind": "Designated"
          },
          {
            "kind": "Constructor",
            "name": "init",
            "printedName": "init(coder:)",
            "children": [
              {
                "kind": "TypeNominal",
                "name": "Optional",
                "printedName": "MWInAppPurchasesPlugin.MWPurchaseStepViewController?",
                "children": [
                  {
                    "kind": "TypeNominal",
                    "name": "MWPurchaseStepViewController",
                    "printedName": "MWInAppPurchasesPlugin.MWPurchaseStepViewController",
                    "usr": "s:22MWInAppPurchasesPlugin28MWPurchaseStepViewControllerC"
                  }
                ],
                "usr": "s:Sq"
              },
              {
                "kind": "TypeNominal",
                "name": "NSCoder",
                "printedName": "Foundation.NSCoder",
                "usr": "c:objc(cs)NSCoder"
              }
            ],
            "declKind": "Constructor",
            "usr": "s:22MWInAppPurchasesPlugin28MWPurchaseStepViewControllerC5coderACSgSo7NSCoderC_tcfc",
            "mangledName": "$s22MWInAppPurchasesPlugin28MWPurchaseStepViewControllerC5coderACSgSo7NSCoderC_tcfc",
            "moduleName": "MWInAppPurchasesPlugin",
            "overriding": true,
            "implicit": true,
            "objc_name": "initWithCoder:",
            "declAttributes": [
              "Dynamic",
              "ObjC",
              "Custom",
              "Required"
            ],
            "init_kind": "Designated"
          }
        ],
        "declKind": "Class",
        "usr": "s:22MWInAppPurchasesPlugin28MWPurchaseStepViewControllerC",
        "mangledName": "$s22MWInAppPurchasesPlugin28MWPurchaseStepViewControllerC",
        "moduleName": "MWInAppPurchasesPlugin",
        "declAttributes": [
          "Custom",
          "AccessControl"
        ],
        "superclassUsr": "s:18MobileWorkflowCore25MWTableStepViewControllerC",
        "inheritsConvenienceInitializers": true,
        "superclassNames": [
          "MobileWorkflowCore.MWTableStepViewController<MWInAppPurchasesPlugin.MWConsumableInAppPurchaseStep>",
          "MobileWorkflowCore.MWStepViewController",
          "UIKit.UIViewController",
          "UIKit.UIResponder",
          "ObjectiveC.NSObject"
        ],
        "conformances": [
          {
            "kind": "Conformance",
            "name": "CanEmbedTitleAsTableHeaderView",
            "printedName": "CanEmbedTitleAsTableHeaderView",
            "usr": "s:18MobileWorkflowCore30CanEmbedTitleAsTableHeaderViewP",
            "mangledName": "$s18MobileWorkflowCore30CanEmbedTitleAsTableHeaderViewP"
          },
          {
            "kind": "Conformance",
            "name": "StepViewController",
            "printedName": "StepViewController",
            "usr": "s:18MobileWorkflowCore18StepViewControllerP",
            "mangledName": "$s18MobileWorkflowCore18StepViewControllerP"
          },
          {
            "kind": "Conformance",
            "name": "Equatable",
            "printedName": "Equatable",
            "usr": "s:SQ",
            "mangledName": "$sSQ"
          },
          {
            "kind": "Conformance",
            "name": "Hashable",
            "printedName": "Hashable",
            "usr": "s:SH",
            "mangledName": "$sSH"
          },
          {
            "kind": "Conformance",
            "name": "CVarArg",
            "printedName": "CVarArg",
            "usr": "s:s7CVarArgP",
            "mangledName": "$ss7CVarArgP"
          },
          {
            "kind": "Conformance",
            "name": "_KeyValueCodingAndObservingPublishing",
            "printedName": "_KeyValueCodingAndObservingPublishing",
            "usr": "s:10Foundation37_KeyValueCodingAndObservingPublishingP",
            "mangledName": "$s10Foundation37_KeyValueCodingAndObservingPublishingP"
          },
          {
            "kind": "Conformance",
            "name": "_KeyValueCodingAndObserving",
            "printedName": "_KeyValueCodingAndObserving",
            "usr": "s:10Foundation27_KeyValueCodingAndObservingP",
            "mangledName": "$s10Foundation27_KeyValueCodingAndObservingP"
          },
          {
            "kind": "Conformance",
            "name": "CustomStringConvertible",
            "printedName": "CustomStringConvertible",
            "usr": "s:s23CustomStringConvertibleP",
            "mangledName": "$ss23CustomStringConvertibleP"
          },
          {
            "kind": "Conformance",
            "name": "CustomDebugStringConvertible",
            "printedName": "CustomDebugStringConvertible",
            "usr": "s:s28CustomDebugStringConvertibleP",
            "mangledName": "$ss28CustomDebugStringConvertibleP"
          }
        ]
      },
      {
        "kind": "Import",
        "name": "MobileWorkflowCore",
        "printedName": "MobileWorkflowCore",
        "declKind": "Import",
        "moduleName": "MWInAppPurchasesPlugin",
        "declAttributes": [
          "RawDocComment"
        ]
      },
      {
        "kind": "Import",
        "name": "UIKit",
        "printedName": "UIKit",
        "declKind": "Import",
        "moduleName": "MWInAppPurchasesPlugin"
      },
      {
        "kind": "TypeDecl",
        "name": "MWConsumableInAppPurchaseStep",
        "printedName": "MWConsumableInAppPurchaseStep",
        "children": [
          {
            "kind": "Var",
            "name": "items",
            "printedName": "items",
            "children": [
              {
                "kind": "TypeNominal",
                "name": "Array",
                "printedName": "[MWInAppPurchasesPlugin.PurchaseStepItem]",
                "children": [
                  {
                    "kind": "TypeNominal",
                    "name": "PurchaseStepItem",
                    "printedName": "MWInAppPurchasesPlugin.PurchaseStepItem",
                    "usr": "s:22MWInAppPurchasesPlugin16PurchaseStepItemC"
                  }
                ],
                "usr": "s:Sa"
              }
            ],
            "declKind": "Var",
            "usr": "s:22MWInAppPurchasesPlugin014MWConsumableInB12PurchaseStepC5itemsSayAA0gH4ItemCGvp",
            "mangledName": "$s22MWInAppPurchasesPlugin014MWConsumableInB12PurchaseStepC5itemsSayAA0gH4ItemCGvp",
            "moduleName": "MWInAppPurchasesPlugin",
            "declAttributes": [
              "HasInitialValue",
              "HasStorage",
              "AccessControl"
            ],
            "hasStorage": true,
            "accessors": [
              {
                "kind": "Accessor",
                "name": "Get",
                "printedName": "Get()",
                "children": [
                  {
                    "kind": "TypeNominal",
                    "name": "Array",
                    "printedName": "[MWInAppPurchasesPlugin.PurchaseStepItem]",
                    "children": [
                      {
                        "kind": "TypeNominal",
                        "name": "PurchaseStepItem",
                        "printedName": "MWInAppPurchasesPlugin.PurchaseStepItem",
                        "usr": "s:22MWInAppPurchasesPlugin16PurchaseStepItemC"
                      }
                    ],
                    "usr": "s:Sa"
                  }
                ],
                "declKind": "Accessor",
                "usr": "s:22MWInAppPurchasesPlugin014MWConsumableInB12PurchaseStepC5itemsSayAA0gH4ItemCGvg",
                "mangledName": "$s22MWInAppPurchasesPlugin014MWConsumableInB12PurchaseStepC5itemsSayAA0gH4ItemCGvg",
                "moduleName": "MWInAppPurchasesPlugin",
                "implicit": true,
                "accessorKind": "get"
              },
              {
                "kind": "Accessor",
                "name": "Set",
                "printedName": "Set()",
                "children": [
                  {
                    "kind": "TypeNominal",
                    "name": "Void",
                    "printedName": "()"
                  },
                  {
                    "kind": "TypeNominal",
                    "name": "Array",
                    "printedName": "[MWInAppPurchasesPlugin.PurchaseStepItem]",
                    "children": [
                      {
                        "kind": "TypeNominal",
                        "name": "PurchaseStepItem",
                        "printedName": "MWInAppPurchasesPlugin.PurchaseStepItem",
                        "usr": "s:22MWInAppPurchasesPlugin16PurchaseStepItemC"
                      }
                    ],
                    "usr": "s:Sa"
                  }
                ],
                "declKind": "Accessor",
                "usr": "s:22MWInAppPurchasesPlugin014MWConsumableInB12PurchaseStepC5itemsSayAA0gH4ItemCGvs",
                "mangledName": "$s22MWInAppPurchasesPlugin014MWConsumableInB12PurchaseStepC5itemsSayAA0gH4ItemCGvs",
                "moduleName": "MWInAppPurchasesPlugin",
                "implicit": true,
                "accessorKind": "set"
              },
              {
                "kind": "Accessor",
                "name": "Modify",
                "printedName": "Modify()",
                "children": [
                  {
                    "kind": "TypeNominal",
                    "name": "Void",
                    "printedName": "()"
                  }
                ],
                "declKind": "Accessor",
                "usr": "s:22MWInAppPurchasesPlugin014MWConsumableInB12PurchaseStepC5itemsSayAA0gH4ItemCGvM",
                "mangledName": "$s22MWInAppPurchasesPlugin014MWConsumableInB12PurchaseStepC5itemsSayAA0gH4ItemCGvM",
                "moduleName": "MWInAppPurchasesPlugin",
                "implicit": true,
                "accessorKind": "_modify"
              }
            ]
          },
          {
            "kind": "Var",
            "name": "session",
            "printedName": "session",
            "children": [
              {
                "kind": "TypeNominal",
                "name": "Session",
                "printedName": "MobileWorkflowCore.Session",
                "usr": "s:18MobileWorkflowCore7SessionC"
              }
            ],
            "declKind": "Var",
            "usr": "s:22MWInAppPurchasesPlugin014MWConsumableInB12PurchaseStepC7session18MobileWorkflowCore7SessionCvp",
            "mangledName": "$s22MWInAppPurchasesPlugin014MWConsumableInB12PurchaseStepC7session18MobileWorkflowCore7SessionCvp",
            "moduleName": "MWInAppPurchasesPlugin",
            "declAttributes": [
              "Final",
              "HasStorage",
              "AccessControl"
            ],
            "isLet": true,
            "hasStorage": true,
            "accessors": [
              {
                "kind": "Accessor",
                "name": "Get",
                "printedName": "Get()",
                "children": [
                  {
                    "kind": "TypeNominal",
                    "name": "Session",
                    "printedName": "MobileWorkflowCore.Session",
                    "usr": "s:18MobileWorkflowCore7SessionC"
                  }
                ],
                "declKind": "Accessor",
                "usr": "s:22MWInAppPurchasesPlugin014MWConsumableInB12PurchaseStepC7session18MobileWorkflowCore7SessionCvg",
                "mangledName": "$s22MWInAppPurchasesPlugin014MWConsumableInB12PurchaseStepC7session18MobileWorkflowCore7SessionCvg",
                "moduleName": "MWInAppPurchasesPlugin",
                "implicit": true,
                "declAttributes": [
                  "Final"
                ],
                "accessorKind": "get"
              }
            ]
          },
          {
            "kind": "Var",
            "name": "services",
            "printedName": "services",
            "children": [
              {
                "kind": "TypeNominal",
                "name": "StepServices",
                "printedName": "MobileWorkflowCore.StepServices",
                "usr": "s:18MobileWorkflowCore12StepServicesC"
              }
            ],
            "declKind": "Var",
            "usr": "s:22MWInAppPurchasesPlugin014MWConsumableInB12PurchaseStepC8services18MobileWorkflowCore0H8ServicesCvp",
            "mangledName": "$s22MWInAppPurchasesPlugin014MWConsumableInB12PurchaseStepC8services18MobileWorkflowCore0H8ServicesCvp",
            "moduleName": "MWInAppPurchasesPlugin",
            "declAttributes": [
              "Final",
              "HasStorage",
              "AccessControl"
            ],
            "isLet": true,
            "hasStorage": true,
            "accessors": [
              {
                "kind": "Accessor",
                "name": "Get",
                "printedName": "Get()",
                "children": [
                  {
                    "kind": "TypeNominal",
                    "name": "StepServices",
                    "printedName": "MobileWorkflowCore.StepServices",
                    "usr": "s:18MobileWorkflowCore12StepServicesC"
                  }
                ],
                "declKind": "Accessor",
                "usr": "s:22MWInAppPurchasesPlugin014MWConsumableInB12PurchaseStepC8services18MobileWorkflowCore0H8ServicesCvg",
                "mangledName": "$s22MWInAppPurchasesPlugin014MWConsumableInB12PurchaseStepC8services18MobileWorkflowCore0H8ServicesCvg",
                "moduleName": "MWInAppPurchasesPlugin",
                "implicit": true,
                "declAttributes": [
                  "Final"
                ],
                "accessorKind": "get"
              }
            ]
          },
          {
            "kind": "Var",
            "name": "style",
            "printedName": "style",
            "children": [
              {
                "kind": "TypeNominal",
                "name": "Style",
                "printedName": "UIKit.UITableView.Style",
                "usr": "c:@E@UITableViewStyle"
              }
            ],
            "declKind": "Var",
            "usr": "s:22MWInAppPurchasesPlugin014MWConsumableInB12PurchaseStepC5styleSo16UITableViewStyleVvp",
            "mangledName": "$s22MWInAppPurchasesPlugin014MWConsumableInB12PurchaseStepC5styleSo16UITableViewStyleVvp",
            "moduleName": "MWInAppPurchasesPlugin",
            "declAttributes": [
              "AccessControl"
            ],
            "accessors": [
              {
                "kind": "Accessor",
                "name": "Get",
                "printedName": "Get()",
                "children": [
                  {
                    "kind": "TypeNominal",
                    "name": "Style",
                    "printedName": "UIKit.UITableView.Style",
                    "usr": "c:@E@UITableViewStyle"
                  }
                ],
                "declKind": "Accessor",
                "usr": "s:22MWInAppPurchasesPlugin014MWConsumableInB12PurchaseStepC5styleSo16UITableViewStyleVvg",
                "mangledName": "$s22MWInAppPurchasesPlugin014MWConsumableInB12PurchaseStepC5styleSo16UITableViewStyleVvg",
                "moduleName": "MWInAppPurchasesPlugin",
                "accessorKind": "get"
              }
            ]
          },
          {
            "kind": "Var",
            "name": "hasNavigationFooterInTableFooter",
            "printedName": "hasNavigationFooterInTableFooter",
            "children": [
              {
                "kind": "TypeNominal",
                "name": "Bool",
                "printedName": "Swift.Bool",
                "usr": "s:Sb"
              }
            ],
            "declKind": "Var",
            "usr": "s:22MWInAppPurchasesPlugin014MWConsumableInB12PurchaseStepC019hasNavigationFooterf5TableK0Sbvp",
            "mangledName": "$s22MWInAppPurchasesPlugin014MWConsumableInB12PurchaseStepC019hasNavigationFooterf5TableK0Sbvp",
            "moduleName": "MWInAppPurchasesPlugin",
            "declAttributes": [
              "AccessControl"
            ],
            "accessors": [
              {
                "kind": "Accessor",
                "name": "Get",
                "printedName": "Get()",
                "children": [
                  {
                    "kind": "TypeNominal",
                    "name": "Bool",
                    "printedName": "Swift.Bool",
                    "usr": "s:Sb"
                  }
                ],
                "declKind": "Accessor",
                "usr": "s:22MWInAppPurchasesPlugin014MWConsumableInB12PurchaseStepC019hasNavigationFooterf5TableK0Sbvg",
                "mangledName": "$s22MWInAppPurchasesPlugin014MWConsumableInB12PurchaseStepC019hasNavigationFooterf5TableK0Sbvg",
                "moduleName": "MWInAppPurchasesPlugin",
                "accessorKind": "get"
              }
            ]
          },
          {
            "kind": "Function",
            "name": "instantiateViewController",
            "printedName": "instantiateViewController()",
            "children": [
              {
                "kind": "TypeNominal",
                "name": "StepViewController",
                "printedName": "MobileWorkflowCore.StepViewController",
                "usr": "s:18MobileWorkflowCore18StepViewControllerP"
              }
            ],
            "declKind": "Func",
            "usr": "s:22MWInAppPurchasesPlugin014MWConsumableInB12PurchaseStepC25instantiateViewController18MobileWorkflowCore0hjK0_pyF",
            "mangledName": "$s22MWInAppPurchasesPlugin014MWConsumableInB12PurchaseStepC25instantiateViewController18MobileWorkflowCore0hjK0_pyF",
            "moduleName": "MWInAppPurchasesPlugin",
            "overriding": true,
            "declAttributes": [
              "Override",
              "AccessControl"
            ],
            "funcSelfKind": "NonMutating"
          },
          {
            "kind": "Function",
            "name": "reuseIdentifierForTableRow",
            "printedName": "reuseIdentifierForTableRow(at:)",
            "children": [
              {
                "kind": "TypeNominal",
                "name": "String",
                "printedName": "Swift.String",
                "usr": "s:SS"
              },
              {
                "kind": "TypeNominal",
                "name": "IndexPath",
                "printedName": "Foundation.IndexPath",
                "usr": "s:10Foundation9IndexPathV"
              }
            ],
            "declKind": "Func",
            "usr": "s:22MWInAppPurchasesPlugin014MWConsumableInB12PurchaseStepC26reuseIdentifierForTableRow2atSS10Foundation9IndexPathV_tF",
            "mangledName": "$s22MWInAppPurchasesPlugin014MWConsumableInB12PurchaseStepC26reuseIdentifierForTableRow2atSS10Foundation9IndexPathV_tF",
            "moduleName": "MWInAppPurchasesPlugin",
            "declAttributes": [
              "AccessControl"
            ],
            "funcSelfKind": "NonMutating"
          },
          {
            "kind": "Function",
            "name": "registerTableCells",
            "printedName": "registerTableCells(for:)",
            "children": [
              {
                "kind": "TypeNominal",
                "name": "Void",
                "printedName": "()"
              },
              {
                "kind": "TypeNominal",
                "name": "UITableView",
                "printedName": "UIKit.UITableView",
                "usr": "c:objc(cs)UITableView"
              }
            ],
            "declKind": "Func",
            "usr": "s:22MWInAppPurchasesPlugin014MWConsumableInB12PurchaseStepC18registerTableCells3forySo11UITableViewC_tF",
            "mangledName": "$s22MWInAppPurchasesPlugin014MWConsumableInB12PurchaseStepC18registerTableCells3forySo11UITableViewC_tF",
            "moduleName": "MWInAppPurchasesPlugin",
            "declAttributes": [
              "AccessControl"
            ],
            "funcSelfKind": "NonMutating"
          },
          {
            "kind": "Function",
            "name": "configureTableCell",
            "printedName": "configureTableCell(_:indexPath:tableView:)",
            "children": [
              {
                "kind": "TypeNominal",
                "name": "Void",
                "printedName": "()"
              },
              {
                "kind": "TypeNominal",
                "name": "UITableViewCell",
                "printedName": "UIKit.UITableViewCell",
                "usr": "c:objc(cs)UITableViewCell"
              },
              {
                "kind": "TypeNominal",
                "name": "IndexPath",
                "printedName": "Foundation.IndexPath",
                "usr": "s:10Foundation9IndexPathV"
              },
              {
                "kind": "TypeNominal",
                "name": "UITableView",
                "printedName": "UIKit.UITableView",
                "usr": "c:objc(cs)UITableView"
              }
            ],
            "declKind": "Func",
            "usr": "s:22MWInAppPurchasesPlugin014MWConsumableInB12PurchaseStepC18configureTableCell_9indexPath9tableViewySo07UITableoK0C_10Foundation05IndexM0VSo0pO0CtF",
            "mangledName": "$s22MWInAppPurchasesPlugin014MWConsumableInB12PurchaseStepC18configureTableCell_9indexPath9tableViewySo07UITableoK0C_10Foundation05IndexM0VSo0pO0CtF",
            "moduleName": "MWInAppPurchasesPlugin",
            "declAttributes": [
              "AccessControl"
            ],
            "funcSelfKind": "NonMutating"
          },
          {
            "kind": "Constructor",
            "name": "init",
            "printedName": "init(identifier:title:text:theme:links:navigationItems:)",
            "children": [
              {
                "kind": "TypeNominal",
                "name": "MWConsumableInAppPurchaseStep",
                "printedName": "MWInAppPurchasesPlugin.MWConsumableInAppPurchaseStep",
                "usr": "s:22MWInAppPurchasesPlugin014MWConsumableInB12PurchaseStepC"
              },
              {
                "kind": "TypeNominal",
                "name": "String",
                "printedName": "Swift.String",
                "usr": "s:SS"
              },
              {
                "kind": "TypeNominal",
                "name": "Optional",
                "printedName": "Swift.String?",
                "children": [
                  {
                    "kind": "TypeNominal",
                    "name": "String",
                    "printedName": "Swift.String",
                    "usr": "s:SS"
                  }
                ],
                "hasDefaultArg": true,
                "usr": "s:Sq"
              },
              {
                "kind": "TypeNominal",
                "name": "Optional",
                "printedName": "Swift.String?",
                "children": [
                  {
                    "kind": "TypeNominal",
                    "name": "String",
                    "printedName": "Swift.String",
                    "usr": "s:SS"
                  }
                ],
                "hasDefaultArg": true,
                "usr": "s:Sq"
              },
              {
                "kind": "TypeNominal",
                "name": "Theme",
                "printedName": "MobileWorkflowCore.Theme",
                "hasDefaultArg": true,
                "usr": "s:18MobileWorkflowCore5ThemeV"
              },
              {
                "kind": "TypeNominal",
                "name": "Array",
                "printedName": "[MobileWorkflowCore.StepLink]",
                "children": [
                  {
                    "kind": "TypeNominal",
                    "name": "StepLink",
                    "printedName": "MobileWorkflowCore.StepLink",
                    "usr": "s:18MobileWorkflowCore8StepLinkV"
                  }
                ],
                "hasDefaultArg": true,
                "usr": "s:Sa"
              },
              {
                "kind": "TypeNominal",
                "name": "Array",
                "printedName": "[MobileWorkflowCore.StepNavigationItem]",
                "children": [
                  {
                    "kind": "TypeNominal",
                    "name": "StepNavigationItem",
                    "printedName": "MobileWorkflowCore.StepNavigationItem",
                    "usr": "s:18MobileWorkflowCore18StepNavigationItemV"
                  }
                ],
                "hasDefaultArg": true,
                "usr": "s:Sa"
              }
            ],
            "declKind": "Constructor",
            "usr": "s:22MWInAppPurchasesPlugin014MWConsumableInB12PurchaseStepC10identifier5title4text5theme5links15navigationItemsACSS_SSSgAJ18MobileWorkflowCore5ThemeVSayAK0H4LinkVGSayAK0H14NavigationItemVGtcfc",
            "mangledName": "$s22MWInAppPurchasesPlugin014MWConsumableInB12PurchaseStepC10identifier5title4text5theme5links15navigationItemsACSS_SSSgAJ18MobileWorkflowCore5ThemeVSayAK0H4LinkVGSayAK0H14NavigationItemVGtcfc",
            "moduleName": "MWInAppPurchasesPlugin",
            "overriding": true,
            "implicit": true,
            "declAttributes": [
              "Override"
            ],
            "init_kind": "Designated"
          },
          {
            "kind": "Var",
            "name": "mandatoryCodingPaths",
            "printedName": "mandatoryCodingPaths",
            "children": [
              {
                "kind": "TypeNominal",
                "name": "Array",
                "printedName": "[Swift.CodingKey]",
                "children": [
                  {
                    "kind": "TypeNominal",
                    "name": "CodingKey",
                    "printedName": "Swift.CodingKey",
                    "usr": "s:s9CodingKeyP"
                  }
                ],
                "usr": "s:Sa"
              }
            ],
            "declKind": "Var",
            "usr": "s:22MWInAppPurchasesPlugin014MWConsumableInB12PurchaseStepC20mandatoryCodingPathsSays0J3Key_pGvpZ",
            "mangledName": "$s22MWInAppPurchasesPlugin014MWConsumableInB12PurchaseStepC20mandatoryCodingPathsSays0J3Key_pGvpZ",
            "moduleName": "MWInAppPurchasesPlugin",
            "static": true,
            "declAttributes": [
              "Final",
              "AccessControl"
            ],
            "isFromExtension": true,
            "accessors": [
              {
                "kind": "Accessor",
                "name": "Get",
                "printedName": "Get()",
                "children": [
                  {
                    "kind": "TypeNominal",
                    "name": "Array",
                    "printedName": "[Swift.CodingKey]",
                    "children": [
                      {
                        "kind": "TypeNominal",
                        "name": "CodingKey",
                        "printedName": "Swift.CodingKey",
                        "usr": "s:s9CodingKeyP"
                      }
                    ],
                    "usr": "s:Sa"
                  }
                ],
                "declKind": "Accessor",
                "usr": "s:22MWInAppPurchasesPlugin014MWConsumableInB12PurchaseStepC20mandatoryCodingPathsSays0J3Key_pGvgZ",
                "mangledName": "$s22MWInAppPurchasesPlugin014MWConsumableInB12PurchaseStepC20mandatoryCodingPathsSays0J3Key_pGvgZ",
                "moduleName": "MWInAppPurchasesPlugin",
                "static": true,
                "declAttributes": [
                  "Final"
                ],
                "isFromExtension": true,
                "accessorKind": "get"
              }
            ]
          },
          {
            "kind": "Function",
            "name": "build",
            "printedName": "build(stepInfo:services:)",
            "children": [
              {
                "kind": "TypeNominal",
                "name": "Step",
                "printedName": "MobileWorkflowCore.Step",
                "usr": "s:18MobileWorkflowCore4StepP"
              },
              {
                "kind": "TypeNominal",
                "name": "StepInfo",
                "printedName": "MobileWorkflowCore.StepInfo",
                "usr": "s:18MobileWorkflowCore8StepInfoV"
              },
              {
                "kind": "TypeNominal",
                "name": "StepServices",
                "printedName": "MobileWorkflowCore.StepServices",
                "usr": "s:18MobileWorkflowCore12StepServicesC"
              }
            ],
            "declKind": "Func",
            "usr": "s:22MWInAppPurchasesPlugin014MWConsumableInB12PurchaseStepC5build8stepInfo8services18MobileWorkflowCore0H0_pAG0hK0V_AG0H8ServicesCtKFZ",
            "mangledName": "$s22MWInAppPurchasesPlugin014MWConsumableInB12PurchaseStepC5build8stepInfo8services18MobileWorkflowCore0H0_pAG0hK0V_AG0H8ServicesCtKFZ",
            "moduleName": "MWInAppPurchasesPlugin",
            "static": true,
            "declAttributes": [
              "Final",
              "AccessControl"
            ],
            "isFromExtension": true,
            "throwing": true,
            "funcSelfKind": "NonMutating"
          }
        ],
        "declKind": "Class",
        "usr": "s:22MWInAppPurchasesPlugin014MWConsumableInB12PurchaseStepC",
        "mangledName": "$s22MWInAppPurchasesPlugin014MWConsumableInB12PurchaseStepC",
        "moduleName": "MWInAppPurchasesPlugin",
        "declAttributes": [
          "AccessControl"
        ],
        "superclassUsr": "s:18MobileWorkflowCore6MWStepC",
        "hasMissingDesignatedInitializers": true,
        "superclassNames": [
          "MobileWorkflowCore.MWStep"
        ],
        "conformances": [
          {
            "kind": "Conformance",
            "name": "TableStep",
            "printedName": "TableStep",
            "children": [
              {
                "kind": "TypeWitness",
                "name": "Item",
                "printedName": "Item",
                "children": [
                  {
                    "kind": "TypeNominal",
                    "name": "PurchaseStepItem",
                    "printedName": "MWInAppPurchasesPlugin.PurchaseStepItem",
                    "usr": "s:22MWInAppPurchasesPlugin16PurchaseStepItemC"
                  }
                ]
              }
            ],
            "usr": "s:18MobileWorkflowCore9TableStepP",
            "mangledName": "$s18MobileWorkflowCore9TableStepP"
          },
          {
            "kind": "Conformance",
            "name": "Step",
            "printedName": "Step",
            "usr": "s:18MobileWorkflowCore4StepP",
            "mangledName": "$s18MobileWorkflowCore4StepP"
          },
          {
            "kind": "Conformance",
            "name": "BuildableStep",
            "printedName": "BuildableStep",
            "usr": "s:18MobileWorkflowCore13BuildableStepP",
            "mangledName": "$s18MobileWorkflowCore13BuildableStepP"
          }
        ]
      },
      {
        "kind": "Import",
        "name": "MobileWorkflowCore",
        "printedName": "MobileWorkflowCore",
        "declKind": "Import",
        "moduleName": "MWInAppPurchasesPlugin",
        "declAttributes": [
          "RawDocComment"
        ]
      },
      {
        "kind": "TypeDecl",
        "name": "MWInAppPurchasesPluginStruct",
        "printedName": "MWInAppPurchasesPluginStruct",
        "children": [
          {
            "kind": "Var",
            "name": "allStepsTypes",
            "printedName": "allStepsTypes",
            "children": [
              {
                "kind": "TypeNominal",
                "name": "Array",
                "printedName": "[MobileWorkflowCore.StepType]",
                "children": [
                  {
                    "kind": "TypeNominal",
                    "name": "StepType",
                    "printedName": "MobileWorkflowCore.StepType",
                    "usr": "s:18MobileWorkflowCore8StepTypeP"
                  }
                ],
                "usr": "s:Sa"
              }
            ],
            "declKind": "Var",
            "usr": "s:22MWInAppPurchasesPlugin0abcD6StructV13allStepsTypesSay18MobileWorkflowCore8StepType_pGvpZ",
            "mangledName": "$s22MWInAppPurchasesPlugin0abcD6StructV13allStepsTypesSay18MobileWorkflowCore8StepType_pGvpZ",
            "moduleName": "MWInAppPurchasesPlugin",
            "static": true,
            "declAttributes": [
              "AccessControl"
            ],
            "accessors": [
              {
                "kind": "Accessor",
                "name": "Get",
                "printedName": "Get()",
                "children": [
                  {
                    "kind": "TypeNominal",
                    "name": "Array",
                    "printedName": "[MobileWorkflowCore.StepType]",
                    "children": [
                      {
                        "kind": "TypeNominal",
                        "name": "StepType",
                        "printedName": "MobileWorkflowCore.StepType",
                        "usr": "s:18MobileWorkflowCore8StepTypeP"
                      }
                    ],
                    "usr": "s:Sa"
                  }
                ],
                "declKind": "Accessor",
                "usr": "s:22MWInAppPurchasesPlugin0abcD6StructV13allStepsTypesSay18MobileWorkflowCore8StepType_pGvgZ",
                "mangledName": "$s22MWInAppPurchasesPlugin0abcD6StructV13allStepsTypesSay18MobileWorkflowCore8StepType_pGvgZ",
                "moduleName": "MWInAppPurchasesPlugin",
                "static": true,
                "accessorKind": "get"
              }
            ]
          }
        ],
        "declKind": "Struct",
        "usr": "s:22MWInAppPurchasesPlugin0abcD6StructV",
        "mangledName": "$s22MWInAppPurchasesPlugin0abcD6StructV",
        "moduleName": "MWInAppPurchasesPlugin",
        "declAttributes": [
          "AccessControl"
        ],
        "conformances": [
          {
            "kind": "Conformance",
            "name": "Plugin",
            "printedName": "Plugin",
            "usr": "s:18MobileWorkflowCore6PluginP",
            "mangledName": "$s18MobileWorkflowCore6PluginP"
          }
        ]
      },
      {
        "kind": "TypeDecl",
        "name": "MWInAppPurchaseType",
        "printedName": "MWInAppPurchaseType",
        "children": [
          {
            "kind": "Var",
            "name": "consumableInAppPurchase",
            "printedName": "consumableInAppPurchase",
            "children": [
              {
                "kind": "TypeFunc",
                "name": "Function",
                "printedName": "(MWInAppPurchasesPlugin.MWInAppPurchaseType.Type) -> MWInAppPurchasesPlugin.MWInAppPurchaseType",
                "children": [
                  {
                    "kind": "TypeNominal",
                    "name": "MWInAppPurchaseType",
                    "printedName": "MWInAppPurchasesPlugin.MWInAppPurchaseType",
                    "usr": "s:22MWInAppPurchasesPlugin0aB12PurchaseTypeO"
                  },
                  {
                    "kind": "TypeNominal",
                    "name": "Metatype",
                    "printedName": "MWInAppPurchasesPlugin.MWInAppPurchaseType.Type",
                    "children": [
                      {
                        "kind": "TypeNominal",
                        "name": "MWInAppPurchaseType",
                        "printedName": "MWInAppPurchasesPlugin.MWInAppPurchaseType",
                        "usr": "s:22MWInAppPurchasesPlugin0aB12PurchaseTypeO"
                      }
                    ]
                  }
                ]
              }
            ],
            "declKind": "EnumElement",
            "usr": "s:22MWInAppPurchasesPlugin0aB12PurchaseTypeO012consumableInbE0yA2CmF",
            "mangledName": "$s22MWInAppPurchasesPlugin0aB12PurchaseTypeO012consumableInbE0yA2CmF",
            "moduleName": "MWInAppPurchasesPlugin"
          },
          {
            "kind": "Var",
            "name": "typeName",
            "printedName": "typeName",
            "children": [
              {
                "kind": "TypeNominal",
                "name": "String",
                "printedName": "Swift.String",
                "usr": "s:SS"
              }
            ],
            "declKind": "Var",
            "usr": "s:22MWInAppPurchasesPlugin0aB12PurchaseTypeO8typeNameSSvp",
            "mangledName": "$s22MWInAppPurchasesPlugin0aB12PurchaseTypeO8typeNameSSvp",
            "moduleName": "MWInAppPurchasesPlugin",
            "declAttributes": [
              "AccessControl"
            ],
            "accessors": [
              {
                "kind": "Accessor",
                "name": "Get",
                "printedName": "Get()",
                "children": [
                  {
                    "kind": "TypeNominal",
                    "name": "String",
                    "printedName": "Swift.String",
                    "usr": "s:SS"
                  }
                ],
                "declKind": "Accessor",
                "usr": "s:22MWInAppPurchasesPlugin0aB12PurchaseTypeO8typeNameSSvg",
                "mangledName": "$s22MWInAppPurchasesPlugin0aB12PurchaseTypeO8typeNameSSvg",
                "moduleName": "MWInAppPurchasesPlugin",
                "accessorKind": "get"
              }
            ]
          },
          {
            "kind": "Var",
            "name": "stepClass",
            "printedName": "stepClass",
            "children": [
              {
                "kind": "TypeNominal",
                "name": "ExistentialMetatype",
                "printedName": "MobileWorkflowCore.BuildableStep.Type",
                "children": [
                  {
                    "kind": "TypeNominal",
                    "name": "BuildableStep",
                    "printedName": "MobileWorkflowCore.BuildableStep",
                    "usr": "s:18MobileWorkflowCore13BuildableStepP"
                  }
                ]
              }
            ],
            "declKind": "Var",
            "usr": "s:22MWInAppPurchasesPlugin0aB12PurchaseTypeO9stepClass18MobileWorkflowCore13BuildableStep_pXpvp",
            "mangledName": "$s22MWInAppPurchasesPlugin0aB12PurchaseTypeO9stepClass18MobileWorkflowCore13BuildableStep_pXpvp",
            "moduleName": "MWInAppPurchasesPlugin",
            "declAttributes": [
              "AccessControl"
            ],
            "accessors": [
              {
                "kind": "Accessor",
                "name": "Get",
                "printedName": "Get()",
                "children": [
                  {
                    "kind": "TypeNominal",
                    "name": "ExistentialMetatype",
                    "printedName": "MobileWorkflowCore.BuildableStep.Type",
                    "children": [
                      {
                        "kind": "TypeNominal",
                        "name": "BuildableStep",
                        "printedName": "MobileWorkflowCore.BuildableStep",
                        "usr": "s:18MobileWorkflowCore13BuildableStepP"
                      }
                    ]
                  }
                ],
                "declKind": "Accessor",
                "usr": "s:22MWInAppPurchasesPlugin0aB12PurchaseTypeO9stepClass18MobileWorkflowCore13BuildableStep_pXpvg",
                "mangledName": "$s22MWInAppPurchasesPlugin0aB12PurchaseTypeO9stepClass18MobileWorkflowCore13BuildableStep_pXpvg",
                "moduleName": "MWInAppPurchasesPlugin",
                "accessorKind": "get"
              }
            ]
          },
          {
            "kind": "Constructor",
            "name": "init",
            "printedName": "init(rawValue:)",
            "children": [
              {
                "kind": "TypeNominal",
                "name": "Optional",
                "printedName": "MWInAppPurchasesPlugin.MWInAppPurchaseType?",
                "children": [
                  {
                    "kind": "TypeNominal",
                    "name": "MWInAppPurchaseType",
                    "printedName": "MWInAppPurchasesPlugin.MWInAppPurchaseType",
                    "usr": "s:22MWInAppPurchasesPlugin0aB12PurchaseTypeO"
                  }
                ],
                "usr": "s:Sq"
              },
              {
                "kind": "TypeNominal",
                "name": "String",
                "printedName": "Swift.String",
                "usr": "s:SS"
              }
            ],
            "declKind": "Constructor",
            "usr": "s:22MWInAppPurchasesPlugin0aB12PurchaseTypeO8rawValueACSgSS_tcfc",
            "mangledName": "$s22MWInAppPurchasesPlugin0aB12PurchaseTypeO8rawValueACSgSS_tcfc",
            "moduleName": "MWInAppPurchasesPlugin",
            "implicit": true,
            "init_kind": "Designated"
          },
          {
            "kind": "Var",
            "name": "rawValue",
            "printedName": "rawValue",
            "children": [
              {
                "kind": "TypeNominal",
                "name": "String",
                "printedName": "Swift.String",
                "usr": "s:SS"
              }
            ],
            "declKind": "Var",
            "usr": "s:22MWInAppPurchasesPlugin0aB12PurchaseTypeO8rawValueSSvp",
            "mangledName": "$s22MWInAppPurchasesPlugin0aB12PurchaseTypeO8rawValueSSvp",
            "moduleName": "MWInAppPurchasesPlugin",
            "implicit": true,
            "accessors": [
              {
                "kind": "Accessor",
                "name": "Get",
                "printedName": "Get()",
                "children": [
                  {
                    "kind": "TypeNominal",
                    "name": "String",
                    "printedName": "Swift.String",
                    "usr": "s:SS"
                  }
                ],
                "declKind": "Accessor",
                "usr": "s:22MWInAppPurchasesPlugin0aB12PurchaseTypeO8rawValueSSvg",
                "mangledName": "$s22MWInAppPurchasesPlugin0aB12PurchaseTypeO8rawValueSSvg",
                "moduleName": "MWInAppPurchasesPlugin",
                "implicit": true,
                "accessorKind": "get"
              }
            ]
          },
          {
            "kind": "Var",
            "name": "allCases",
            "printedName": "allCases",
            "children": [
              {
                "kind": "TypeNominal",
                "name": "Array",
                "printedName": "[MWInAppPurchasesPlugin.MWInAppPurchaseType]",
                "children": [
                  {
                    "kind": "TypeNominal",
                    "name": "MWInAppPurchaseType",
                    "printedName": "MWInAppPurchasesPlugin.MWInAppPurchaseType",
                    "usr": "s:22MWInAppPurchasesPlugin0aB12PurchaseTypeO"
                  }
                ],
                "usr": "s:Sa"
              }
            ],
            "declKind": "Var",
            "usr": "s:22MWInAppPurchasesPlugin0aB12PurchaseTypeO8allCasesSayACGvpZ",
            "mangledName": "$s22MWInAppPurchasesPlugin0aB12PurchaseTypeO8allCasesSayACGvpZ",
            "moduleName": "MWInAppPurchasesPlugin",
            "static": true,
            "implicit": true,
            "accessors": [
              {
                "kind": "Accessor",
                "name": "Get",
                "printedName": "Get()",
                "children": [
                  {
                    "kind": "TypeNominal",
                    "name": "Array",
                    "printedName": "[MWInAppPurchasesPlugin.MWInAppPurchaseType]",
                    "children": [
                      {
                        "kind": "TypeNominal",
                        "name": "MWInAppPurchaseType",
                        "printedName": "MWInAppPurchasesPlugin.MWInAppPurchaseType",
                        "usr": "s:22MWInAppPurchasesPlugin0aB12PurchaseTypeO"
                      }
                    ],
                    "usr": "s:Sa"
                  }
                ],
                "declKind": "Accessor",
                "usr": "s:22MWInAppPurchasesPlugin0aB12PurchaseTypeO8allCasesSayACGvgZ",
                "mangledName": "$s22MWInAppPurchasesPlugin0aB12PurchaseTypeO8allCasesSayACGvgZ",
                "moduleName": "MWInAppPurchasesPlugin",
                "static": true,
                "implicit": true,
                "accessorKind": "get"
              }
            ]
          }
        ],
        "declKind": "Enum",
        "usr": "s:22MWInAppPurchasesPlugin0aB12PurchaseTypeO",
        "mangledName": "$s22MWInAppPurchasesPlugin0aB12PurchaseTypeO",
        "moduleName": "MWInAppPurchasesPlugin",
        "declAttributes": [
          "AccessControl"
        ],
        "enumRawTypeName": "String",
        "conformances": [
          {
            "kind": "Conformance",
            "name": "Equatable",
            "printedName": "Equatable",
            "usr": "s:SQ",
            "mangledName": "$sSQ"
          },
          {
            "kind": "Conformance",
            "name": "Hashable",
            "printedName": "Hashable",
            "usr": "s:SH",
            "mangledName": "$sSH"
          },
          {
            "kind": "Conformance",
            "name": "RawRepresentable",
            "printedName": "RawRepresentable",
            "children": [
              {
                "kind": "TypeWitness",
                "name": "RawValue",
                "printedName": "RawValue",
                "children": [
                  {
                    "kind": "TypeNominal",
                    "name": "String",
                    "printedName": "Swift.String",
                    "usr": "s:SS"
                  }
                ]
              }
            ],
            "usr": "s:SY",
            "mangledName": "$sSY"
          },
          {
            "kind": "Conformance",
            "name": "CaseIterable",
            "printedName": "CaseIterable",
            "children": [
              {
                "kind": "TypeWitness",
                "name": "AllCases",
                "printedName": "AllCases",
                "children": [
                  {
                    "kind": "TypeNominal",
                    "name": "Array",
                    "printedName": "[MWInAppPurchasesPlugin.MWInAppPurchaseType]",
                    "children": [
                      {
                        "kind": "TypeNominal",
                        "name": "MWInAppPurchaseType",
                        "printedName": "MWInAppPurchasesPlugin.MWInAppPurchaseType",
                        "usr": "s:22MWInAppPurchasesPlugin0aB12PurchaseTypeO"
                      }
                    ],
                    "usr": "s:Sa"
                  }
                ]
              }
            ],
            "usr": "s:s12CaseIterableP",
            "mangledName": "$ss12CaseIterableP"
          },
          {
            "kind": "Conformance",
            "name": "StepType",
            "printedName": "StepType",
            "usr": "s:18MobileWorkflowCore8StepTypeP",
            "mangledName": "$s18MobileWorkflowCore8StepTypeP"
          },
          {
            "kind": "Conformance",
            "name": "NamedType",
            "printedName": "NamedType",
            "usr": "s:18MobileWorkflowCore9NamedTypeP",
            "mangledName": "$s18MobileWorkflowCore9NamedTypeP"
          }
        ]
      },
      {
        "kind": "Import",
        "name": "Foundation",
        "printedName": "Foundation",
        "declKind": "Import",
        "moduleName": "MWInAppPurchasesPlugin",
        "declAttributes": [
          "RawDocComment"
        ]
      },
      {
        "kind": "TypeDecl",
        "name": "PurchaseStepItem",
        "printedName": "PurchaseStepItem",
        "declKind": "Class",
        "usr": "s:22MWInAppPurchasesPlugin16PurchaseStepItemC",
        "mangledName": "$s22MWInAppPurchasesPlugin16PurchaseStepItemC",
        "moduleName": "MWInAppPurchasesPlugin",
        "declAttributes": [
          "AccessControl"
        ],
        "hasMissingDesignatedInitializers": true
      },
      {
        "kind": "Import",
        "name": "MobileWorkflowCore",
        "printedName": "MobileWorkflowCore",
        "declKind": "Import",
        "moduleName": "MWInAppPurchasesPlugin",
        "declAttributes": [
          "RawDocComment"
        ]
      },
      {
        "kind": "Import",
        "name": "UIKit",
        "printedName": "UIKit",
        "declKind": "Import",
        "moduleName": "MWInAppPurchasesPlugin",
        "declAttributes": [
          "RawDocComment"
        ]
      },
      {
        "kind": "Import",
        "name": "Foundation",
        "printedName": "Foundation",
        "declKind": "Import",
        "moduleName": "MWInAppPurchasesPlugin",
        "declAttributes": [
          "RawDocComment"
        ]
      },
      {
        "kind": "Import",
        "name": "StoreKit",
        "printedName": "StoreKit",
        "declKind": "Import",
        "moduleName": "MWInAppPurchasesPlugin"
      }
    ],
    "json_format_version": 8
  },
  "ConstValues": [
    {
      "filePath": "\/Users\/vagrant\/git\/project\/MWInAppPurchasesPlugin\/MWInAppPurchasesPlugin\/ConsumableInAppPurchaseStep\/MWConsumableInAppPurchaseStep.swift",
      "kind": "Array",
      "offset": 267,
      "length": 2,
      "value": "[]"
    },
    {
      "filePath": "\/Users\/vagrant\/git\/project\/MWInAppPurchasesPlugin\/MWInAppPurchasesPlugin\/ConsumableInAppPurchaseStep\/MWConsumableInAppPurchaseStep.swift",
      "kind": "StringLiteral",
      "offset": 168,
      "length": 29,
      "value": "\"MWInAppPurchasesPlugin.MWConsumableInAppPurchaseStep\""
    },
    {
      "filePath": "\/Users\/vagrant\/git\/project\/MWInAppPurchasesPlugin\/MWInAppPurchasesPlugin\/MWInAppPurchasesPluginStruct.swift",
      "kind": "StringLiteral",
      "offset": 397,
      "length": 43,
      "value": "\"io.mobileworkflow.ConsumableInAppPurchase\""
    },
    {
      "filePath": "\/Users\/vagrant\/git\/project\/MWInAppPurchasesPlugin\/MWInAppPurchasesPlugin\/MWInAppPurchasesPluginStruct.swift",
      "kind": "StringLiteral",
      "offset": 397,
      "length": 43,
      "value": "\"io.mobileworkflow.ConsumableInAppPurchase\""
    },
    {
      "filePath": "\/Users\/vagrant\/git\/project\/MWInAppPurchasesPlugin\/MWInAppPurchasesPlugin\/MWInAppPurchasesPluginStruct.swift",
      "kind": "StringLiteral",
      "offset": 725,
      "length": 20,
      "value": "\"Products Not Found\""
    },
    {
      "filePath": "\/Users\/vagrant\/git\/project\/MWInAppPurchasesPlugin\/MWInAppPurchasesPlugin\/MWInAppPurchasesPluginStruct.swift",
      "kind": "StringLiteral",
      "offset": 779,
      "length": 48,
      "value": "\"There are no products available at this moment\""
    },
    {
      "filePath": "\/Users\/vagrant\/git\/project\/MWInAppPurchasesPlugin\/MWInAppPurchasesPlugin\/MWInAppPurchasesPluginStruct.swift",
      "kind": "StringLiteral",
      "offset": 908,
      "length": 17,
      "value": "\"Purchase Failed\""
    },
    {
      "filePath": "\/Users\/vagrant\/git\/project\/MWInAppPurchasesPlugin\/MWInAppPurchasesPlugin\/MWInAppPurchasesPluginStruct.swift",
      "kind": "StringLiteral",
      "offset": 959,
      "length": 70,
      "value": "\"Something went wrong while purchasing your product. Please try again\""
    },
    {
      "filePath": "\/Users\/vagrant\/git\/project\/MWInAppPurchasesPlugin\/MWInAppPurchasesPlugin\/MWInAppPurchasesPluginStruct.swift",
      "kind": "StringLiteral",
      "offset": 1111,
      "length": 19,
      "value": "\"Receipt Not Found\""
    },
    {
      "filePath": "\/Users\/vagrant\/git\/project\/MWInAppPurchasesPlugin\/MWInAppPurchasesPlugin\/MWInAppPurchasesPluginStruct.swift",
      "kind": "StringLiteral",
      "offset": 1164,
      "length": 66,
      "value": "\"Purchase receipt could not be found. Purchase cannot be verified\""
    },
    {
      "filePath": "\/Users\/vagrant\/git\/project\/MWInAppPurchasesPlugin\/MWInAppPurchasesPlugin\/Model\/PurchaseStepResult.swift",
      "kind": "StringLiteral",
      "offset": 153,
      "length": 9,
      "value": "\"receipt\""
    },
    {
      "filePath": "\/Users\/vagrant\/git\/project\/MWInAppPurchasesPlugin\/MWInAppPurchasesPlugin\/View\/PurchaseCell.swift",
      "kind": "IntegerLiteral",
      "offset": 271,
      "length": 1,
      "value": "0"
    },
    {
      "filePath": "\/Users\/vagrant\/git\/project\/MWInAppPurchasesPlugin\/MWInAppPurchasesPlugin\/View\/PurchaseCell.swift",
      "kind": "IntegerLiteral",
      "offset": 434,
      "length": 1,
      "value": "0"
    },
    {
      "filePath": "\/Users\/vagrant\/git\/project\/MWInAppPurchasesPlugin\/MWInAppPurchasesPlugin\/Helpers\/IAPManager.swift",
      "kind": "IntegerLiteral",
      "offset": 541,
      "length": 1,
      "value": "0"
    }
  ]
}