{
  "ABIRoot": {
    "kind": "Root",
    "name": "TopLevel",
    "printedName": "TopLevel",
    "children": [
      {
        "kind": "Import",
        "name": "MobileWorkflowCore",
        "printedName": "MobileWorkflowCore",
        "declKind": "Import",
        "moduleName": "MWStripePlugin",
        "declAttributes": [
          "RawDocComment"
        ]
      },
      {
        "kind": "TypeDecl",
        "name": "MWStripePluginStruct",
        "printedName": "MWStripePluginStruct",
        "children": [
          {
            "kind": "Var",
            "name": "allStepsTypes",
            "printedName": "allStepsTypes",
            "children": [
              {
                "kind": "TypeNominal",
                "name": "Array",
                "printedName": "[MobileWorkflowCore.StepType]",
                "children": [
                  {
                    "kind": "TypeNominal",
                    "name": "StepType",
                    "printedName": "MobileWorkflowCore.StepType",
                    "usr": "s:18MobileWorkflowCore8StepTypeP"
                  }
                ],
                "usr": "s:Sa"
              }
            ],
            "declKind": "Var",
            "usr": "s:14MWStripePlugin0aB6StructV13allStepsTypesSay18MobileWorkflowCore8StepType_pGvpZ",
            "mangledName": "$s14MWStripePlugin0aB6StructV13allStepsTypesSay18MobileWorkflowCore8StepType_pGvpZ",
            "moduleName": "MWStripePlugin",
            "static": true,
            "declAttributes": [
              "AccessControl"
            ],
            "accessors": [
              {
                "kind": "Accessor",
                "name": "Get",
                "printedName": "Get()",
                "children": [
                  {
                    "kind": "TypeNominal",
                    "name": "Array",
                    "printedName": "[MobileWorkflowCore.StepType]",
                    "children": [
                      {
                        "kind": "TypeNominal",
                        "name": "StepType",
                        "printedName": "MobileWorkflowCore.StepType",
                        "usr": "s:18MobileWorkflowCore8StepTypeP"
                      }
                    ],
                    "usr": "s:Sa"
                  }
                ],
                "declKind": "Accessor",
                "usr": "s:14MWStripePlugin0aB6StructV13allStepsTypesSay18MobileWorkflowCore8StepType_pGvgZ",
                "mangledName": "$s14MWStripePlugin0aB6StructV13allStepsTypesSay18MobileWorkflowCore8StepType_pGvgZ",
                "moduleName": "MWStripePlugin",
                "static": true,
                "accessorKind": "get"
              }
            ]
          }
        ],
        "declKind": "Struct",
        "usr": "s:14MWStripePlugin0aB6StructV",
        "mangledName": "$s14MWStripePlugin0aB6StructV",
        "moduleName": "MWStripePlugin",
        "declAttributes": [
          "AccessControl"
        ],
        "conformances": [
          {
            "kind": "Conformance",
            "name": "Plugin",
            "printedName": "Plugin",
            "usr": "s:18MobileWorkflowCore6PluginP",
            "mangledName": "$s18MobileWorkflowCore6PluginP"
          }
        ]
      },
      {
        "kind": "TypeDecl",
        "name": "MWStripeStepType",
        "printedName": "MWStripeStepType",
        "children": [
          {
            "kind": "Var",
            "name": "basicCheckout",
            "printedName": "basicCheckout",
            "children": [
              {
                "kind": "TypeFunc",
                "name": "Function",
                "printedName": "(MWStripePlugin.MWStripeStepType.Type) -> MWStripePlugin.MWStripeStepType",
                "children": [
                  {
                    "kind": "TypeNominal",
                    "name": "MWStripeStepType",
                    "printedName": "MWStripePlugin.MWStripeStepType",
                    "usr": "s:14MWStripePlugin0A8StepTypeO"
                  },
                  {
                    "kind": "TypeNominal",
                    "name": "Metatype",
                    "printedName": "MWStripePlugin.MWStripeStepType.Type",
                    "children": [
                      {
                        "kind": "TypeNominal",
                        "name": "MWStripeStepType",
                        "printedName": "MWStripePlugin.MWStripeStepType",
                        "usr": "s:14MWStripePlugin0A8StepTypeO"
                      }
                    ]
                  }
                ]
              }
            ],
            "declKind": "EnumElement",
            "usr": "s:14MWStripePlugin0A8StepTypeO13basicCheckoutyA2CmF",
            "mangledName": "$s14MWStripePlugin0A8StepTypeO13basicCheckoutyA2CmF",
            "moduleName": "MWStripePlugin"
          },
          {
            "kind": "Var",
            "name": "typeName",
            "printedName": "typeName",
            "children": [
              {
                "kind": "TypeNominal",
                "name": "String",
                "printedName": "Swift.String",
                "usr": "s:SS"
              }
            ],
            "declKind": "Var",
            "usr": "s:14MWStripePlugin0A8StepTypeO8typeNameSSvp",
            "mangledName": "$s14MWStripePlugin0A8StepTypeO8typeNameSSvp",
            "moduleName": "MWStripePlugin",
            "declAttributes": [
              "AccessControl"
            ],
            "accessors": [
              {
                "kind": "Accessor",
                "name": "Get",
                "printedName": "Get()",
                "children": [
                  {
                    "kind": "TypeNominal",
                    "name": "String",
                    "printedName": "Swift.String",
                    "usr": "s:SS"
                  }
                ],
                "declKind": "Accessor",
                "usr": "s:14MWStripePlugin0A8StepTypeO8typeNameSSvg",
                "mangledName": "$s14MWStripePlugin0A8StepTypeO8typeNameSSvg",
                "moduleName": "MWStripePlugin",
                "accessorKind": "get"
              }
            ]
          },
          {
            "kind": "Var",
            "name": "stepClass",
            "printedName": "stepClass",
            "children": [
              {
                "kind": "TypeNominal",
                "name": "ExistentialMetatype",
                "printedName": "MobileWorkflowCore.BuildableStep.Type",
                "children": [
                  {
                    "kind": "TypeNominal",
                    "name": "BuildableStep",
                    "printedName": "MobileWorkflowCore.BuildableStep",
                    "usr": "s:18MobileWorkflowCore13BuildableStepP"
                  }
                ]
              }
            ],
            "declKind": "Var",
            "usr": "s:14MWStripePlugin0A8StepTypeO9stepClass18MobileWorkflowCore09BuildableC0_pXpvp",
            "mangledName": "$s14MWStripePlugin0A8StepTypeO9stepClass18MobileWorkflowCore09BuildableC0_pXpvp",
            "moduleName": "MWStripePlugin",
            "declAttributes": [
              "AccessControl"
            ],
            "accessors": [
              {
                "kind": "Accessor",
                "name": "Get",
                "printedName": "Get()",
                "children": [
                  {
                    "kind": "TypeNominal",
                    "name": "ExistentialMetatype",
                    "printedName": "MobileWorkflowCore.BuildableStep.Type",
                    "children": [
                      {
                        "kind": "TypeNominal",
                        "name": "BuildableStep",
                        "printedName": "MobileWorkflowCore.BuildableStep",
                        "usr": "s:18MobileWorkflowCore13BuildableStepP"
                      }
                    ]
                  }
                ],
                "declKind": "Accessor",
                "usr": "s:14MWStripePlugin0A8StepTypeO9stepClass18MobileWorkflowCore09BuildableC0_pXpvg",
                "mangledName": "$s14MWStripePlugin0A8StepTypeO9stepClass18MobileWorkflowCore09BuildableC0_pXpvg",
                "moduleName": "MWStripePlugin",
                "accessorKind": "get"
              }
            ]
          },
          {
            "kind": "Constructor",
            "name": "init",
            "printedName": "init(rawValue:)",
            "children": [
              {
                "kind": "TypeNominal",
                "name": "Optional",
                "printedName": "MWStripePlugin.MWStripeStepType?",
                "children": [
                  {
                    "kind": "TypeNominal",
                    "name": "MWStripeStepType",
                    "printedName": "MWStripePlugin.MWStripeStepType",
                    "usr": "s:14MWStripePlugin0A8StepTypeO"
                  }
                ],
                "usr": "s:Sq"
              },
              {
                "kind": "TypeNominal",
                "name": "String",
                "printedName": "Swift.String",
                "usr": "s:SS"
              }
            ],
            "declKind": "Constructor",
            "usr": "s:14MWStripePlugin0A8StepTypeO8rawValueACSgSS_tcfc",
            "mangledName": "$s14MWStripePlugin0A8StepTypeO8rawValueACSgSS_tcfc",
            "moduleName": "MWStripePlugin",
            "implicit": true,
            "init_kind": "Designated"
          },
          {
            "kind": "Var",
            "name": "rawValue",
            "printedName": "rawValue",
            "children": [
              {
                "kind": "TypeNominal",
                "name": "String",
                "printedName": "Swift.String",
                "usr": "s:SS"
              }
            ],
            "declKind": "Var",
            "usr": "s:14MWStripePlugin0A8StepTypeO8rawValueSSvp",
            "mangledName": "$s14MWStripePlugin0A8StepTypeO8rawValueSSvp",
            "moduleName": "MWStripePlugin",
            "implicit": true,
            "accessors": [
              {
                "kind": "Accessor",
                "name": "Get",
                "printedName": "Get()",
                "children": [
                  {
                    "kind": "TypeNominal",
                    "name": "String",
                    "printedName": "Swift.String",
                    "usr": "s:SS"
                  }
                ],
                "declKind": "Accessor",
                "usr": "s:14MWStripePlugin0A8StepTypeO8rawValueSSvg",
                "mangledName": "$s14MWStripePlugin0A8StepTypeO8rawValueSSvg",
                "moduleName": "MWStripePlugin",
                "implicit": true,
                "accessorKind": "get"
              }
            ]
          },
          {
            "kind": "Var",
            "name": "allCases",
            "printedName": "allCases",
            "children": [
              {
                "kind": "TypeNominal",
                "name": "Array",
                "printedName": "[MWStripePlugin.MWStripeStepType]",
                "children": [
                  {
                    "kind": "TypeNominal",
                    "name": "MWStripeStepType",
                    "printedName": "MWStripePlugin.MWStripeStepType",
                    "usr": "s:14MWStripePlugin0A8StepTypeO"
                  }
                ],
                "usr": "s:Sa"
              }
            ],
            "declKind": "Var",
            "usr": "s:14MWStripePlugin0A8StepTypeO8allCasesSayACGvpZ",
            "mangledName": "$s14MWStripePlugin0A8StepTypeO8allCasesSayACGvpZ",
            "moduleName": "MWStripePlugin",
            "static": true,
            "implicit": true,
            "accessors": [
              {
                "kind": "Accessor",
                "name": "Get",
                "printedName": "Get()",
                "children": [
                  {
                    "kind": "TypeNominal",
                    "name": "Array",
                    "printedName": "[MWStripePlugin.MWStripeStepType]",
                    "children": [
                      {
                        "kind": "TypeNominal",
                        "name": "MWStripeStepType",
                        "printedName": "MWStripePlugin.MWStripeStepType",
                        "usr": "s:14MWStripePlugin0A8StepTypeO"
                      }
                    ],
                    "usr": "s:Sa"
                  }
                ],
                "declKind": "Accessor",
                "usr": "s:14MWStripePlugin0A8StepTypeO8allCasesSayACGvgZ",
                "mangledName": "$s14MWStripePlugin0A8StepTypeO8allCasesSayACGvgZ",
                "moduleName": "MWStripePlugin",
                "static": true,
                "implicit": true,
                "accessorKind": "get"
              }
            ]
          }
        ],
        "declKind": "Enum",
        "usr": "s:14MWStripePlugin0A8StepTypeO",
        "mangledName": "$s14MWStripePlugin0A8StepTypeO",
        "moduleName": "MWStripePlugin",
        "declAttributes": [
          "AccessControl"
        ],
        "enumRawTypeName": "String",
        "conformances": [
          {
            "kind": "Conformance",
            "name": "Equatable",
            "printedName": "Equatable",
            "usr": "s:SQ",
            "mangledName": "$sSQ"
          },
          {
            "kind": "Conformance",
            "name": "Hashable",
            "printedName": "Hashable",
            "usr": "s:SH",
            "mangledName": "$sSH"
          },
          {
            "kind": "Conformance",
            "name": "RawRepresentable",
            "printedName": "RawRepresentable",
            "children": [
              {
                "kind": "TypeWitness",
                "name": "RawValue",
                "printedName": "RawValue",
                "children": [
                  {
                    "kind": "TypeNominal",
                    "name": "String",
                    "printedName": "Swift.String",
                    "usr": "s:SS"
                  }
                ]
              }
            ],
            "usr": "s:SY",
            "mangledName": "$sSY"
          },
          {
            "kind": "Conformance",
            "name": "StepType",
            "printedName": "StepType",
            "usr": "s:18MobileWorkflowCore8StepTypeP",
            "mangledName": "$s18MobileWorkflowCore8StepTypeP"
          },
          {
            "kind": "Conformance",
            "name": "CaseIterable",
            "printedName": "CaseIterable",
            "children": [
              {
                "kind": "TypeWitness",
                "name": "AllCases",
                "printedName": "AllCases",
                "children": [
                  {
                    "kind": "TypeNominal",
                    "name": "Array",
                    "printedName": "[MWStripePlugin.MWStripeStepType]",
                    "children": [
                      {
                        "kind": "TypeNominal",
                        "name": "MWStripeStepType",
                        "printedName": "MWStripePlugin.MWStripeStepType",
                        "usr": "s:14MWStripePlugin0A8StepTypeO"
                      }
                    ],
                    "usr": "s:Sa"
                  }
                ]
              }
            ],
            "usr": "s:s12CaseIterableP",
            "mangledName": "$ss12CaseIterableP"
          },
          {
            "kind": "Conformance",
            "name": "NamedType",
            "printedName": "NamedType",
            "usr": "s:18MobileWorkflowCore9NamedTypeP",
            "mangledName": "$s18MobileWorkflowCore9NamedTypeP"
          }
        ]
      },
      {
        "kind": "Import",
        "name": "Foundation",
        "printedName": "Foundation",
        "declKind": "Import",
        "moduleName": "MWStripePlugin",
        "declAttributes": [
          "RawDocComment"
        ]
      },
      {
        "kind": "Import",
        "name": "Foundation",
        "printedName": "Foundation",
        "declKind": "Import",
        "moduleName": "MWStripePlugin",
        "declAttributes": [
          "RawDocComment"
        ]
      },
      {
        "kind": "Import",
        "name": "MobileWorkflowCore",
        "printedName": "MobileWorkflowCore",
        "declKind": "Import",
        "moduleName": "MWStripePlugin"
      },
      {
        "kind": "Import",
        "name": "Foundation",
        "printedName": "Foundation",
        "declKind": "Import",
        "moduleName": "MWStripePlugin",
        "declAttributes": [
          "RawDocComment"
        ]
      },
      {
        "kind": "Import",
        "name": "MobileWorkflowCore",
        "printedName": "MobileWorkflowCore",
        "declKind": "Import",
        "moduleName": "MWStripePlugin"
      },
      {
        "kind": "TypeDecl",
        "name": "MWStripeStep",
        "printedName": "MWStripeStep",
        "children": [
          {
            "kind": "Var",
            "name": "session",
            "printedName": "session",
            "children": [
              {
                "kind": "TypeNominal",
                "name": "Session",
                "printedName": "MobileWorkflowCore.Session",
                "usr": "s:18MobileWorkflowCore7SessionC"
              }
            ],
            "declKind": "Var",
            "usr": "s:14MWStripePlugin0A4StepC7session18MobileWorkflowCore7SessionCvp",
            "mangledName": "$s14MWStripePlugin0A4StepC7session18MobileWorkflowCore7SessionCvp",
            "moduleName": "MWStripePlugin",
            "declAttributes": [
              "Final",
              "HasStorage",
              "AccessControl"
            ],
            "isLet": true,
            "hasStorage": true,
            "accessors": [
              {
                "kind": "Accessor",
                "name": "Get",
                "printedName": "Get()",
                "children": [
                  {
                    "kind": "TypeNominal",
                    "name": "Session",
                    "printedName": "MobileWorkflowCore.Session",
                    "usr": "s:18MobileWorkflowCore7SessionC"
                  }
                ],
                "declKind": "Accessor",
                "usr": "s:14MWStripePlugin0A4StepC7session18MobileWorkflowCore7SessionCvg",
                "mangledName": "$s14MWStripePlugin0A4StepC7session18MobileWorkflowCore7SessionCvg",
                "moduleName": "MWStripePlugin",
                "implicit": true,
                "declAttributes": [
                  "Final"
                ],
                "accessorKind": "get"
              }
            ]
          },
          {
            "kind": "Var",
            "name": "services",
            "printedName": "services",
            "children": [
              {
                "kind": "TypeNominal",
                "name": "StepServices",
                "printedName": "MobileWorkflowCore.StepServices",
                "usr": "s:18MobileWorkflowCore12StepServicesC"
              }
            ],
            "declKind": "Var",
            "usr": "s:14MWStripePlugin0A4StepC8services18MobileWorkflowCore0C8ServicesCvp",
            "mangledName": "$s14MWStripePlugin0A4StepC8services18MobileWorkflowCore0C8ServicesCvp",
            "moduleName": "MWStripePlugin",
            "declAttributes": [
              "Final",
              "HasStorage",
              "AccessControl"
            ],
            "isLet": true,
            "hasStorage": true,
            "accessors": [
              {
                "kind": "Accessor",
                "name": "Get",
                "printedName": "Get()",
                "children": [
                  {
                    "kind": "TypeNominal",
                    "name": "StepServices",
                    "printedName": "MobileWorkflowCore.StepServices",
                    "usr": "s:18MobileWorkflowCore12StepServicesC"
                  }
                ],
                "declKind": "Accessor",
                "usr": "s:14MWStripePlugin0A4StepC8services18MobileWorkflowCore0C8ServicesCvg",
                "mangledName": "$s14MWStripePlugin0A4StepC8services18MobileWorkflowCore0C8ServicesCvg",
                "moduleName": "MWStripePlugin",
                "implicit": true,
                "declAttributes": [
                  "Final"
                ],
                "accessorKind": "get"
              }
            ]
          },
          {
            "kind": "Var",
            "name": "contentURL",
            "printedName": "contentURL",
            "children": [
              {
                "kind": "TypeNominal",
                "name": "String",
                "printedName": "Swift.String",
                "usr": "s:SS"
              }
            ],
            "declKind": "Var",
            "usr": "s:14MWStripePlugin0A4StepC10contentURLSSvp",
            "mangledName": "$s14MWStripePlugin0A4StepC10contentURLSSvp",
            "moduleName": "MWStripePlugin",
            "declAttributes": [
              "Final",
              "HasStorage",
              "AccessControl"
            ],
            "isLet": true,
            "hasStorage": true,
            "accessors": [
              {
                "kind": "Accessor",
                "name": "Get",
                "printedName": "Get()",
                "children": [
                  {
                    "kind": "TypeNominal",
                    "name": "String",
                    "printedName": "Swift.String",
                    "usr": "s:SS"
                  }
                ],
                "declKind": "Accessor",
                "usr": "s:14MWStripePlugin0A4StepC10contentURLSSvg",
                "mangledName": "$s14MWStripePlugin0A4StepC10contentURLSSvg",
                "moduleName": "MWStripePlugin",
                "implicit": true,
                "declAttributes": [
                  "Final"
                ],
                "accessorKind": "get"
              }
            ]
          },
          {
            "kind": "Var",
            "name": "paymentIntentURL",
            "printedName": "paymentIntentURL",
            "children": [
              {
                "kind": "TypeNominal",
                "name": "String",
                "printedName": "Swift.String",
                "usr": "s:SS"
              }
            ],
            "declKind": "Var",
            "usr": "s:14MWStripePlugin0A4StepC16paymentIntentURLSSvp",
            "mangledName": "$s14MWStripePlugin0A4StepC16paymentIntentURLSSvp",
            "moduleName": "MWStripePlugin",
            "declAttributes": [
              "Final",
              "HasStorage",
              "AccessControl"
            ],
            "isLet": true,
            "hasStorage": true,
            "accessors": [
              {
                "kind": "Accessor",
                "name": "Get",
                "printedName": "Get()",
                "children": [
                  {
                    "kind": "TypeNominal",
                    "name": "String",
                    "printedName": "Swift.String",
                    "usr": "s:SS"
                  }
                ],
                "declKind": "Accessor",
                "usr": "s:14MWStripePlugin0A4StepC16paymentIntentURLSSvg",
                "mangledName": "$s14MWStripePlugin0A4StepC16paymentIntentURLSSvg",
                "moduleName": "MWStripePlugin",
                "implicit": true,
                "declAttributes": [
                  "Final"
                ],
                "accessorKind": "get"
              }
            ]
          },
          {
            "kind": "Function",
            "name": "instantiateViewController",
            "printedName": "instantiateViewController()",
            "children": [
              {
                "kind": "TypeNominal",
                "name": "StepViewController",
                "printedName": "MobileWorkflowCore.StepViewController",
                "usr": "s:18MobileWorkflowCore18StepViewControllerP"
              }
            ],
            "declKind": "Func",
            "usr": "s:14MWStripePlugin0A4StepC25instantiateViewController18MobileWorkflowCore0ceF0_pyF",
            "mangledName": "$s14MWStripePlugin0A4StepC25instantiateViewController18MobileWorkflowCore0ceF0_pyF",
            "moduleName": "MWStripePlugin",
            "overriding": true,
            "declAttributes": [
              "Override",
              "AccessControl"
            ],
            "funcSelfKind": "NonMutating"
          },
          {
            "kind": "Constructor",
            "name": "init",
            "printedName": "init(identifier:title:text:theme:links:navigationItems:)",
            "children": [
              {
                "kind": "TypeNominal",
                "name": "MWStripeStep",
                "printedName": "MWStripePlugin.MWStripeStep",
                "usr": "s:14MWStripePlugin0A4StepC"
              },
              {
                "kind": "TypeNominal",
                "name": "String",
                "printedName": "Swift.String",
                "usr": "s:SS"
              },
              {
                "kind": "TypeNominal",
                "name": "Optional",
                "printedName": "Swift.String?",
                "children": [
                  {
                    "kind": "TypeNominal",
                    "name": "String",
                    "printedName": "Swift.String",
                    "usr": "s:SS"
                  }
                ],
                "hasDefaultArg": true,
                "usr": "s:Sq"
              },
              {
                "kind": "TypeNominal",
                "name": "Optional",
                "printedName": "Swift.String?",
                "children": [
                  {
                    "kind": "TypeNominal",
                    "name": "String",
                    "printedName": "Swift.String",
                    "usr": "s:SS"
                  }
                ],
                "hasDefaultArg": true,
                "usr": "s:Sq"
              },
              {
                "kind": "TypeNominal",
                "name": "Theme",
                "printedName": "MobileWorkflowCore.Theme",
                "hasDefaultArg": true,
                "usr": "s:18MobileWorkflowCore5ThemeV"
              },
              {
                "kind": "TypeNominal",
                "name": "Array",
                "printedName": "[MobileWorkflowCore.StepLink]",
                "children": [
                  {
                    "kind": "TypeNominal",
                    "name": "StepLink",
                    "printedName": "MobileWorkflowCore.StepLink",
                    "usr": "s:18MobileWorkflowCore8StepLinkV"
                  }
                ],
                "hasDefaultArg": true,
                "usr": "s:Sa"
              },
              {
                "kind": "TypeNominal",
                "name": "Array",
                "printedName": "[MobileWorkflowCore.StepNavigationItem]",
                "children": [
                  {
                    "kind": "TypeNominal",
                    "name": "StepNavigationItem",
                    "printedName": "MobileWorkflowCore.StepNavigationItem",
                    "usr": "s:18MobileWorkflowCore18StepNavigationItemV"
                  }
                ],
                "hasDefaultArg": true,
                "usr": "s:Sa"
              }
            ],
            "declKind": "Constructor",
            "usr": "s:14MWStripePlugin0A4StepC10identifier5title4text5theme5links15navigationItemsACSS_SSSgAJ18MobileWorkflowCore5ThemeVSayAK0C4LinkVGSayAK0C14NavigationItemVGtcfc",
            "mangledName": "$s14MWStripePlugin0A4StepC10identifier5title4text5theme5links15navigationItemsACSS_SSSgAJ18MobileWorkflowCore5ThemeVSayAK0C4LinkVGSayAK0C14NavigationItemVGtcfc",
            "moduleName": "MWStripePlugin",
            "overriding": true,
            "implicit": true,
            "declAttributes": [
              "Override"
            ],
            "init_kind": "Designated"
          },
          {
            "kind": "Var",
            "name": "mandatoryCodingPaths",
            "printedName": "mandatoryCodingPaths",
            "children": [
              {
                "kind": "TypeNominal",
                "name": "Array",
                "printedName": "[Swift.CodingKey]",
                "children": [
                  {
                    "kind": "TypeNominal",
                    "name": "CodingKey",
                    "printedName": "Swift.CodingKey",
                    "usr": "s:s9CodingKeyP"
                  }
                ],
                "usr": "s:Sa"
              }
            ],
            "declKind": "Var",
            "usr": "s:14MWStripePlugin0A4StepC20mandatoryCodingPathsSays0E3Key_pGvpZ",
            "mangledName": "$s14MWStripePlugin0A4StepC20mandatoryCodingPathsSays0E3Key_pGvpZ",
            "moduleName": "MWStripePlugin",
            "static": true,
            "declAttributes": [
              "Final",
              "AccessControl"
            ],
            "isFromExtension": true,
            "accessors": [
              {
                "kind": "Accessor",
                "name": "Get",
                "printedName": "Get()",
                "children": [
                  {
                    "kind": "TypeNominal",
                    "name": "Array",
                    "printedName": "[Swift.CodingKey]",
                    "children": [
                      {
                        "kind": "TypeNominal",
                        "name": "CodingKey",
                        "printedName": "Swift.CodingKey",
                        "usr": "s:s9CodingKeyP"
                      }
                    ],
                    "usr": "s:Sa"
                  }
                ],
                "declKind": "Accessor",
                "usr": "s:14MWStripePlugin0A4StepC20mandatoryCodingPathsSays0E3Key_pGvgZ",
                "mangledName": "$s14MWStripePlugin0A4StepC20mandatoryCodingPathsSays0E3Key_pGvgZ",
                "moduleName": "MWStripePlugin",
                "static": true,
                "declAttributes": [
                  "Final"
                ],
                "isFromExtension": true,
                "accessorKind": "get"
              }
            ]
          },
          {
            "kind": "Function",
            "name": "build",
            "printedName": "build(stepInfo:services:)",
            "children": [
              {
                "kind": "TypeNominal",
                "name": "Step",
                "printedName": "MobileWorkflowCore.Step",
                "usr": "s:18MobileWorkflowCore4StepP"
              },
              {
                "kind": "TypeNominal",
                "name": "StepInfo",
                "printedName": "MobileWorkflowCore.StepInfo",
                "usr": "s:18MobileWorkflowCore8StepInfoV"
              },
              {
                "kind": "TypeNominal",
                "name": "StepServices",
                "printedName": "MobileWorkflowCore.StepServices",
                "usr": "s:18MobileWorkflowCore12StepServicesC"
              }
            ],
            "declKind": "Func",
            "usr": "s:14MWStripePlugin0A4StepC5build8stepInfo8services18MobileWorkflowCore0C0_pAG0cF0V_AG0C8ServicesCtKFZ",
            "mangledName": "$s14MWStripePlugin0A4StepC5build8stepInfo8services18MobileWorkflowCore0C0_pAG0cF0V_AG0C8ServicesCtKFZ",
            "moduleName": "MWStripePlugin",
            "static": true,
            "declAttributes": [
              "Final",
              "AccessControl"
            ],
            "isFromExtension": true,
            "throwing": true,
            "funcSelfKind": "NonMutating"
          }
        ],
        "declKind": "Class",
        "usr": "s:14MWStripePlugin0A4StepC",
        "mangledName": "$s14MWStripePlugin0A4StepC",
        "moduleName": "MWStripePlugin",
        "declAttributes": [
          "AccessControl"
        ],
        "superclassUsr": "s:18MobileWorkflowCore6MWStepC",
        "hasMissingDesignatedInitializers": true,
        "superclassNames": [
          "MobileWorkflowCore.MWStep"
        ],
        "conformances": [
          {
            "kind": "Conformance",
            "name": "BuildableStep",
            "printedName": "BuildableStep",
            "usr": "s:18MobileWorkflowCore13BuildableStepP",
            "mangledName": "$s18MobileWorkflowCore13BuildableStepP"
          },
          {
            "kind": "Conformance",
            "name": "Step",
            "printedName": "Step",
            "usr": "s:18MobileWorkflowCore4StepP",
            "mangledName": "$s18MobileWorkflowCore4StepP"
          }
        ]
      },
      {
        "kind": "Import",
        "name": "Stripe",
        "printedName": "Stripe",
        "declKind": "Import",
        "moduleName": "MWStripePlugin",
        "declAttributes": [
          "RawDocComment"
        ]
      },
      {
        "kind": "Import",
        "name": "Foundation",
        "printedName": "Foundation",
        "declKind": "Import",
        "moduleName": "MWStripePlugin"
      },
      {
        "kind": "Import",
        "name": "MobileWorkflowCore",
        "printedName": "MobileWorkflowCore",
        "declKind": "Import",
        "moduleName": "MWStripePlugin"
      },
      {
        "kind": "TypeDecl",
        "name": "MWStripeViewController",
        "printedName": "MWStripeViewController",
        "children": [
          {
            "kind": "Function",
            "name": "viewDidLoad",
            "printedName": "viewDidLoad()",
            "children": [
              {
                "kind": "TypeNominal",
                "name": "Void",
                "printedName": "()"
              }
            ],
            "declKind": "Func",
            "usr": "c:@M@MWStripePlugin@objc(cs)MWStripeViewController(im)viewDidLoad",
            "mangledName": "$s14MWStripePlugin0A14ViewControllerC11viewDidLoadyyF",
            "moduleName": "MWStripePlugin",
            "overriding": true,
            "objc_name": "viewDidLoad",
            "declAttributes": [
              "Dynamic",
              "ObjC",
              "Custom",
              "Override",
              "AccessControl"
            ],
            "funcSelfKind": "NonMutating"
          },
          {
            "kind": "Function",
            "name": "viewWillAppear",
            "printedName": "viewWillAppear(_:)",
            "children": [
              {
                "kind": "TypeNominal",
                "name": "Void",
                "printedName": "()"
              },
              {
                "kind": "TypeNominal",
                "name": "Bool",
                "printedName": "Swift.Bool",
                "usr": "s:Sb"
              }
            ],
            "declKind": "Func",
            "usr": "c:@M@MWStripePlugin@objc(cs)MWStripeViewController(im)viewWillAppear:",
            "mangledName": "$s14MWStripePlugin0A14ViewControllerC14viewWillAppearyySbF",
            "moduleName": "MWStripePlugin",
            "overriding": true,
            "objc_name": "viewWillAppear:",
            "declAttributes": [
              "Dynamic",
              "ObjC",
              "Custom",
              "Override",
              "AccessControl"
            ],
            "funcSelfKind": "NonMutating"
          },
          {
            "kind": "Constructor",
            "name": "init",
            "printedName": "init(step:nibName:bundle:)",
            "children": [
              {
                "kind": "TypeNominal",
                "name": "MWStripeViewController",
                "printedName": "MWStripePlugin.MWStripeViewController",
                "usr": "c:@M@MWStripePlugin@objc(cs)MWStripeViewController"
              },
              {
                "kind": "TypeNominal",
                "name": "Step",
                "printedName": "MobileWorkflowCore.Step",
                "usr": "s:18MobileWorkflowCore4StepP"
              },
              {
                "kind": "TypeNominal",
                "name": "Optional",
                "printedName": "Swift.String?",
                "children": [
                  {
                    "kind": "TypeNominal",
                    "name": "String",
                    "printedName": "Swift.String",
                    "usr": "s:SS"
                  }
                ],
                "usr": "s:Sq"
              },
              {
                "kind": "TypeNominal",
                "name": "Optional",
                "printedName": "Foundation.Bundle?",
                "children": [
                  {
                    "kind": "TypeNominal",
                    "name": "Bundle",
                    "printedName": "Foundation.Bundle",
                    "usr": "c:objc(cs)NSBundle"
                  }
                ],
                "usr": "s:Sq"
              }
            ],
            "declKind": "Constructor",
            "usr": "s:14MWStripePlugin0A14ViewControllerC4step7nibName6bundleAC18MobileWorkflowCore4Step_p_SSSgSo8NSBundleCSgtcfc",
            "mangledName": "$s14MWStripePlugin0A14ViewControllerC4step7nibName6bundleAC18MobileWorkflowCore4Step_p_SSSgSo8NSBundleCSgtcfc",
            "moduleName": "MWStripePlugin",
            "overriding": true,
            "implicit": true,
            "declAttributes": [
              "Custom",
              "Override"
            ],
            "init_kind": "Designated"
          },
          {
            "kind": "Constructor",
            "name": "init",
            "printedName": "init(step:)",
            "children": [
              {
                "kind": "TypeNominal",
                "name": "MWStripeViewController",
                "printedName": "MWStripePlugin.MWStripeViewController",
                "usr": "c:@M@MWStripePlugin@objc(cs)MWStripeViewController"
              },
              {
                "kind": "TypeNominal",
                "name": "Step",
                "printedName": "MobileWorkflowCore.Step",
                "usr": "s:18MobileWorkflowCore4StepP"
              }
            ],
            "declKind": "Constructor",
            "usr": "s:14MWStripePlugin0A14ViewControllerC4stepAC18MobileWorkflowCore4Step_p_tcfc",
            "mangledName": "$s14MWStripePlugin0A14ViewControllerC4stepAC18MobileWorkflowCore4Step_p_tcfc",
            "moduleName": "MWStripePlugin",
            "overriding": true,
            "implicit": true,
            "declAttributes": [
              "Custom",
              "Override"
            ],
            "init_kind": "Designated"
          },
          {
            "kind": "Constructor",
            "name": "init",
            "printedName": "init(coder:)",
            "children": [
              {
                "kind": "TypeNominal",
                "name": "Optional",
                "printedName": "MWStripePlugin.MWStripeViewController?",
                "children": [
                  {
                    "kind": "TypeNominal",
                    "name": "MWStripeViewController",
                    "printedName": "MWStripePlugin.MWStripeViewController",
                    "usr": "c:@M@MWStripePlugin@objc(cs)MWStripeViewController"
                  }
                ],
                "usr": "s:Sq"
              },
              {
                "kind": "TypeNominal",
                "name": "NSCoder",
                "printedName": "Foundation.NSCoder",
                "usr": "c:objc(cs)NSCoder"
              }
            ],
            "declKind": "Constructor",
            "usr": "c:@M@MWStripePlugin@objc(cs)MWStripeViewController(im)initWithCoder:",
            "mangledName": "$s14MWStripePlugin0A14ViewControllerC5coderACSgSo7NSCoderC_tcfc",
            "moduleName": "MWStripePlugin",
            "overriding": true,
            "implicit": true,
            "objc_name": "initWithCoder:",
            "declAttributes": [
              "Dynamic",
              "ObjC",
              "Custom",
              "Required"
            ],
            "init_kind": "Designated"
          },
          {
            "kind": "Function",
            "name": "tableView",
            "printedName": "tableView(_:numberOfRowsInSection:)",
            "children": [
              {
                "kind": "TypeNominal",
                "name": "Int",
                "printedName": "Swift.Int",
                "usr": "s:Si"
              },
              {
                "kind": "TypeNominal",
                "name": "UITableView",
                "printedName": "UIKit.UITableView",
                "usr": "c:objc(cs)UITableView"
              },
              {
                "kind": "TypeNominal",
                "name": "Int",
                "printedName": "Swift.Int",
                "usr": "s:Si"
              }
            ],
            "declKind": "Func",
            "usr": "c:@CM@MWStripePlugin@objc(cs)MWStripeViewController(im)tableView:numberOfRowsInSection:",
            "mangledName": "$s14MWStripePlugin0A14ViewControllerC05tableC0_21numberOfRowsInSectionSiSo07UITableC0C_SitF",
            "moduleName": "MWStripePlugin",
            "objc_name": "tableView:numberOfRowsInSection:",
            "declAttributes": [
              "Dynamic",
              "ObjC",
              "Custom",
              "AccessControl"
            ],
            "isFromExtension": true,
            "funcSelfKind": "NonMutating"
          },
          {
            "kind": "Function",
            "name": "tableView",
            "printedName": "tableView(_:cellForRowAt:)",
            "children": [
              {
                "kind": "TypeNominal",
                "name": "UITableViewCell",
                "printedName": "UIKit.UITableViewCell",
                "usr": "c:objc(cs)UITableViewCell"
              },
              {
                "kind": "TypeNominal",
                "name": "UITableView",
                "printedName": "UIKit.UITableView",
                "usr": "c:objc(cs)UITableView"
              },
              {
                "kind": "TypeNominal",
                "name": "IndexPath",
                "printedName": "Foundation.IndexPath",
                "usr": "s:10Foundation9IndexPathV"
              }
            ],
            "declKind": "Func",
            "usr": "c:@CM@MWStripePlugin@objc(cs)MWStripeViewController(im)tableView:cellForRowAtIndexPath:",
            "mangledName": "$s14MWStripePlugin0A14ViewControllerC05tableC0_12cellForRowAtSo07UITableC4CellCSo0jC0C_10Foundation9IndexPathVtF",
            "moduleName": "MWStripePlugin",
            "objc_name": "tableView:cellForRowAtIndexPath:",
            "declAttributes": [
              "Dynamic",
              "ObjC",
              "Custom",
              "AccessControl"
            ],
            "isFromExtension": true,
            "funcSelfKind": "NonMutating"
          },
          {
            "kind": "Function",
            "name": "tableView",
            "printedName": "tableView(_:didEndDisplaying:forRowAt:)",
            "children": [
              {
                "kind": "TypeNominal",
                "name": "Void",
                "printedName": "()"
              },
              {
                "kind": "TypeNominal",
                "name": "UITableView",
                "printedName": "UIKit.UITableView",
                "usr": "c:objc(cs)UITableView"
              },
              {
                "kind": "TypeNominal",
                "name": "UITableViewCell",
                "printedName": "UIKit.UITableViewCell",
                "usr": "c:objc(cs)UITableViewCell"
              },
              {
                "kind": "TypeNominal",
                "name": "IndexPath",
                "printedName": "Foundation.IndexPath",
                "usr": "s:10Foundation9IndexPathV"
              }
            ],
            "declKind": "Func",
            "usr": "c:@CM@MWStripePlugin@objc(cs)MWStripeViewController(im)tableView:didEndDisplayingCell:forRowAtIndexPath:",
            "mangledName": "$s14MWStripePlugin0A14ViewControllerC05tableC0_16didEndDisplaying8forRowAtySo07UITableC0C_So0lC4CellC10Foundation9IndexPathVtF",
            "moduleName": "MWStripePlugin",
            "objc_name": "tableView:didEndDisplayingCell:forRowAtIndexPath:",
            "declAttributes": [
              "Dynamic",
              "ObjC",
              "Custom",
              "AccessControl"
            ],
            "isFromExtension": true,
            "funcSelfKind": "NonMutating"
          }
        ],
        "declKind": "Class",
        "usr": "c:@M@MWStripePlugin@objc(cs)MWStripeViewController",
        "mangledName": "$s14MWStripePlugin0A14ViewControllerC",
        "moduleName": "MWStripePlugin",
        "declAttributes": [
          "Custom",
          "AccessControl",
          "ObjC"
        ],
        "superclassUsr": "c:@M@MobileWorkflowCore@objc(cs)MWStepViewController",
        "inheritsConvenienceInitializers": true,
        "superclassNames": [
          "MobileWorkflowCore.MWStepViewController",
          "UIKit.UIViewController",
          "UIKit.UIResponder",
          "ObjectiveC.NSObject"
        ],
        "conformances": [
          {
            "kind": "Conformance",
            "name": "StepViewController",
            "printedName": "StepViewController",
            "usr": "s:18MobileWorkflowCore18StepViewControllerP",
            "mangledName": "$s18MobileWorkflowCore18StepViewControllerP"
          },
          {
            "kind": "Conformance",
            "name": "Equatable",
            "printedName": "Equatable",
            "usr": "s:SQ",
            "mangledName": "$sSQ"
          },
          {
            "kind": "Conformance",
            "name": "Hashable",
            "printedName": "Hashable",
            "usr": "s:SH",
            "mangledName": "$sSH"
          },
          {
            "kind": "Conformance",
            "name": "CVarArg",
            "printedName": "CVarArg",
            "usr": "s:s7CVarArgP",
            "mangledName": "$ss7CVarArgP"
          },
          {
            "kind": "Conformance",
            "name": "_KeyValueCodingAndObservingPublishing",
            "printedName": "_KeyValueCodingAndObservingPublishing",
            "usr": "s:10Foundation37_KeyValueCodingAndObservingPublishingP",
            "mangledName": "$s10Foundation37_KeyValueCodingAndObservingPublishingP"
          },
          {
            "kind": "Conformance",
            "name": "_KeyValueCodingAndObserving",
            "printedName": "_KeyValueCodingAndObserving",
            "usr": "s:10Foundation27_KeyValueCodingAndObservingP",
            "mangledName": "$s10Foundation27_KeyValueCodingAndObservingP"
          },
          {
            "kind": "Conformance",
            "name": "CustomStringConvertible",
            "printedName": "CustomStringConvertible",
            "usr": "s:s23CustomStringConvertibleP",
            "mangledName": "$ss23CustomStringConvertibleP"
          },
          {
            "kind": "Conformance",
            "name": "CustomDebugStringConvertible",
            "printedName": "CustomDebugStringConvertible",
            "usr": "s:s28CustomDebugStringConvertibleP",
            "mangledName": "$ss28CustomDebugStringConvertibleP"
          }
        ]
      },
      {
        "kind": "Import",
        "name": "UIKit",
        "printedName": "UIKit",
        "declKind": "Import",
        "moduleName": "MWStripePlugin",
        "declAttributes": [
          "RawDocComment"
        ]
      },
      {
        "kind": "Import",
        "name": "Foundation",
        "printedName": "Foundation",
        "declKind": "Import",
        "moduleName": "MWStripePlugin"
      }
    ],
    "json_format_version": 8
  },
  "ConstValues": [
    {
      "filePath": "\/Users\/vagrant\/git\/project\/MWStripePlugin\/MWStripePlugin\/MWStripePluginStruct.swift",
      "kind": "StringLiteral",
      "offset": 356,
      "length": 32,
      "value": "\"com.stripe.StripeBasicCheckout\""
    },
    {
      "filePath": "\/Users\/vagrant\/git\/project\/MWStripePlugin\/MWStripePlugin\/MWStripePluginStruct.swift",
      "kind": "StringLiteral",
      "offset": 356,
      "length": 32,
      "value": "\"com.stripe.StripeBasicCheckout\""
    },
    {
      "filePath": "\/Users\/vagrant\/git\/project\/MWStripePlugin\/MWStripePlugin\/MWStripePluginStruct.swift",
      "kind": "StringLiteral",
      "offset": 680,
      "length": 28,
      "value": "\"Loading Payment Options...\""
    },
    {
      "filePath": "\/Users\/vagrant\/git\/project\/MWStripePlugin\/MWStripePlugin\/MWStripePluginStruct.swift",
      "kind": "StringLiteral",
      "offset": 748,
      "length": 12,
      "value": "\"Hold on...\""
    },
    {
      "filePath": "\/Users\/vagrant\/git\/project\/MWStripePlugin\/MWStripePlugin\/MWStripePluginStruct.swift",
      "kind": "StringLiteral",
      "offset": 795,
      "length": 16,
      "value": "\"Failed to load\""
    },
    {
      "filePath": "\/Users\/vagrant\/git\/project\/MWStripePlugin\/MWStripePlugin\/MWStripePluginStruct.swift",
      "kind": "StringLiteral",
      "offset": 852,
      "length": 16,
      "value": "\"Failed to load\""
    },
    {
      "filePath": "\/Users\/vagrant\/git\/project\/MWStripePlugin\/MWStripePlugin\/StripePlugin\/L10n.swift",
      "kind": "StringLiteral",
      "offset": 352,
      "length": 17,
      "value": "\"PAY_WITH_STRIPE\""
    },
    {
      "filePath": "\/Users\/vagrant\/git\/project\/MWStripePlugin\/MWStripePlugin\/StripePlugin\/L10n.swift",
      "kind": "StringLiteral",
      "offset": 422,
      "length": 9,
      "value": "\"LOADING\""
    },
    {
      "filePath": "\/Users\/vagrant\/git\/project\/MWStripePlugin\/MWStripePlugin\/StripePlugin\/L10n.swift",
      "kind": "StringLiteral",
      "offset": 487,
      "length": 10,
      "value": "\"CONTINUE\""
    },
    {
      "filePath": "\/Users\/vagrant\/git\/project\/MWStripePlugin\/MWStripePlugin\/StripePlugin\/MWStripeStep.swift",
      "kind": "StringLiteral",
      "offset": 147,
      "length": 12,
      "value": "\"MWStripePlugin.MWStripeStep\""
    },
    {
      "filePath": "\/Users\/vagrant\/git\/project\/MWStripePlugin\/MWStripePlugin\/StripePlugin\/MWStripeViewController.swift",
      "kind": "Dictionary",
      "offset": 850,
      "length": 3,
      "value": "[]"
    },
    {
      "filePath": "\/Users\/vagrant\/git\/project\/MWStripePlugin\/MWStripePlugin\/StripePlugin\/MWStripeViewController.swift",
      "kind": "StringLiteral",
      "offset": 1056,
      "length": 2,
      "value": "\"\""
    }
  ]
}