{
  "ABIRoot": {
    "kind": "Root",
    "name": "TopLevel",
    "printedName": "TopLevel",
    "children": [
      {
        "kind": "Import",
        "name": "Foundation",
        "printedName": "Foundation",
        "declKind": "Import",
        "moduleName": "MWWebPlugin",
        "declAttributes": [
          "RawDocComment"
        ]
      },
      {
        "kind": "Import",
        "name": "MobileWorkflowCore",
        "printedName": "MobileWorkflowCore",
        "declKind": "Import",
        "moduleName": "MWWebPlugin"
      },
      {
        "kind": "TypeDecl",
        "name": "MWWebPluginStruct",
        "printedName": "MWWebPluginStruct",
        "children": [
          {
            "kind": "Var",
            "name": "allStepsTypes",
            "printedName": "allStepsTypes",
            "children": [
              {
                "kind": "TypeNominal",
                "name": "Array",
                "printedName": "[MobileWorkflowCore.StepType]",
                "children": [
                  {
                    "kind": "TypeNominal",
                    "name": "StepType",
                    "printedName": "MobileWorkflowCore.StepType",
                    "usr": "s:18MobileWorkflowCore8StepTypeP"
                  }
                ],
                "usr": "s:Sa"
              }
            ],
            "declKind": "Var",
            "usr": "s:11MWWebPlugin0aB6StructV13allStepsTypesSay18MobileWorkflowCore8StepType_pGvpZ",
            "mangledName": "$s11MWWebPlugin0aB6StructV13allStepsTypesSay18MobileWorkflowCore8StepType_pGvpZ",
            "moduleName": "MWWebPlugin",
            "static": true,
            "declAttributes": [
              "AccessControl"
            ],
            "accessors": [
              {
                "kind": "Accessor",
                "name": "Get",
                "printedName": "Get()",
                "children": [
                  {
                    "kind": "TypeNominal",
                    "name": "Array",
                    "printedName": "[MobileWorkflowCore.StepType]",
                    "children": [
                      {
                        "kind": "TypeNominal",
                        "name": "StepType",
                        "printedName": "MobileWorkflowCore.StepType",
                        "usr": "s:18MobileWorkflowCore8StepTypeP"
                      }
                    ],
                    "usr": "s:Sa"
                  }
                ],
                "declKind": "Accessor",
                "usr": "s:11MWWebPlugin0aB6StructV13allStepsTypesSay18MobileWorkflowCore8StepType_pGvgZ",
                "mangledName": "$s11MWWebPlugin0aB6StructV13allStepsTypesSay18MobileWorkflowCore8StepType_pGvgZ",
                "moduleName": "MWWebPlugin",
                "static": true,
                "accessorKind": "get"
              }
            ]
          }
        ],
        "declKind": "Struct",
        "usr": "s:11MWWebPlugin0aB6StructV",
        "mangledName": "$s11MWWebPlugin0aB6StructV",
        "moduleName": "MWWebPlugin",
        "declAttributes": [
          "AccessControl"
        ],
        "conformances": [
          {
            "kind": "Conformance",
            "name": "Plugin",
            "printedName": "Plugin",
            "usr": "s:18MobileWorkflowCore6PluginP",
            "mangledName": "$s18MobileWorkflowCore6PluginP"
          }
        ]
      },
      {
        "kind": "TypeDecl",
        "name": "MWWebStepType",
        "printedName": "MWWebStepType",
        "children": [
          {
            "kind": "Var",
            "name": "web",
            "printedName": "web",
            "children": [
              {
                "kind": "TypeFunc",
                "name": "Function",
                "printedName": "(MWWebPlugin.MWWebStepType.Type) -> MWWebPlugin.MWWebStepType",
                "children": [
                  {
                    "kind": "TypeNominal",
                    "name": "MWWebStepType",
                    "printedName": "MWWebPlugin.MWWebStepType",
                    "usr": "s:11MWWebPlugin0A8StepTypeO"
                  },
                  {
                    "kind": "TypeNominal",
                    "name": "Metatype",
                    "printedName": "MWWebPlugin.MWWebStepType.Type",
                    "children": [
                      {
                        "kind": "TypeNominal",
                        "name": "MWWebStepType",
                        "printedName": "MWWebPlugin.MWWebStepType",
                        "usr": "s:11MWWebPlugin0A8StepTypeO"
                      }
                    ]
                  }
                ]
              }
            ],
            "declKind": "EnumElement",
            "usr": "s:11MWWebPlugin0A8StepTypeO3webyA2CmF",
            "mangledName": "$s11MWWebPlugin0A8StepTypeO3webyA2CmF",
            "moduleName": "MWWebPlugin"
          },
          {
            "kind": "Var",
            "name": "typeName",
            "printedName": "typeName",
            "children": [
              {
                "kind": "TypeNominal",
                "name": "String",
                "printedName": "Swift.String",
                "usr": "s:SS"
              }
            ],
            "declKind": "Var",
            "usr": "s:11MWWebPlugin0A8StepTypeO8typeNameSSvp",
            "mangledName": "$s11MWWebPlugin0A8StepTypeO8typeNameSSvp",
            "moduleName": "MWWebPlugin",
            "declAttributes": [
              "AccessControl"
            ],
            "accessors": [
              {
                "kind": "Accessor",
                "name": "Get",
                "printedName": "Get()",
                "children": [
                  {
                    "kind": "TypeNominal",
                    "name": "String",
                    "printedName": "Swift.String",
                    "usr": "s:SS"
                  }
                ],
                "declKind": "Accessor",
                "usr": "s:11MWWebPlugin0A8StepTypeO8typeNameSSvg",
                "mangledName": "$s11MWWebPlugin0A8StepTypeO8typeNameSSvg",
                "moduleName": "MWWebPlugin",
                "accessorKind": "get"
              }
            ]
          },
          {
            "kind": "Var",
            "name": "stepClass",
            "printedName": "stepClass",
            "children": [
              {
                "kind": "TypeNominal",
                "name": "ExistentialMetatype",
                "printedName": "MobileWorkflowCore.BuildableStep.Type",
                "children": [
                  {
                    "kind": "TypeNominal",
                    "name": "BuildableStep",
                    "printedName": "MobileWorkflowCore.BuildableStep",
                    "usr": "s:18MobileWorkflowCore13BuildableStepP"
                  }
                ]
              }
            ],
            "declKind": "Var",
            "usr": "s:11MWWebPlugin0A8StepTypeO9stepClass18MobileWorkflowCore09BuildableC0_pXpvp",
            "mangledName": "$s11MWWebPlugin0A8StepTypeO9stepClass18MobileWorkflowCore09BuildableC0_pXpvp",
            "moduleName": "MWWebPlugin",
            "declAttributes": [
              "AccessControl"
            ],
            "accessors": [
              {
                "kind": "Accessor",
                "name": "Get",
                "printedName": "Get()",
                "children": [
                  {
                    "kind": "TypeNominal",
                    "name": "ExistentialMetatype",
                    "printedName": "MobileWorkflowCore.BuildableStep.Type",
                    "children": [
                      {
                        "kind": "TypeNominal",
                        "name": "BuildableStep",
                        "printedName": "MobileWorkflowCore.BuildableStep",
                        "usr": "s:18MobileWorkflowCore13BuildableStepP"
                      }
                    ]
                  }
                ],
                "declKind": "Accessor",
                "usr": "s:11MWWebPlugin0A8StepTypeO9stepClass18MobileWorkflowCore09BuildableC0_pXpvg",
                "mangledName": "$s11MWWebPlugin0A8StepTypeO9stepClass18MobileWorkflowCore09BuildableC0_pXpvg",
                "moduleName": "MWWebPlugin",
                "accessorKind": "get"
              }
            ]
          },
          {
            "kind": "Constructor",
            "name": "init",
            "printedName": "init(rawValue:)",
            "children": [
              {
                "kind": "TypeNominal",
                "name": "Optional",
                "printedName": "MWWebPlugin.MWWebStepType?",
                "children": [
                  {
                    "kind": "TypeNominal",
                    "name": "MWWebStepType",
                    "printedName": "MWWebPlugin.MWWebStepType",
                    "usr": "s:11MWWebPlugin0A8StepTypeO"
                  }
                ],
                "usr": "s:Sq"
              },
              {
                "kind": "TypeNominal",
                "name": "String",
                "printedName": "Swift.String",
                "usr": "s:SS"
              }
            ],
            "declKind": "Constructor",
            "usr": "s:11MWWebPlugin0A8StepTypeO8rawValueACSgSS_tcfc",
            "mangledName": "$s11MWWebPlugin0A8StepTypeO8rawValueACSgSS_tcfc",
            "moduleName": "MWWebPlugin",
            "implicit": true,
            "init_kind": "Designated"
          },
          {
            "kind": "Var",
            "name": "rawValue",
            "printedName": "rawValue",
            "children": [
              {
                "kind": "TypeNominal",
                "name": "String",
                "printedName": "Swift.String",
                "usr": "s:SS"
              }
            ],
            "declKind": "Var",
            "usr": "s:11MWWebPlugin0A8StepTypeO8rawValueSSvp",
            "mangledName": "$s11MWWebPlugin0A8StepTypeO8rawValueSSvp",
            "moduleName": "MWWebPlugin",
            "implicit": true,
            "accessors": [
              {
                "kind": "Accessor",
                "name": "Get",
                "printedName": "Get()",
                "children": [
                  {
                    "kind": "TypeNominal",
                    "name": "String",
                    "printedName": "Swift.String",
                    "usr": "s:SS"
                  }
                ],
                "declKind": "Accessor",
                "usr": "s:11MWWebPlugin0A8StepTypeO8rawValueSSvg",
                "mangledName": "$s11MWWebPlugin0A8StepTypeO8rawValueSSvg",
                "moduleName": "MWWebPlugin",
                "implicit": true,
                "accessorKind": "get"
              }
            ]
          },
          {
            "kind": "Var",
            "name": "allCases",
            "printedName": "allCases",
            "children": [
              {
                "kind": "TypeNominal",
                "name": "Array",
                "printedName": "[MWWebPlugin.MWWebStepType]",
                "children": [
                  {
                    "kind": "TypeNominal",
                    "name": "MWWebStepType",
                    "printedName": "MWWebPlugin.MWWebStepType",
                    "usr": "s:11MWWebPlugin0A8StepTypeO"
                  }
                ],
                "usr": "s:Sa"
              }
            ],
            "declKind": "Var",
            "usr": "s:11MWWebPlugin0A8StepTypeO8allCasesSayACGvpZ",
            "mangledName": "$s11MWWebPlugin0A8StepTypeO8allCasesSayACGvpZ",
            "moduleName": "MWWebPlugin",
            "static": true,
            "implicit": true,
            "accessors": [
              {
                "kind": "Accessor",
                "name": "Get",
                "printedName": "Get()",
                "children": [
                  {
                    "kind": "TypeNominal",
                    "name": "Array",
                    "printedName": "[MWWebPlugin.MWWebStepType]",
                    "children": [
                      {
                        "kind": "TypeNominal",
                        "name": "MWWebStepType",
                        "printedName": "MWWebPlugin.MWWebStepType",
                        "usr": "s:11MWWebPlugin0A8StepTypeO"
                      }
                    ],
                    "usr": "s:Sa"
                  }
                ],
                "declKind": "Accessor",
                "usr": "s:11MWWebPlugin0A8StepTypeO8allCasesSayACGvgZ",
                "mangledName": "$s11MWWebPlugin0A8StepTypeO8allCasesSayACGvgZ",
                "moduleName": "MWWebPlugin",
                "static": true,
                "implicit": true,
                "accessorKind": "get"
              }
            ]
          }
        ],
        "declKind": "Enum",
        "usr": "s:11MWWebPlugin0A8StepTypeO",
        "mangledName": "$s11MWWebPlugin0A8StepTypeO",
        "moduleName": "MWWebPlugin",
        "declAttributes": [
          "AccessControl"
        ],
        "enumRawTypeName": "String",
        "conformances": [
          {
            "kind": "Conformance",
            "name": "Equatable",
            "printedName": "Equatable",
            "usr": "s:SQ",
            "mangledName": "$sSQ"
          },
          {
            "kind": "Conformance",
            "name": "Hashable",
            "printedName": "Hashable",
            "usr": "s:SH",
            "mangledName": "$sSH"
          },
          {
            "kind": "Conformance",
            "name": "RawRepresentable",
            "printedName": "RawRepresentable",
            "children": [
              {
                "kind": "TypeWitness",
                "name": "RawValue",
                "printedName": "RawValue",
                "children": [
                  {
                    "kind": "TypeNominal",
                    "name": "String",
                    "printedName": "Swift.String",
                    "usr": "s:SS"
                  }
                ]
              }
            ],
            "usr": "s:SY",
            "mangledName": "$sSY"
          },
          {
            "kind": "Conformance",
            "name": "StepType",
            "printedName": "StepType",
            "usr": "s:18MobileWorkflowCore8StepTypeP",
            "mangledName": "$s18MobileWorkflowCore8StepTypeP"
          },
          {
            "kind": "Conformance",
            "name": "CaseIterable",
            "printedName": "CaseIterable",
            "children": [
              {
                "kind": "TypeWitness",
                "name": "AllCases",
                "printedName": "AllCases",
                "children": [
                  {
                    "kind": "TypeNominal",
                    "name": "Array",
                    "printedName": "[MWWebPlugin.MWWebStepType]",
                    "children": [
                      {
                        "kind": "TypeNominal",
                        "name": "MWWebStepType",
                        "printedName": "MWWebPlugin.MWWebStepType",
                        "usr": "s:11MWWebPlugin0A8StepTypeO"
                      }
                    ],
                    "usr": "s:Sa"
                  }
                ]
              }
            ],
            "usr": "s:s12CaseIterableP",
            "mangledName": "$ss12CaseIterableP"
          },
          {
            "kind": "Conformance",
            "name": "NamedType",
            "printedName": "NamedType",
            "usr": "s:18MobileWorkflowCore9NamedTypeP",
            "mangledName": "$s18MobileWorkflowCore9NamedTypeP"
          }
        ]
      },
      {
        "kind": "Import",
        "name": "Foundation",
        "printedName": "Foundation",
        "declKind": "Import",
        "moduleName": "MWWebPlugin",
        "declAttributes": [
          "RawDocComment"
        ]
      },
      {
        "kind": "Import",
        "name": "MobileWorkflowCore",
        "printedName": "MobileWorkflowCore",
        "declKind": "Import",
        "moduleName": "MWWebPlugin"
      },
      {
        "kind": "TypeDecl",
        "name": "MWWebStep",
        "printedName": "MWWebStep",
        "children": [
          {
            "kind": "Function",
            "name": "instantiateViewController",
            "printedName": "instantiateViewController()",
            "children": [
              {
                "kind": "TypeNominal",
                "name": "StepViewController",
                "printedName": "MobileWorkflowCore.StepViewController",
                "usr": "s:18MobileWorkflowCore18StepViewControllerP"
              }
            ],
            "declKind": "Func",
            "usr": "s:11MWWebPlugin0A4StepC25instantiateViewController18MobileWorkflowCore0ceF0_pyF",
            "mangledName": "$s11MWWebPlugin0A4StepC25instantiateViewController18MobileWorkflowCore0ceF0_pyF",
            "moduleName": "MWWebPlugin",
            "overriding": true,
            "declAttributes": [
              "Override",
              "AccessControl"
            ],
            "funcSelfKind": "NonMutating"
          },
          {
            "kind": "Function",
            "name": "translate",
            "printedName": "translate(text:)",
            "children": [
              {
                "kind": "TypeNominal",
                "name": "String",
                "printedName": "Swift.String",
                "usr": "s:SS"
              },
              {
                "kind": "TypeNominal",
                "name": "String",
                "printedName": "Swift.String",
                "usr": "s:SS"
              }
            ],
            "declKind": "Func",
            "usr": "s:11MWWebPlugin0A4StepC9translate4textS2S_tF",
            "mangledName": "$s11MWWebPlugin0A4StepC9translate4textS2S_tF",
            "moduleName": "MWWebPlugin",
            "declAttributes": [
              "AccessControl"
            ],
            "funcSelfKind": "NonMutating"
          },
          {
            "kind": "Constructor",
            "name": "init",
            "printedName": "init(identifier:title:text:theme:links:navigationItems:)",
            "children": [
              {
                "kind": "TypeNominal",
                "name": "MWWebStep",
                "printedName": "MWWebPlugin.MWWebStep",
                "usr": "s:11MWWebPlugin0A4StepC"
              },
              {
                "kind": "TypeNominal",
                "name": "String",
                "printedName": "Swift.String",
                "usr": "s:SS"
              },
              {
                "kind": "TypeNominal",
                "name": "Optional",
                "printedName": "Swift.String?",
                "children": [
                  {
                    "kind": "TypeNominal",
                    "name": "String",
                    "printedName": "Swift.String",
                    "usr": "s:SS"
                  }
                ],
                "hasDefaultArg": true,
                "usr": "s:Sq"
              },
              {
                "kind": "TypeNominal",
                "name": "Optional",
                "printedName": "Swift.String?",
                "children": [
                  {
                    "kind": "TypeNominal",
                    "name": "String",
                    "printedName": "Swift.String",
                    "usr": "s:SS"
                  }
                ],
                "hasDefaultArg": true,
                "usr": "s:Sq"
              },
              {
                "kind": "TypeNominal",
                "name": "Theme",
                "printedName": "MobileWorkflowCore.Theme",
                "hasDefaultArg": true,
                "usr": "s:18MobileWorkflowCore5ThemeV"
              },
              {
                "kind": "TypeNominal",
                "name": "Array",
                "printedName": "[MobileWorkflowCore.StepLink]",
                "children": [
                  {
                    "kind": "TypeNominal",
                    "name": "StepLink",
                    "printedName": "MobileWorkflowCore.StepLink",
                    "usr": "s:18MobileWorkflowCore8StepLinkV"
                  }
                ],
                "hasDefaultArg": true,
                "usr": "s:Sa"
              },
              {
                "kind": "TypeNominal",
                "name": "Array",
                "printedName": "[MobileWorkflowCore.StepNavigationItem]",
                "children": [
                  {
                    "kind": "TypeNominal",
                    "name": "StepNavigationItem",
                    "printedName": "MobileWorkflowCore.StepNavigationItem",
                    "usr": "s:18MobileWorkflowCore18StepNavigationItemV"
                  }
                ],
                "hasDefaultArg": true,
                "usr": "s:Sa"
              }
            ],
            "declKind": "Constructor",
            "usr": "s:11MWWebPlugin0A4StepC10identifier5title4text5theme5links15navigationItemsACSS_SSSgAJ18MobileWorkflowCore5ThemeVSayAK0C4LinkVGSayAK0C14NavigationItemVGtcfc",
            "mangledName": "$s11MWWebPlugin0A4StepC10identifier5title4text5theme5links15navigationItemsACSS_SSSgAJ18MobileWorkflowCore5ThemeVSayAK0C4LinkVGSayAK0C14NavigationItemVGtcfc",
            "moduleName": "MWWebPlugin",
            "overriding": true,
            "implicit": true,
            "declAttributes": [
              "Override"
            ],
            "init_kind": "Designated"
          },
          {
            "kind": "Var",
            "name": "mandatoryCodingPaths",
            "printedName": "mandatoryCodingPaths",
            "children": [
              {
                "kind": "TypeNominal",
                "name": "Array",
                "printedName": "[Swift.CodingKey]",
                "children": [
                  {
                    "kind": "TypeNominal",
                    "name": "CodingKey",
                    "printedName": "Swift.CodingKey",
                    "usr": "s:s9CodingKeyP"
                  }
                ],
                "usr": "s:Sa"
              }
            ],
            "declKind": "Var",
            "usr": "s:11MWWebPlugin0A4StepC20mandatoryCodingPathsSays0E3Key_pGvpZ",
            "mangledName": "$s11MWWebPlugin0A4StepC20mandatoryCodingPathsSays0E3Key_pGvpZ",
            "moduleName": "MWWebPlugin",
            "static": true,
            "declAttributes": [
              "Final",
              "AccessControl"
            ],
            "isFromExtension": true,
            "accessors": [
              {
                "kind": "Accessor",
                "name": "Get",
                "printedName": "Get()",
                "children": [
                  {
                    "kind": "TypeNominal",
                    "name": "Array",
                    "printedName": "[Swift.CodingKey]",
                    "children": [
                      {
                        "kind": "TypeNominal",
                        "name": "CodingKey",
                        "printedName": "Swift.CodingKey",
                        "usr": "s:s9CodingKeyP"
                      }
                    ],
                    "usr": "s:Sa"
                  }
                ],
                "declKind": "Accessor",
                "usr": "s:11MWWebPlugin0A4StepC20mandatoryCodingPathsSays0E3Key_pGvgZ",
                "mangledName": "$s11MWWebPlugin0A4StepC20mandatoryCodingPathsSays0E3Key_pGvgZ",
                "moduleName": "MWWebPlugin",
                "static": true,
                "declAttributes": [
                  "Final"
                ],
                "isFromExtension": true,
                "accessorKind": "get"
              }
            ]
          },
          {
            "kind": "Function",
            "name": "build",
            "printedName": "build(stepInfo:services:)",
            "children": [
              {
                "kind": "TypeNominal",
                "name": "Step",
                "printedName": "MobileWorkflowCore.Step",
                "usr": "s:18MobileWorkflowCore4StepP"
              },
              {
                "kind": "TypeNominal",
                "name": "StepInfo",
                "printedName": "MobileWorkflowCore.StepInfo",
                "usr": "s:18MobileWorkflowCore8StepInfoV"
              },
              {
                "kind": "TypeNominal",
                "name": "StepServices",
                "printedName": "MobileWorkflowCore.StepServices",
                "usr": "s:18MobileWorkflowCore12StepServicesC"
              }
            ],
            "declKind": "Func",
            "usr": "s:11MWWebPlugin0A4StepC5build8stepInfo8services18MobileWorkflowCore0C0_pAG0cF0V_AG0C8ServicesCtKFZ",
            "mangledName": "$s11MWWebPlugin0A4StepC5build8stepInfo8services18MobileWorkflowCore0C0_pAG0cF0V_AG0C8ServicesCtKFZ",
            "moduleName": "MWWebPlugin",
            "static": true,
            "declAttributes": [
              "Final",
              "AccessControl"
            ],
            "isFromExtension": true,
            "throwing": true,
            "funcSelfKind": "NonMutating"
          }
        ],
        "declKind": "Class",
        "usr": "s:11MWWebPlugin0A4StepC",
        "mangledName": "$s11MWWebPlugin0A4StepC",
        "moduleName": "MWWebPlugin",
        "declAttributes": [
          "AccessControl"
        ],
        "superclassUsr": "s:18MobileWorkflowCore6MWStepC",
        "hasMissingDesignatedInitializers": true,
        "superclassNames": [
          "MobileWorkflowCore.MWStep"
        ],
        "conformances": [
          {
            "kind": "Conformance",
            "name": "BuildableStep",
            "printedName": "BuildableStep",
            "usr": "s:18MobileWorkflowCore13BuildableStepP",
            "mangledName": "$s18MobileWorkflowCore13BuildableStepP"
          },
          {
            "kind": "Conformance",
            "name": "Step",
            "printedName": "Step",
            "usr": "s:18MobileWorkflowCore4StepP",
            "mangledName": "$s18MobileWorkflowCore4StepP"
          }
        ]
      },
      {
        "kind": "TypeDecl",
        "name": "WebViewError",
        "printedName": "WebViewError",
        "children": [
          {
            "kind": "Var",
            "name": "unableToResolveURL",
            "printedName": "unableToResolveURL",
            "children": [
              {
                "kind": "TypeFunc",
                "name": "Function",
                "printedName": "(MWWebPlugin.WebViewError.Type) -> MWWebPlugin.WebViewError",
                "children": [
                  {
                    "kind": "TypeNominal",
                    "name": "WebViewError",
                    "printedName": "MWWebPlugin.WebViewError",
                    "usr": "s:11MWWebPlugin12WebViewErrorO"
                  },
                  {
                    "kind": "TypeNominal",
                    "name": "Metatype",
                    "printedName": "MWWebPlugin.WebViewError.Type",
                    "children": [
                      {
                        "kind": "TypeNominal",
                        "name": "WebViewError",
                        "printedName": "MWWebPlugin.WebViewError",
                        "usr": "s:11MWWebPlugin12WebViewErrorO"
                      }
                    ]
                  }
                ]
              }
            ],
            "declKind": "EnumElement",
            "usr": "s:11MWWebPlugin12WebViewErrorO18unableToResolveURLyA2CmF",
            "mangledName": "$s11MWWebPlugin12WebViewErrorO18unableToResolveURLyA2CmF",
            "moduleName": "MWWebPlugin"
          },
          {
            "kind": "Var",
            "name": "errorDescription",
            "printedName": "errorDescription",
            "children": [
              {
                "kind": "TypeNominal",
                "name": "Optional",
                "printedName": "Swift.String?",
                "children": [
                  {
                    "kind": "TypeNominal",
                    "name": "String",
                    "printedName": "Swift.String",
                    "usr": "s:SS"
                  }
                ],
                "usr": "s:Sq"
              }
            ],
            "declKind": "Var",
            "usr": "s:11MWWebPlugin12WebViewErrorO16errorDescriptionSSSgvp",
            "mangledName": "$s11MWWebPlugin12WebViewErrorO16errorDescriptionSSSgvp",
            "moduleName": "MWWebPlugin",
            "declAttributes": [
              "AccessControl"
            ],
            "accessors": [
              {
                "kind": "Accessor",
                "name": "Get",
                "printedName": "Get()",
                "children": [
                  {
                    "kind": "TypeNominal",
                    "name": "Optional",
                    "printedName": "Swift.String?",
                    "children": [
                      {
                        "kind": "TypeNominal",
                        "name": "String",
                        "printedName": "Swift.String",
                        "usr": "s:SS"
                      }
                    ],
                    "usr": "s:Sq"
                  }
                ],
                "declKind": "Accessor",
                "usr": "s:11MWWebPlugin12WebViewErrorO16errorDescriptionSSSgvg",
                "mangledName": "$s11MWWebPlugin12WebViewErrorO16errorDescriptionSSSgvg",
                "moduleName": "MWWebPlugin",
                "accessorKind": "get"
              }
            ]
          },
          {
            "kind": "Var",
            "name": "description",
            "printedName": "description",
            "children": [
              {
                "kind": "TypeNominal",
                "name": "String",
                "printedName": "Swift.String",
                "usr": "s:SS"
              }
            ],
            "declKind": "Var",
            "usr": "s:11MWWebPlugin12WebViewErrorO11descriptionSSvp",
            "mangledName": "$s11MWWebPlugin12WebViewErrorO11descriptionSSvp",
            "moduleName": "MWWebPlugin",
            "declAttributes": [
              "AccessControl"
            ],
            "accessors": [
              {
                "kind": "Accessor",
                "name": "Get",
                "printedName": "Get()",
                "children": [
                  {
                    "kind": "TypeNominal",
                    "name": "String",
                    "printedName": "Swift.String",
                    "usr": "s:SS"
                  }
                ],
                "declKind": "Accessor",
                "usr": "s:11MWWebPlugin12WebViewErrorO11descriptionSSvg",
                "mangledName": "$s11MWWebPlugin12WebViewErrorO11descriptionSSvg",
                "moduleName": "MWWebPlugin",
                "accessorKind": "get"
              }
            ]
          },
          {
            "kind": "Function",
            "name": "==",
            "printedName": "==(_:_:)",
            "children": [
              {
                "kind": "TypeNominal",
                "name": "Bool",
                "printedName": "Swift.Bool",
                "usr": "s:Sb"
              },
              {
                "kind": "TypeNominal",
                "name": "WebViewError",
                "printedName": "MWWebPlugin.WebViewError",
                "usr": "s:11MWWebPlugin12WebViewErrorO"
              },
              {
                "kind": "TypeNominal",
                "name": "WebViewError",
                "printedName": "MWWebPlugin.WebViewError",
                "usr": "s:11MWWebPlugin12WebViewErrorO"
              }
            ],
            "declKind": "Func",
            "usr": "s:11MWWebPlugin12WebViewErrorO2eeoiySbAC_ACtFZ",
            "mangledName": "$s11MWWebPlugin12WebViewErrorO2eeoiySbAC_ACtFZ",
            "moduleName": "MWWebPlugin",
            "static": true,
            "implicit": true,
            "funcSelfKind": "NonMutating"
          },
          {
            "kind": "Var",
            "name": "hashValue",
            "printedName": "hashValue",
            "children": [
              {
                "kind": "TypeNominal",
                "name": "Int",
                "printedName": "Swift.Int",
                "usr": "s:Si"
              }
            ],
            "declKind": "Var",
            "usr": "s:11MWWebPlugin12WebViewErrorO9hashValueSivp",
            "mangledName": "$s11MWWebPlugin12WebViewErrorO9hashValueSivp",
            "moduleName": "MWWebPlugin",
            "implicit": true,
            "accessors": [
              {
                "kind": "Accessor",
                "name": "Get",
                "printedName": "Get()",
                "children": [
                  {
                    "kind": "TypeNominal",
                    "name": "Int",
                    "printedName": "Swift.Int",
                    "usr": "s:Si"
                  }
                ],
                "declKind": "Accessor",
                "usr": "s:11MWWebPlugin12WebViewErrorO9hashValueSivg",
                "mangledName": "$s11MWWebPlugin12WebViewErrorO9hashValueSivg",
                "moduleName": "MWWebPlugin",
                "implicit": true,
                "accessorKind": "get"
              }
            ]
          },
          {
            "kind": "Function",
            "name": "hash",
            "printedName": "hash(into:)",
            "children": [
              {
                "kind": "TypeNominal",
                "name": "Void",
                "printedName": "()"
              },
              {
                "kind": "TypeNominal",
                "name": "Hasher",
                "printedName": "Swift.Hasher",
                "paramValueOwnership": "InOut",
                "usr": "s:s6HasherV"
              }
            ],
            "declKind": "Func",
            "usr": "s:11MWWebPlugin12WebViewErrorO4hash4intoys6HasherVz_tF",
            "mangledName": "$s11MWWebPlugin12WebViewErrorO4hash4intoys6HasherVz_tF",
            "moduleName": "MWWebPlugin",
            "implicit": true,
            "funcSelfKind": "NonMutating"
          }
        ],
        "declKind": "Enum",
        "usr": "s:11MWWebPlugin12WebViewErrorO",
        "mangledName": "$s11MWWebPlugin12WebViewErrorO",
        "moduleName": "MWWebPlugin",
        "declAttributes": [
          "AccessControl"
        ],
        "conformances": [
          {
            "kind": "Conformance",
            "name": "Equatable",
            "printedName": "Equatable",
            "usr": "s:SQ",
            "mangledName": "$sSQ"
          },
          {
            "kind": "Conformance",
            "name": "Hashable",
            "printedName": "Hashable",
            "usr": "s:SH",
            "mangledName": "$sSH"
          },
          {
            "kind": "Conformance",
            "name": "LocalizedError",
            "printedName": "LocalizedError",
            "usr": "s:10Foundation14LocalizedErrorP",
            "mangledName": "$s10Foundation14LocalizedErrorP"
          },
          {
            "kind": "Conformance",
            "name": "Error",
            "printedName": "Error",
            "usr": "s:s5ErrorP",
            "mangledName": "$ss5ErrorP"
          },
          {
            "kind": "Conformance",
            "name": "Sendable",
            "printedName": "Sendable",
            "usr": "s:s8SendableP",
            "mangledName": "$ss8SendableP"
          }
        ]
      },
      {
        "kind": "Import",
        "name": "WebKit",
        "printedName": "WebKit",
        "declKind": "Import",
        "moduleName": "MWWebPlugin",
        "declAttributes": [
          "RawDocComment"
        ]
      },
      {
        "kind": "Import",
        "name": "Foundation",
        "printedName": "Foundation",
        "declKind": "Import",
        "moduleName": "MWWebPlugin"
      },
      {
        "kind": "Import",
        "name": "MobileWorkflowCore",
        "printedName": "MobileWorkflowCore",
        "declKind": "Import",
        "moduleName": "MWWebPlugin"
      },
      {
        "kind": "TypeDecl",
        "name": "MWWebViewController",
        "printedName": "MWWebViewController",
        "children": [
          {
            "kind": "Var",
            "name": "titleMode",
            "printedName": "titleMode",
            "children": [
              {
                "kind": "TypeNominal",
                "name": "StepViewControllerTitleMode",
                "printedName": "MobileWorkflowCore.StepViewControllerTitleMode",
                "usr": "s:18MobileWorkflowCore27StepViewControllerTitleModeO"
              }
            ],
            "declKind": "Var",
            "usr": "s:11MWWebPlugin0A14ViewControllerC9titleMode18MobileWorkflowCore04Stepcd5TitleF0Ovp",
            "mangledName": "$s11MWWebPlugin0A14ViewControllerC9titleMode18MobileWorkflowCore04Stepcd5TitleF0Ovp",
            "moduleName": "MWWebPlugin",
            "overriding": true,
            "declAttributes": [
              "Custom",
              "Override",
              "AccessControl"
            ],
            "accessors": [
              {
                "kind": "Accessor",
                "name": "Get",
                "printedName": "Get()",
                "children": [
                  {
                    "kind": "TypeNominal",
                    "name": "StepViewControllerTitleMode",
                    "printedName": "MobileWorkflowCore.StepViewControllerTitleMode",
                    "usr": "s:18MobileWorkflowCore27StepViewControllerTitleModeO"
                  }
                ],
                "declKind": "Accessor",
                "usr": "s:11MWWebPlugin0A14ViewControllerC9titleMode18MobileWorkflowCore04Stepcd5TitleF0Ovg",
                "mangledName": "$s11MWWebPlugin0A14ViewControllerC9titleMode18MobileWorkflowCore04Stepcd5TitleF0Ovg",
                "moduleName": "MWWebPlugin",
                "overriding": true,
                "accessorKind": "get"
              }
            ]
          },
          {
            "kind": "Function",
            "name": "viewDidLoad",
            "printedName": "viewDidLoad()",
            "children": [
              {
                "kind": "TypeNominal",
                "name": "Void",
                "printedName": "()"
              }
            ],
            "declKind": "Func",
            "usr": "c:@M@MWWebPlugin@objc(cs)MWWebViewController(im)viewDidLoad",
            "mangledName": "$s11MWWebPlugin0A14ViewControllerC11viewDidLoadyyF",
            "moduleName": "MWWebPlugin",
            "overriding": true,
            "objc_name": "viewDidLoad",
            "declAttributes": [
              "Dynamic",
              "ObjC",
              "Custom",
              "Override",
              "AccessControl"
            ],
            "funcSelfKind": "NonMutating"
          },
          {
            "kind": "Function",
            "name": "viewWillAppear",
            "printedName": "viewWillAppear(_:)",
            "children": [
              {
                "kind": "TypeNominal",
                "name": "Void",
                "printedName": "()"
              },
              {
                "kind": "TypeNominal",
                "name": "Bool",
                "printedName": "Swift.Bool",
                "usr": "s:Sb"
              }
            ],
            "declKind": "Func",
            "usr": "c:@M@MWWebPlugin@objc(cs)MWWebViewController(im)viewWillAppear:",
            "mangledName": "$s11MWWebPlugin0A14ViewControllerC14viewWillAppearyySbF",
            "moduleName": "MWWebPlugin",
            "overriding": true,
            "objc_name": "viewWillAppear:",
            "declAttributes": [
              "Dynamic",
              "ObjC",
              "Custom",
              "Override",
              "AccessControl"
            ],
            "funcSelfKind": "NonMutating"
          },
          {
            "kind": "Function",
            "name": "viewWillDisappear",
            "printedName": "viewWillDisappear(_:)",
            "children": [
              {
                "kind": "TypeNominal",
                "name": "Void",
                "printedName": "()"
              },
              {
                "kind": "TypeNominal",
                "name": "Bool",
                "printedName": "Swift.Bool",
                "usr": "s:Sb"
              }
            ],
            "declKind": "Func",
            "usr": "c:@M@MWWebPlugin@objc(cs)MWWebViewController(im)viewWillDisappear:",
            "mangledName": "$s11MWWebPlugin0A14ViewControllerC17viewWillDisappearyySbF",
            "moduleName": "MWWebPlugin",
            "overriding": true,
            "objc_name": "viewWillDisappear:",
            "declAttributes": [
              "Dynamic",
              "ObjC",
              "Custom",
              "Override",
              "AccessControl"
            ],
            "funcSelfKind": "NonMutating"
          },
          {
            "kind": "Constructor",
            "name": "init",
            "printedName": "init(step:nibName:bundle:)",
            "children": [
              {
                "kind": "TypeNominal",
                "name": "MWWebViewController",
                "printedName": "MWWebPlugin.MWWebViewController",
                "usr": "c:@M@MWWebPlugin@objc(cs)MWWebViewController"
              },
              {
                "kind": "TypeNominal",
                "name": "Step",
                "printedName": "MobileWorkflowCore.Step",
                "usr": "s:18MobileWorkflowCore4StepP"
              },
              {
                "kind": "TypeNominal",
                "name": "Optional",
                "printedName": "Swift.String?",
                "children": [
                  {
                    "kind": "TypeNominal",
                    "name": "String",
                    "printedName": "Swift.String",
                    "usr": "s:SS"
                  }
                ],
                "usr": "s:Sq"
              },
              {
                "kind": "TypeNominal",
                "name": "Optional",
                "printedName": "Foundation.Bundle?",
                "children": [
                  {
                    "kind": "TypeNominal",
                    "name": "Bundle",
                    "printedName": "Foundation.Bundle",
                    "usr": "c:objc(cs)NSBundle"
                  }
                ],
                "usr": "s:Sq"
              }
            ],
            "declKind": "Constructor",
            "usr": "s:11MWWebPlugin0A14ViewControllerC4step7nibName6bundleAC18MobileWorkflowCore4Step_p_SSSgSo8NSBundleCSgtcfc",
            "mangledName": "$s11MWWebPlugin0A14ViewControllerC4step7nibName6bundleAC18MobileWorkflowCore4Step_p_SSSgSo8NSBundleCSgtcfc",
            "moduleName": "MWWebPlugin",
            "overriding": true,
            "implicit": true,
            "declAttributes": [
              "Custom",
              "Override"
            ],
            "init_kind": "Designated"
          },
          {
            "kind": "Constructor",
            "name": "init",
            "printedName": "init(step:)",
            "children": [
              {
                "kind": "TypeNominal",
                "name": "MWWebViewController",
                "printedName": "MWWebPlugin.MWWebViewController",
                "usr": "c:@M@MWWebPlugin@objc(cs)MWWebViewController"
              },
              {
                "kind": "TypeNominal",
                "name": "Step",
                "printedName": "MobileWorkflowCore.Step",
                "usr": "s:18MobileWorkflowCore4StepP"
              }
            ],
            "declKind": "Constructor",
            "usr": "s:11MWWebPlugin0A14ViewControllerC4stepAC18MobileWorkflowCore4Step_p_tcfc",
            "mangledName": "$s11MWWebPlugin0A14ViewControllerC4stepAC18MobileWorkflowCore4Step_p_tcfc",
            "moduleName": "MWWebPlugin",
            "overriding": true,
            "implicit": true,
            "declAttributes": [
              "Custom",
              "Override"
            ],
            "init_kind": "Designated"
          },
          {
            "kind": "Constructor",
            "name": "init",
            "printedName": "init(coder:)",
            "children": [
              {
                "kind": "TypeNominal",
                "name": "Optional",
                "printedName": "MWWebPlugin.MWWebViewController?",
                "children": [
                  {
                    "kind": "TypeNominal",
                    "name": "MWWebViewController",
                    "printedName": "MWWebPlugin.MWWebViewController",
                    "usr": "c:@M@MWWebPlugin@objc(cs)MWWebViewController"
                  }
                ],
                "usr": "s:Sq"
              },
              {
                "kind": "TypeNominal",
                "name": "NSCoder",
                "printedName": "Foundation.NSCoder",
                "usr": "c:objc(cs)NSCoder"
              }
            ],
            "declKind": "Constructor",
            "usr": "c:@M@MWWebPlugin@objc(cs)MWWebViewController(im)initWithCoder:",
            "mangledName": "$s11MWWebPlugin0A14ViewControllerC5coderACSgSo7NSCoderC_tcfc",
            "moduleName": "MWWebPlugin",
            "overriding": true,
            "implicit": true,
            "objc_name": "initWithCoder:",
            "declAttributes": [
              "Dynamic",
              "ObjC",
              "Custom",
              "Required"
            ],
            "init_kind": "Designated"
          }
        ],
        "declKind": "Class",
        "usr": "c:@M@MWWebPlugin@objc(cs)MWWebViewController",
        "mangledName": "$s11MWWebPlugin0A14ViewControllerC",
        "moduleName": "MWWebPlugin",
        "declAttributes": [
          "Custom",
          "AccessControl",
          "ObjC"
        ],
        "superclassUsr": "c:@M@MobileWorkflowCore@objc(cs)MWStepViewController",
        "inheritsConvenienceInitializers": true,
        "superclassNames": [
          "MobileWorkflowCore.MWStepViewController",
          "UIKit.UIViewController",
          "UIKit.UIResponder",
          "ObjectiveC.NSObject"
        ],
        "conformances": [
          {
            "kind": "Conformance",
            "name": "StepViewController",
            "printedName": "StepViewController",
            "usr": "s:18MobileWorkflowCore18StepViewControllerP",
            "mangledName": "$s18MobileWorkflowCore18StepViewControllerP"
          },
          {
            "kind": "Conformance",
            "name": "Equatable",
            "printedName": "Equatable",
            "usr": "s:SQ",
            "mangledName": "$sSQ"
          },
          {
            "kind": "Conformance",
            "name": "Hashable",
            "printedName": "Hashable",
            "usr": "s:SH",
            "mangledName": "$sSH"
          },
          {
            "kind": "Conformance",
            "name": "CVarArg",
            "printedName": "CVarArg",
            "usr": "s:s7CVarArgP",
            "mangledName": "$ss7CVarArgP"
          },
          {
            "kind": "Conformance",
            "name": "_KeyValueCodingAndObservingPublishing",
            "printedName": "_KeyValueCodingAndObservingPublishing",
            "usr": "s:10Foundation37_KeyValueCodingAndObservingPublishingP",
            "mangledName": "$s10Foundation37_KeyValueCodingAndObservingPublishingP"
          },
          {
            "kind": "Conformance",
            "name": "_KeyValueCodingAndObserving",
            "printedName": "_KeyValueCodingAndObserving",
            "usr": "s:10Foundation27_KeyValueCodingAndObservingP",
            "mangledName": "$s10Foundation27_KeyValueCodingAndObservingP"
          },
          {
            "kind": "Conformance",
            "name": "CustomStringConvertible",
            "printedName": "CustomStringConvertible",
            "usr": "s:s23CustomStringConvertibleP",
            "mangledName": "$ss23CustomStringConvertibleP"
          },
          {
            "kind": "Conformance",
            "name": "CustomDebugStringConvertible",
            "printedName": "CustomDebugStringConvertible",
            "usr": "s:s28CustomDebugStringConvertibleP",
            "mangledName": "$ss28CustomDebugStringConvertibleP"
          }
        ]
      }
    ],
    "json_format_version": 8
  },
  "ConstValues": [
    {
      "filePath": "\/Users\/vagrant\/git\/project\/MWWebPlugin\/MWWebPlugin\/MWWebPluginStruct.swift",
      "kind": "StringLiteral",
      "offset": 350,
      "length": 27,
      "value": "\"io.mobileworkflow.WebView\""
    },
    {
      "filePath": "\/Users\/vagrant\/git\/project\/MWWebPlugin\/MWWebPlugin\/MWWebPluginStruct.swift",
      "kind": "StringLiteral",
      "offset": 350,
      "length": 27,
      "value": "\"io.mobileworkflow.WebView\""
    },
    {
      "filePath": "\/Users\/vagrant\/git\/project\/MWWebPlugin\/MWWebPlugin\/WebStep\/MWWebStep.swift",
      "kind": "StringLiteral",
      "offset": 142,
      "length": 9,
      "value": "\"MWWebPlugin.MWWebStep\""
    },
    {
      "filePath": "\/Users\/vagrant\/git\/project\/MWWebPlugin\/MWWebPlugin\/WebStep\/MWWebStep.swift",
      "kind": "StringLiteral",
      "offset": 1734,
      "length": 23,
      "value": "\"Unable to resolve URL\""
    },
    {
      "filePath": "\/Users\/vagrant\/git\/project\/MWWebPlugin\/MWWebPlugin\/WebStep\/MWWebViewController.swift",
      "kind": "StringLiteral",
      "offset": 376,
      "length": 6,
      "value": "\"Next\""
    }
  ]
}