{
  "ABIRoot": {
    "kind": "Root",
    "name": "TopLevel",
    "printedName": "TopLevel",
    "children": [
      {
        "kind": "Import",
        "name": "Foundation",
        "printedName": "Foundation",
        "declKind": "Import",
        "moduleName": "MWUHCWNetworkServicePlugin",
        "declAttributes": [
          "RawDocComment"
        ]
      },
      {
        "kind": "Import",
        "name": "MobileWorkflowCore",
        "printedName": "MobileWorkflowCore",
        "declKind": "Import",
        "moduleName": "MWUHCWNetworkServicePlugin"
      },
      {
        "kind": "TypeDecl",
        "name": "AnonymousLoginStepViewController",
        "printedName": "AnonymousLoginStepViewController",
        "children": [
          {
            "kind": "Var",
            "name": "titleMode",
            "printedName": "titleMode",
            "children": [
              {
                "kind": "TypeNominal",
                "name": "StepViewControllerTitleMode",
                "printedName": "MobileWorkflowCore.StepViewControllerTitleMode",
                "usr": "s:18MobileWorkflowCore27StepViewControllerTitleModeO"
              }
            ],
            "declKind": "Var",
            "usr": "s:26MWUHCWNetworkServicePlugin32AnonymousLoginStepViewControllerC9titleMode18MobileWorkflowCore0fgh5TitleJ0Ovp",
            "mangledName": "$s26MWUHCWNetworkServicePlugin32AnonymousLoginStepViewControllerC9titleMode18MobileWorkflowCore0fgh5TitleJ0Ovp",
            "moduleName": "MWUHCWNetworkServicePlugin",
            "overriding": true,
            "declAttributes": [
              "Custom",
              "Override",
              "AccessControl"
            ],
            "accessors": [
              {
                "kind": "Accessor",
                "name": "Get",
                "printedName": "Get()",
                "children": [
                  {
                    "kind": "TypeNominal",
                    "name": "StepViewControllerTitleMode",
                    "printedName": "MobileWorkflowCore.StepViewControllerTitleMode",
                    "usr": "s:18MobileWorkflowCore27StepViewControllerTitleModeO"
                  }
                ],
                "declKind": "Accessor",
                "usr": "s:26MWUHCWNetworkServicePlugin32AnonymousLoginStepViewControllerC9titleMode18MobileWorkflowCore0fgh5TitleJ0Ovg",
                "mangledName": "$s26MWUHCWNetworkServicePlugin32AnonymousLoginStepViewControllerC9titleMode18MobileWorkflowCore0fgh5TitleJ0Ovg",
                "moduleName": "MWUHCWNetworkServicePlugin",
                "overriding": true,
                "accessorKind": "get"
              },
              {
                "kind": "Accessor",
                "name": "Set",
                "printedName": "Set()",
                "children": [
                  {
                    "kind": "TypeNominal",
                    "name": "Void",
                    "printedName": "()"
                  },
                  {
                    "kind": "TypeNominal",
                    "name": "StepViewControllerTitleMode",
                    "printedName": "MobileWorkflowCore.StepViewControllerTitleMode",
                    "usr": "s:18MobileWorkflowCore27StepViewControllerTitleModeO"
                  }
                ],
                "declKind": "Accessor",
                "usr": "s:26MWUHCWNetworkServicePlugin32AnonymousLoginStepViewControllerC9titleMode18MobileWorkflowCore0fgh5TitleJ0Ovs",
                "mangledName": "$s26MWUHCWNetworkServicePlugin32AnonymousLoginStepViewControllerC9titleMode18MobileWorkflowCore0fgh5TitleJ0Ovs",
                "moduleName": "MWUHCWNetworkServicePlugin",
                "accessorKind": "set"
              },
              {
                "kind": "Accessor",
                "name": "Modify",
                "printedName": "Modify()",
                "children": [
                  {
                    "kind": "TypeNominal",
                    "name": "Void",
                    "printedName": "()"
                  }
                ],
                "declKind": "Accessor",
                "usr": "s:26MWUHCWNetworkServicePlugin32AnonymousLoginStepViewControllerC9titleMode18MobileWorkflowCore0fgh5TitleJ0OvM",
                "mangledName": "$s26MWUHCWNetworkServicePlugin32AnonymousLoginStepViewControllerC9titleMode18MobileWorkflowCore0fgh5TitleJ0OvM",
                "moduleName": "MWUHCWNetworkServicePlugin",
                "implicit": true,
                "accessorKind": "_modify"
              }
            ]
          },
          {
            "kind": "Function",
            "name": "viewDidLoad",
            "printedName": "viewDidLoad()",
            "children": [
              {
                "kind": "TypeNominal",
                "name": "Void",
                "printedName": "()"
              }
            ],
            "declKind": "Func",
            "usr": "c:@M@MWUHCWNetworkServicePlugin@objc(cs)AnonymousLoginStepViewController(im)viewDidLoad",
            "mangledName": "$s26MWUHCWNetworkServicePlugin32AnonymousLoginStepViewControllerC11viewDidLoadyyF",
            "moduleName": "MWUHCWNetworkServicePlugin",
            "overriding": true,
            "objc_name": "viewDidLoad",
            "declAttributes": [
              "Dynamic",
              "ObjC",
              "Custom",
              "Override",
              "AccessControl"
            ],
            "funcSelfKind": "NonMutating"
          },
          {
            "kind": "Constructor",
            "name": "init",
            "printedName": "init(step:nibName:bundle:)",
            "children": [
              {
                "kind": "TypeNominal",
                "name": "AnonymousLoginStepViewController",
                "printedName": "MWUHCWNetworkServicePlugin.AnonymousLoginStepViewController",
                "usr": "c:@M@MWUHCWNetworkServicePlugin@objc(cs)AnonymousLoginStepViewController"
              },
              {
                "kind": "TypeNominal",
                "name": "Step",
                "printedName": "MobileWorkflowCore.Step",
                "usr": "s:18MobileWorkflowCore4StepP"
              },
              {
                "kind": "TypeNominal",
                "name": "Optional",
                "printedName": "Swift.String?",
                "children": [
                  {
                    "kind": "TypeNominal",
                    "name": "String",
                    "printedName": "Swift.String",
                    "usr": "s:SS"
                  }
                ],
                "usr": "s:Sq"
              },
              {
                "kind": "TypeNominal",
                "name": "Optional",
                "printedName": "Foundation.Bundle?",
                "children": [
                  {
                    "kind": "TypeNominal",
                    "name": "Bundle",
                    "printedName": "Foundation.Bundle",
                    "usr": "c:objc(cs)NSBundle"
                  }
                ],
                "usr": "s:Sq"
              }
            ],
            "declKind": "Constructor",
            "usr": "s:26MWUHCWNetworkServicePlugin32AnonymousLoginStepViewControllerC4step7nibName6bundleAC18MobileWorkflowCore0F0_p_SSSgSo8NSBundleCSgtcfc",
            "mangledName": "$s26MWUHCWNetworkServicePlugin32AnonymousLoginStepViewControllerC4step7nibName6bundleAC18MobileWorkflowCore0F0_p_SSSgSo8NSBundleCSgtcfc",
            "moduleName": "MWUHCWNetworkServicePlugin",
            "overriding": true,
            "implicit": true,
            "declAttributes": [
              "Custom",
              "Override"
            ],
            "init_kind": "Designated"
          },
          {
            "kind": "Constructor",
            "name": "init",
            "printedName": "init(step:)",
            "children": [
              {
                "kind": "TypeNominal",
                "name": "AnonymousLoginStepViewController",
                "printedName": "MWUHCWNetworkServicePlugin.AnonymousLoginStepViewController",
                "usr": "c:@M@MWUHCWNetworkServicePlugin@objc(cs)AnonymousLoginStepViewController"
              },
              {
                "kind": "TypeNominal",
                "name": "Step",
                "printedName": "MobileWorkflowCore.Step",
                "usr": "s:18MobileWorkflowCore4StepP"
              }
            ],
            "declKind": "Constructor",
            "usr": "s:26MWUHCWNetworkServicePlugin32AnonymousLoginStepViewControllerC4stepAC18MobileWorkflowCore0F0_p_tcfc",
            "mangledName": "$s26MWUHCWNetworkServicePlugin32AnonymousLoginStepViewControllerC4stepAC18MobileWorkflowCore0F0_p_tcfc",
            "moduleName": "MWUHCWNetworkServicePlugin",
            "overriding": true,
            "implicit": true,
            "declAttributes": [
              "Custom",
              "Override"
            ],
            "init_kind": "Designated"
          },
          {
            "kind": "Constructor",
            "name": "init",
            "printedName": "init(coder:)",
            "children": [
              {
                "kind": "TypeNominal",
                "name": "Optional",
                "printedName": "MWUHCWNetworkServicePlugin.AnonymousLoginStepViewController?",
                "children": [
                  {
                    "kind": "TypeNominal",
                    "name": "AnonymousLoginStepViewController",
                    "printedName": "MWUHCWNetworkServicePlugin.AnonymousLoginStepViewController",
                    "usr": "c:@M@MWUHCWNetworkServicePlugin@objc(cs)AnonymousLoginStepViewController"
                  }
                ],
                "usr": "s:Sq"
              },
              {
                "kind": "TypeNominal",
                "name": "NSCoder",
                "printedName": "Foundation.NSCoder",
                "usr": "c:objc(cs)NSCoder"
              }
            ],
            "declKind": "Constructor",
            "usr": "c:@M@MWUHCWNetworkServicePlugin@objc(cs)AnonymousLoginStepViewController(im)initWithCoder:",
            "mangledName": "$s26MWUHCWNetworkServicePlugin32AnonymousLoginStepViewControllerC5coderACSgSo7NSCoderC_tcfc",
            "moduleName": "MWUHCWNetworkServicePlugin",
            "overriding": true,
            "implicit": true,
            "objc_name": "initWithCoder:",
            "declAttributes": [
              "Dynamic",
              "ObjC",
              "Custom",
              "Required"
            ],
            "init_kind": "Designated"
          }
        ],
        "declKind": "Class",
        "usr": "c:@M@MWUHCWNetworkServicePlugin@objc(cs)AnonymousLoginStepViewController",
        "mangledName": "$s26MWUHCWNetworkServicePlugin32AnonymousLoginStepViewControllerC",
        "moduleName": "MWUHCWNetworkServicePlugin",
        "declAttributes": [
          "Custom",
          "AccessControl",
          "ObjC"
        ],
        "superclassUsr": "c:@M@MobileWorkflowCore@objc(cs)MWStepViewController",
        "inheritsConvenienceInitializers": true,
        "superclassNames": [
          "MobileWorkflowCore.MWStepViewController",
          "UIKit.UIViewController",
          "UIKit.UIResponder",
          "ObjectiveC.NSObject"
        ],
        "conformances": [
          {
            "kind": "Conformance",
            "name": "StepViewController",
            "printedName": "StepViewController",
            "usr": "s:18MobileWorkflowCore18StepViewControllerP",
            "mangledName": "$s18MobileWorkflowCore18StepViewControllerP"
          },
          {
            "kind": "Conformance",
            "name": "Equatable",
            "printedName": "Equatable",
            "usr": "s:SQ",
            "mangledName": "$sSQ"
          },
          {
            "kind": "Conformance",
            "name": "Hashable",
            "printedName": "Hashable",
            "usr": "s:SH",
            "mangledName": "$sSH"
          },
          {
            "kind": "Conformance",
            "name": "CVarArg",
            "printedName": "CVarArg",
            "usr": "s:s7CVarArgP",
            "mangledName": "$ss7CVarArgP"
          },
          {
            "kind": "Conformance",
            "name": "_KeyValueCodingAndObservingPublishing",
            "printedName": "_KeyValueCodingAndObservingPublishing",
            "usr": "s:10Foundation37_KeyValueCodingAndObservingPublishingP",
            "mangledName": "$s10Foundation37_KeyValueCodingAndObservingPublishingP"
          },
          {
            "kind": "Conformance",
            "name": "_KeyValueCodingAndObserving",
            "printedName": "_KeyValueCodingAndObserving",
            "usr": "s:10Foundation27_KeyValueCodingAndObservingP",
            "mangledName": "$s10Foundation27_KeyValueCodingAndObservingP"
          },
          {
            "kind": "Conformance",
            "name": "CustomStringConvertible",
            "printedName": "CustomStringConvertible",
            "usr": "s:s23CustomStringConvertibleP",
            "mangledName": "$ss23CustomStringConvertibleP"
          },
          {
            "kind": "Conformance",
            "name": "CustomDebugStringConvertible",
            "printedName": "CustomDebugStringConvertible",
            "usr": "s:s28CustomDebugStringConvertibleP",
            "mangledName": "$ss28CustomDebugStringConvertibleP"
          }
        ]
      },
      {
        "kind": "Import",
        "name": "Foundation",
        "printedName": "Foundation",
        "declKind": "Import",
        "moduleName": "MWUHCWNetworkServicePlugin",
        "declAttributes": [
          "RawDocComment"
        ]
      },
      {
        "kind": "Import",
        "name": "MobileWorkflowCore",
        "printedName": "MobileWorkflowCore",
        "declKind": "Import",
        "moduleName": "MWUHCWNetworkServicePlugin"
      },
      {
        "kind": "TypeDecl",
        "name": "AnonymousLoginStep",
        "printedName": "AnonymousLoginStep",
        "children": [
          {
            "kind": "Function",
            "name": "instantiateViewController",
            "printedName": "instantiateViewController()",
            "children": [
              {
                "kind": "TypeNominal",
                "name": "StepViewController",
                "printedName": "MobileWorkflowCore.StepViewController",
                "usr": "s:18MobileWorkflowCore18StepViewControllerP"
              }
            ],
            "declKind": "Func",
            "usr": "s:26MWUHCWNetworkServicePlugin18AnonymousLoginStepC25instantiateViewController18MobileWorkflowCore0fhI0_pyF",
            "mangledName": "$s26MWUHCWNetworkServicePlugin18AnonymousLoginStepC25instantiateViewController18MobileWorkflowCore0fhI0_pyF",
            "moduleName": "MWUHCWNetworkServicePlugin",
            "overriding": true,
            "declAttributes": [
              "Override",
              "AccessControl"
            ],
            "funcSelfKind": "NonMutating"
          },
          {
            "kind": "Constructor",
            "name": "init",
            "printedName": "init(identifier:title:text:theme:links:navigationItems:)",
            "children": [
              {
                "kind": "TypeNominal",
                "name": "AnonymousLoginStep",
                "printedName": "MWUHCWNetworkServicePlugin.AnonymousLoginStep",
                "usr": "s:26MWUHCWNetworkServicePlugin18AnonymousLoginStepC"
              },
              {
                "kind": "TypeNominal",
                "name": "String",
                "printedName": "Swift.String",
                "usr": "s:SS"
              },
              {
                "kind": "TypeNominal",
                "name": "Optional",
                "printedName": "Swift.String?",
                "children": [
                  {
                    "kind": "TypeNominal",
                    "name": "String",
                    "printedName": "Swift.String",
                    "usr": "s:SS"
                  }
                ],
                "hasDefaultArg": true,
                "usr": "s:Sq"
              },
              {
                "kind": "TypeNominal",
                "name": "Optional",
                "printedName": "Swift.String?",
                "children": [
                  {
                    "kind": "TypeNominal",
                    "name": "String",
                    "printedName": "Swift.String",
                    "usr": "s:SS"
                  }
                ],
                "hasDefaultArg": true,
                "usr": "s:Sq"
              },
              {
                "kind": "TypeNominal",
                "name": "Theme",
                "printedName": "MobileWorkflowCore.Theme",
                "hasDefaultArg": true,
                "usr": "s:18MobileWorkflowCore5ThemeV"
              },
              {
                "kind": "TypeNominal",
                "name": "Array",
                "printedName": "[MobileWorkflowCore.StepLink]",
                "children": [
                  {
                    "kind": "TypeNominal",
                    "name": "StepLink",
                    "printedName": "MobileWorkflowCore.StepLink",
                    "usr": "s:18MobileWorkflowCore8StepLinkV"
                  }
                ],
                "hasDefaultArg": true,
                "usr": "s:Sa"
              },
              {
                "kind": "TypeNominal",
                "name": "Array",
                "printedName": "[MobileWorkflowCore.StepNavigationItem]",
                "children": [
                  {
                    "kind": "TypeNominal",
                    "name": "StepNavigationItem",
                    "printedName": "MobileWorkflowCore.StepNavigationItem",
                    "usr": "s:18MobileWorkflowCore18StepNavigationItemV"
                  }
                ],
                "hasDefaultArg": true,
                "usr": "s:Sa"
              }
            ],
            "declKind": "Constructor",
            "usr": "s:26MWUHCWNetworkServicePlugin18AnonymousLoginStepC10identifier5title4text5theme5links15navigationItemsACSS_SSSgAJ18MobileWorkflowCore5ThemeVSayAK0F4LinkVGSayAK0F14NavigationItemVGtcfc",
            "mangledName": "$s26MWUHCWNetworkServicePlugin18AnonymousLoginStepC10identifier5title4text5theme5links15navigationItemsACSS_SSSgAJ18MobileWorkflowCore5ThemeVSayAK0F4LinkVGSayAK0F14NavigationItemVGtcfc",
            "moduleName": "MWUHCWNetworkServicePlugin",
            "overriding": true,
            "implicit": true,
            "declAttributes": [
              "Override"
            ],
            "init_kind": "Designated"
          },
          {
            "kind": "Var",
            "name": "mandatoryCodingPaths",
            "printedName": "mandatoryCodingPaths",
            "children": [
              {
                "kind": "TypeNominal",
                "name": "Array",
                "printedName": "[Swift.CodingKey]",
                "children": [
                  {
                    "kind": "TypeNominal",
                    "name": "CodingKey",
                    "printedName": "Swift.CodingKey",
                    "usr": "s:s9CodingKeyP"
                  }
                ],
                "usr": "s:Sa"
              }
            ],
            "declKind": "Var",
            "usr": "s:26MWUHCWNetworkServicePlugin18AnonymousLoginStepC20mandatoryCodingPathsSays0H3Key_pGvpZ",
            "mangledName": "$s26MWUHCWNetworkServicePlugin18AnonymousLoginStepC20mandatoryCodingPathsSays0H3Key_pGvpZ",
            "moduleName": "MWUHCWNetworkServicePlugin",
            "static": true,
            "declAttributes": [
              "Final",
              "AccessControl"
            ],
            "isFromExtension": true,
            "accessors": [
              {
                "kind": "Accessor",
                "name": "Get",
                "printedName": "Get()",
                "children": [
                  {
                    "kind": "TypeNominal",
                    "name": "Array",
                    "printedName": "[Swift.CodingKey]",
                    "children": [
                      {
                        "kind": "TypeNominal",
                        "name": "CodingKey",
                        "printedName": "Swift.CodingKey",
                        "usr": "s:s9CodingKeyP"
                      }
                    ],
                    "usr": "s:Sa"
                  }
                ],
                "declKind": "Accessor",
                "usr": "s:26MWUHCWNetworkServicePlugin18AnonymousLoginStepC20mandatoryCodingPathsSays0H3Key_pGvgZ",
                "mangledName": "$s26MWUHCWNetworkServicePlugin18AnonymousLoginStepC20mandatoryCodingPathsSays0H3Key_pGvgZ",
                "moduleName": "MWUHCWNetworkServicePlugin",
                "static": true,
                "declAttributes": [
                  "Final"
                ],
                "isFromExtension": true,
                "accessorKind": "get"
              }
            ]
          },
          {
            "kind": "Function",
            "name": "build",
            "printedName": "build(stepInfo:services:)",
            "children": [
              {
                "kind": "TypeNominal",
                "name": "Step",
                "printedName": "MobileWorkflowCore.Step",
                "usr": "s:18MobileWorkflowCore4StepP"
              },
              {
                "kind": "TypeNominal",
                "name": "StepInfo",
                "printedName": "MobileWorkflowCore.StepInfo",
                "usr": "s:18MobileWorkflowCore8StepInfoV"
              },
              {
                "kind": "TypeNominal",
                "name": "StepServices",
                "printedName": "MobileWorkflowCore.StepServices",
                "usr": "s:18MobileWorkflowCore12StepServicesC"
              }
            ],
            "declKind": "Func",
            "usr": "s:26MWUHCWNetworkServicePlugin18AnonymousLoginStepC5build8stepInfo8services18MobileWorkflowCore0F0_pAG0fI0V_AG0F8ServicesCtKFZ",
            "mangledName": "$s26MWUHCWNetworkServicePlugin18AnonymousLoginStepC5build8stepInfo8services18MobileWorkflowCore0F0_pAG0fI0V_AG0F8ServicesCtKFZ",
            "moduleName": "MWUHCWNetworkServicePlugin",
            "static": true,
            "declAttributes": [
              "Final",
              "AccessControl"
            ],
            "isFromExtension": true,
            "throwing": true,
            "funcSelfKind": "NonMutating"
          }
        ],
        "declKind": "Class",
        "usr": "s:26MWUHCWNetworkServicePlugin18AnonymousLoginStepC",
        "mangledName": "$s26MWUHCWNetworkServicePlugin18AnonymousLoginStepC",
        "moduleName": "MWUHCWNetworkServicePlugin",
        "declAttributes": [
          "AccessControl"
        ],
        "superclassUsr": "s:18MobileWorkflowCore6MWStepC",
        "hasMissingDesignatedInitializers": true,
        "superclassNames": [
          "MobileWorkflowCore.MWStep"
        ],
        "conformances": [
          {
            "kind": "Conformance",
            "name": "BuildableStep",
            "printedName": "BuildableStep",
            "usr": "s:18MobileWorkflowCore13BuildableStepP",
            "mangledName": "$s18MobileWorkflowCore13BuildableStepP"
          },
          {
            "kind": "Conformance",
            "name": "Step",
            "printedName": "Step",
            "usr": "s:18MobileWorkflowCore4StepP",
            "mangledName": "$s18MobileWorkflowCore4StepP"
          }
        ]
      },
      {
        "kind": "Import",
        "name": "UIKit",
        "printedName": "UIKit",
        "declKind": "Import",
        "moduleName": "MWUHCWNetworkServicePlugin",
        "declAttributes": [
          "RawDocComment"
        ]
      },
      {
        "kind": "Import",
        "name": "Combine",
        "printedName": "Combine",
        "declKind": "Import",
        "moduleName": "MWUHCWNetworkServicePlugin"
      },
      {
        "kind": "Import",
        "name": "MobileWorkflowCore",
        "printedName": "MobileWorkflowCore",
        "declKind": "Import",
        "moduleName": "MWUHCWNetworkServicePlugin"
      },
      {
        "kind": "TypeDecl",
        "name": "LoginStepViewController",
        "printedName": "LoginStepViewController",
        "children": [
          {
            "kind": "Var",
            "name": "titleMode",
            "printedName": "titleMode",
            "children": [
              {
                "kind": "TypeNominal",
                "name": "StepViewControllerTitleMode",
                "printedName": "MobileWorkflowCore.StepViewControllerTitleMode",
                "usr": "s:18MobileWorkflowCore27StepViewControllerTitleModeO"
              }
            ],
            "declKind": "Var",
            "usr": "s:26MWUHCWNetworkServicePlugin23LoginStepViewControllerC9titleMode18MobileWorkflowCore0efg5TitleI0Ovp",
            "mangledName": "$s26MWUHCWNetworkServicePlugin23LoginStepViewControllerC9titleMode18MobileWorkflowCore0efg5TitleI0Ovp",
            "moduleName": "MWUHCWNetworkServicePlugin",
            "overriding": true,
            "declAttributes": [
              "Custom",
              "Override",
              "AccessControl"
            ],
            "accessors": [
              {
                "kind": "Accessor",
                "name": "Get",
                "printedName": "Get()",
                "children": [
                  {
                    "kind": "TypeNominal",
                    "name": "StepViewControllerTitleMode",
                    "printedName": "MobileWorkflowCore.StepViewControllerTitleMode",
                    "usr": "s:18MobileWorkflowCore27StepViewControllerTitleModeO"
                  }
                ],
                "declKind": "Accessor",
                "usr": "s:26MWUHCWNetworkServicePlugin23LoginStepViewControllerC9titleMode18MobileWorkflowCore0efg5TitleI0Ovg",
                "mangledName": "$s26MWUHCWNetworkServicePlugin23LoginStepViewControllerC9titleMode18MobileWorkflowCore0efg5TitleI0Ovg",
                "moduleName": "MWUHCWNetworkServicePlugin",
                "overriding": true,
                "accessorKind": "get"
              }
            ]
          },
          {
            "kind": "Function",
            "name": "loadView",
            "printedName": "loadView()",
            "children": [
              {
                "kind": "TypeNominal",
                "name": "Void",
                "printedName": "()"
              }
            ],
            "declKind": "Func",
            "usr": "c:@M@MWUHCWNetworkServicePlugin@objc(cs)LoginStepViewController(im)loadView",
            "mangledName": "$s26MWUHCWNetworkServicePlugin23LoginStepViewControllerC04loadF0yyF",
            "moduleName": "MWUHCWNetworkServicePlugin",
            "overriding": true,
            "objc_name": "loadView",
            "declAttributes": [
              "Dynamic",
              "ObjC",
              "Custom",
              "Override",
              "AccessControl"
            ],
            "funcSelfKind": "NonMutating"
          },
          {
            "kind": "Function",
            "name": "viewDidLoad",
            "printedName": "viewDidLoad()",
            "children": [
              {
                "kind": "TypeNominal",
                "name": "Void",
                "printedName": "()"
              }
            ],
            "declKind": "Func",
            "usr": "c:@M@MWUHCWNetworkServicePlugin@objc(cs)LoginStepViewController(im)viewDidLoad",
            "mangledName": "$s26MWUHCWNetworkServicePlugin23LoginStepViewControllerC11viewDidLoadyyF",
            "moduleName": "MWUHCWNetworkServicePlugin",
            "overriding": true,
            "objc_name": "viewDidLoad",
            "declAttributes": [
              "Dynamic",
              "ObjC",
              "Custom",
              "Override",
              "AccessControl"
            ],
            "funcSelfKind": "NonMutating"
          },
          {
            "kind": "Constructor",
            "name": "init",
            "printedName": "init(step:nibName:bundle:)",
            "children": [
              {
                "kind": "TypeNominal",
                "name": "LoginStepViewController",
                "printedName": "MWUHCWNetworkServicePlugin.LoginStepViewController",
                "usr": "c:@M@MWUHCWNetworkServicePlugin@objc(cs)LoginStepViewController"
              },
              {
                "kind": "TypeNominal",
                "name": "Step",
                "printedName": "MobileWorkflowCore.Step",
                "usr": "s:18MobileWorkflowCore4StepP"
              },
              {
                "kind": "TypeNominal",
                "name": "Optional",
                "printedName": "Swift.String?",
                "children": [
                  {
                    "kind": "TypeNominal",
                    "name": "String",
                    "printedName": "Swift.String",
                    "usr": "s:SS"
                  }
                ],
                "usr": "s:Sq"
              },
              {
                "kind": "TypeNominal",
                "name": "Optional",
                "printedName": "Foundation.Bundle?",
                "children": [
                  {
                    "kind": "TypeNominal",
                    "name": "Bundle",
                    "printedName": "Foundation.Bundle",
                    "usr": "c:objc(cs)NSBundle"
                  }
                ],
                "usr": "s:Sq"
              }
            ],
            "declKind": "Constructor",
            "usr": "s:26MWUHCWNetworkServicePlugin23LoginStepViewControllerC4step7nibName6bundleAC18MobileWorkflowCore0E0_p_SSSgSo8NSBundleCSgtcfc",
            "mangledName": "$s26MWUHCWNetworkServicePlugin23LoginStepViewControllerC4step7nibName6bundleAC18MobileWorkflowCore0E0_p_SSSgSo8NSBundleCSgtcfc",
            "moduleName": "MWUHCWNetworkServicePlugin",
            "overriding": true,
            "implicit": true,
            "declAttributes": [
              "Custom",
              "Override"
            ],
            "init_kind": "Designated"
          }
        ],
        "declKind": "Class",
        "usr": "c:@M@MWUHCWNetworkServicePlugin@objc(cs)LoginStepViewController",
        "mangledName": "$s26MWUHCWNetworkServicePlugin23LoginStepViewControllerC",
        "moduleName": "MWUHCWNetworkServicePlugin",
        "declAttributes": [
          "Custom",
          "AccessControl",
          "ObjC"
        ],
        "superclassUsr": "c:@M@MobileWorkflowCore@objc(cs)MWStepViewController",
        "hasMissingDesignatedInitializers": true,
        "superclassNames": [
          "MobileWorkflowCore.MWStepViewController",
          "UIKit.UIViewController",
          "UIKit.UIResponder",
          "ObjectiveC.NSObject"
        ],
        "conformances": [
          {
            "kind": "Conformance",
            "name": "StepViewController",
            "printedName": "StepViewController",
            "usr": "s:18MobileWorkflowCore18StepViewControllerP",
            "mangledName": "$s18MobileWorkflowCore18StepViewControllerP"
          },
          {
            "kind": "Conformance",
            "name": "Equatable",
            "printedName": "Equatable",
            "usr": "s:SQ",
            "mangledName": "$sSQ"
          },
          {
            "kind": "Conformance",
            "name": "Hashable",
            "printedName": "Hashable",
            "usr": "s:SH",
            "mangledName": "$sSH"
          },
          {
            "kind": "Conformance",
            "name": "CVarArg",
            "printedName": "CVarArg",
            "usr": "s:s7CVarArgP",
            "mangledName": "$ss7CVarArgP"
          },
          {
            "kind": "Conformance",
            "name": "_KeyValueCodingAndObservingPublishing",
            "printedName": "_KeyValueCodingAndObservingPublishing",
            "usr": "s:10Foundation37_KeyValueCodingAndObservingPublishingP",
            "mangledName": "$s10Foundation37_KeyValueCodingAndObservingPublishingP"
          },
          {
            "kind": "Conformance",
            "name": "_KeyValueCodingAndObserving",
            "printedName": "_KeyValueCodingAndObserving",
            "usr": "s:10Foundation27_KeyValueCodingAndObservingP",
            "mangledName": "$s10Foundation27_KeyValueCodingAndObservingP"
          },
          {
            "kind": "Conformance",
            "name": "CustomStringConvertible",
            "printedName": "CustomStringConvertible",
            "usr": "s:s23CustomStringConvertibleP",
            "mangledName": "$ss23CustomStringConvertibleP"
          },
          {
            "kind": "Conformance",
            "name": "CustomDebugStringConvertible",
            "printedName": "CustomDebugStringConvertible",
            "usr": "s:s28CustomDebugStringConvertibleP",
            "mangledName": "$ss28CustomDebugStringConvertibleP"
          }
        ]
      },
      {
        "kind": "Import",
        "name": "Foundation",
        "printedName": "Foundation",
        "declKind": "Import",
        "moduleName": "MWUHCWNetworkServicePlugin",
        "declAttributes": [
          "RawDocComment"
        ]
      },
      {
        "kind": "Import",
        "name": "MobileWorkflowCore",
        "printedName": "MobileWorkflowCore",
        "declKind": "Import",
        "moduleName": "MWUHCWNetworkServicePlugin"
      },
      {
        "kind": "TypeDecl",
        "name": "LoginStep",
        "printedName": "LoginStep",
        "children": [
          {
            "kind": "Function",
            "name": "instantiateViewController",
            "printedName": "instantiateViewController()",
            "children": [
              {
                "kind": "TypeNominal",
                "name": "StepViewController",
                "printedName": "MobileWorkflowCore.StepViewController",
                "usr": "s:18MobileWorkflowCore18StepViewControllerP"
              }
            ],
            "declKind": "Func",
            "usr": "s:26MWUHCWNetworkServicePlugin9LoginStepC25instantiateViewController18MobileWorkflowCore0egH0_pyF",
            "mangledName": "$s26MWUHCWNetworkServicePlugin9LoginStepC25instantiateViewController18MobileWorkflowCore0egH0_pyF",
            "moduleName": "MWUHCWNetworkServicePlugin",
            "overriding": true,
            "declAttributes": [
              "Override",
              "AccessControl"
            ],
            "funcSelfKind": "NonMutating"
          },
          {
            "kind": "Constructor",
            "name": "init",
            "printedName": "init(identifier:title:text:theme:links:navigationItems:)",
            "children": [
              {
                "kind": "TypeNominal",
                "name": "LoginStep",
                "printedName": "MWUHCWNetworkServicePlugin.LoginStep",
                "usr": "s:26MWUHCWNetworkServicePlugin9LoginStepC"
              },
              {
                "kind": "TypeNominal",
                "name": "String",
                "printedName": "Swift.String",
                "usr": "s:SS"
              },
              {
                "kind": "TypeNominal",
                "name": "Optional",
                "printedName": "Swift.String?",
                "children": [
                  {
                    "kind": "TypeNominal",
                    "name": "String",
                    "printedName": "Swift.String",
                    "usr": "s:SS"
                  }
                ],
                "hasDefaultArg": true,
                "usr": "s:Sq"
              },
              {
                "kind": "TypeNominal",
                "name": "Optional",
                "printedName": "Swift.String?",
                "children": [
                  {
                    "kind": "TypeNominal",
                    "name": "String",
                    "printedName": "Swift.String",
                    "usr": "s:SS"
                  }
                ],
                "hasDefaultArg": true,
                "usr": "s:Sq"
              },
              {
                "kind": "TypeNominal",
                "name": "Theme",
                "printedName": "MobileWorkflowCore.Theme",
                "hasDefaultArg": true,
                "usr": "s:18MobileWorkflowCore5ThemeV"
              },
              {
                "kind": "TypeNominal",
                "name": "Array",
                "printedName": "[MobileWorkflowCore.StepLink]",
                "children": [
                  {
                    "kind": "TypeNominal",
                    "name": "StepLink",
                    "printedName": "MobileWorkflowCore.StepLink",
                    "usr": "s:18MobileWorkflowCore8StepLinkV"
                  }
                ],
                "hasDefaultArg": true,
                "usr": "s:Sa"
              },
              {
                "kind": "TypeNominal",
                "name": "Array",
                "printedName": "[MobileWorkflowCore.StepNavigationItem]",
                "children": [
                  {
                    "kind": "TypeNominal",
                    "name": "StepNavigationItem",
                    "printedName": "MobileWorkflowCore.StepNavigationItem",
                    "usr": "s:18MobileWorkflowCore18StepNavigationItemV"
                  }
                ],
                "hasDefaultArg": true,
                "usr": "s:Sa"
              }
            ],
            "declKind": "Constructor",
            "usr": "s:26MWUHCWNetworkServicePlugin9LoginStepC10identifier5title4text5theme5links15navigationItemsACSS_SSSgAJ18MobileWorkflowCore5ThemeVSayAK0E4LinkVGSayAK0E14NavigationItemVGtcfc",
            "mangledName": "$s26MWUHCWNetworkServicePlugin9LoginStepC10identifier5title4text5theme5links15navigationItemsACSS_SSSgAJ18MobileWorkflowCore5ThemeVSayAK0E4LinkVGSayAK0E14NavigationItemVGtcfc",
            "moduleName": "MWUHCWNetworkServicePlugin",
            "overriding": true,
            "implicit": true,
            "declAttributes": [
              "Override"
            ],
            "init_kind": "Designated"
          },
          {
            "kind": "Var",
            "name": "mandatoryCodingPaths",
            "printedName": "mandatoryCodingPaths",
            "children": [
              {
                "kind": "TypeNominal",
                "name": "Array",
                "printedName": "[Swift.CodingKey]",
                "children": [
                  {
                    "kind": "TypeNominal",
                    "name": "CodingKey",
                    "printedName": "Swift.CodingKey",
                    "usr": "s:s9CodingKeyP"
                  }
                ],
                "usr": "s:Sa"
              }
            ],
            "declKind": "Var",
            "usr": "s:26MWUHCWNetworkServicePlugin9LoginStepC20mandatoryCodingPathsSays0G3Key_pGvpZ",
            "mangledName": "$s26MWUHCWNetworkServicePlugin9LoginStepC20mandatoryCodingPathsSays0G3Key_pGvpZ",
            "moduleName": "MWUHCWNetworkServicePlugin",
            "static": true,
            "declAttributes": [
              "Final",
              "AccessControl"
            ],
            "isFromExtension": true,
            "accessors": [
              {
                "kind": "Accessor",
                "name": "Get",
                "printedName": "Get()",
                "children": [
                  {
                    "kind": "TypeNominal",
                    "name": "Array",
                    "printedName": "[Swift.CodingKey]",
                    "children": [
                      {
                        "kind": "TypeNominal",
                        "name": "CodingKey",
                        "printedName": "Swift.CodingKey",
                        "usr": "s:s9CodingKeyP"
                      }
                    ],
                    "usr": "s:Sa"
                  }
                ],
                "declKind": "Accessor",
                "usr": "s:26MWUHCWNetworkServicePlugin9LoginStepC20mandatoryCodingPathsSays0G3Key_pGvgZ",
                "mangledName": "$s26MWUHCWNetworkServicePlugin9LoginStepC20mandatoryCodingPathsSays0G3Key_pGvgZ",
                "moduleName": "MWUHCWNetworkServicePlugin",
                "static": true,
                "declAttributes": [
                  "Final"
                ],
                "isFromExtension": true,
                "accessorKind": "get"
              }
            ]
          },
          {
            "kind": "Function",
            "name": "build",
            "printedName": "build(stepInfo:services:)",
            "children": [
              {
                "kind": "TypeNominal",
                "name": "Step",
                "printedName": "MobileWorkflowCore.Step",
                "usr": "s:18MobileWorkflowCore4StepP"
              },
              {
                "kind": "TypeNominal",
                "name": "StepInfo",
                "printedName": "MobileWorkflowCore.StepInfo",
                "usr": "s:18MobileWorkflowCore8StepInfoV"
              },
              {
                "kind": "TypeNominal",
                "name": "StepServices",
                "printedName": "MobileWorkflowCore.StepServices",
                "usr": "s:18MobileWorkflowCore12StepServicesC"
              }
            ],
            "declKind": "Func",
            "usr": "s:26MWUHCWNetworkServicePlugin9LoginStepC5build8stepInfo8services18MobileWorkflowCore0E0_pAG0eH0V_AG0E8ServicesCtKFZ",
            "mangledName": "$s26MWUHCWNetworkServicePlugin9LoginStepC5build8stepInfo8services18MobileWorkflowCore0E0_pAG0eH0V_AG0E8ServicesCtKFZ",
            "moduleName": "MWUHCWNetworkServicePlugin",
            "static": true,
            "declAttributes": [
              "Final",
              "AccessControl"
            ],
            "isFromExtension": true,
            "throwing": true,
            "funcSelfKind": "NonMutating"
          }
        ],
        "declKind": "Class",
        "usr": "s:26MWUHCWNetworkServicePlugin9LoginStepC",
        "mangledName": "$s26MWUHCWNetworkServicePlugin9LoginStepC",
        "moduleName": "MWUHCWNetworkServicePlugin",
        "declAttributes": [
          "AccessControl"
        ],
        "superclassUsr": "s:18MobileWorkflowCore6MWStepC",
        "hasMissingDesignatedInitializers": true,
        "superclassNames": [
          "MobileWorkflowCore.MWStep"
        ],
        "conformances": [
          {
            "kind": "Conformance",
            "name": "BuildableStep",
            "printedName": "BuildableStep",
            "usr": "s:18MobileWorkflowCore13BuildableStepP",
            "mangledName": "$s18MobileWorkflowCore13BuildableStepP"
          },
          {
            "kind": "Conformance",
            "name": "Step",
            "printedName": "Step",
            "usr": "s:18MobileWorkflowCore4StepP",
            "mangledName": "$s18MobileWorkflowCore4StepP"
          }
        ]
      },
      {
        "kind": "Import",
        "name": "UIKit",
        "printedName": "UIKit",
        "declKind": "Import",
        "moduleName": "MWUHCWNetworkServicePlugin",
        "declAttributes": [
          "RawDocComment"
        ]
      },
      {
        "kind": "Import",
        "name": "MobileWorkflowCore",
        "printedName": "MobileWorkflowCore",
        "declKind": "Import",
        "moduleName": "MWUHCWNetworkServicePlugin"
      },
      {
        "kind": "Import",
        "name": "UIKit",
        "printedName": "UIKit",
        "declKind": "Import",
        "moduleName": "MWUHCWNetworkServicePlugin",
        "declAttributes": [
          "RawDocComment"
        ]
      },
      {
        "kind": "Import",
        "name": "Foundation",
        "printedName": "Foundation",
        "declKind": "Import",
        "moduleName": "MWUHCWNetworkServicePlugin",
        "declAttributes": [
          "RawDocComment"
        ]
      },
      {
        "kind": "Import",
        "name": "Foundation",
        "printedName": "Foundation",
        "declKind": "Import",
        "moduleName": "MWUHCWNetworkServicePlugin",
        "declAttributes": [
          "RawDocComment"
        ]
      },
      {
        "kind": "Import",
        "name": "MobileWorkflowCore",
        "printedName": "MobileWorkflowCore",
        "declKind": "Import",
        "moduleName": "MWUHCWNetworkServicePlugin"
      },
      {
        "kind": "Import",
        "name": "Foundation",
        "printedName": "Foundation",
        "declKind": "Import",
        "moduleName": "MWUHCWNetworkServicePlugin",
        "declAttributes": [
          "RawDocComment"
        ]
      },
      {
        "kind": "Import",
        "name": "MobileWorkflowCore",
        "printedName": "MobileWorkflowCore",
        "declKind": "Import",
        "moduleName": "MWUHCWNetworkServicePlugin"
      },
      {
        "kind": "Import",
        "name": "Foundation",
        "printedName": "Foundation",
        "declKind": "Import",
        "moduleName": "MWUHCWNetworkServicePlugin",
        "declAttributes": [
          "RawDocComment"
        ]
      },
      {
        "kind": "Import",
        "name": "MobileWorkflowCore",
        "printedName": "MobileWorkflowCore",
        "declKind": "Import",
        "moduleName": "MWUHCWNetworkServicePlugin"
      },
      {
        "kind": "Import",
        "name": "Foundation",
        "printedName": "Foundation",
        "declKind": "Import",
        "moduleName": "MWUHCWNetworkServicePlugin",
        "declAttributes": [
          "RawDocComment"
        ]
      },
      {
        "kind": "Import",
        "name": "MobileWorkflowCore",
        "printedName": "MobileWorkflowCore",
        "declKind": "Import",
        "moduleName": "MWUHCWNetworkServicePlugin"
      },
      {
        "kind": "Import",
        "name": "Foundation",
        "printedName": "Foundation",
        "declKind": "Import",
        "moduleName": "MWUHCWNetworkServicePlugin",
        "declAttributes": [
          "RawDocComment"
        ]
      },
      {
        "kind": "Import",
        "name": "MobileWorkflowCore",
        "printedName": "MobileWorkflowCore",
        "declKind": "Import",
        "moduleName": "MWUHCWNetworkServicePlugin"
      },
      {
        "kind": "Import",
        "name": "Foundation",
        "printedName": "Foundation",
        "declKind": "Import",
        "moduleName": "MWUHCWNetworkServicePlugin",
        "declAttributes": [
          "RawDocComment"
        ]
      },
      {
        "kind": "Import",
        "name": "MobileWorkflowCore",
        "printedName": "MobileWorkflowCore",
        "declKind": "Import",
        "moduleName": "MWUHCWNetworkServicePlugin"
      },
      {
        "kind": "TypeDecl",
        "name": "PatientInfoInterventionsTask",
        "printedName": "PatientInfoInterventionsTask",
        "children": [
          {
            "kind": "Var",
            "name": "input",
            "printedName": "input",
            "children": [
              {
                "kind": "TypeNominal",
                "name": "URL",
                "printedName": "Foundation.URL",
                "usr": "s:10Foundation3URLV"
              }
            ],
            "declKind": "Var",
            "usr": "s:26MWUHCWNetworkServicePlugin28PatientInfoInterventionsTaskV5input10Foundation3URLVvp",
            "mangledName": "$s26MWUHCWNetworkServicePlugin28PatientInfoInterventionsTaskV5input10Foundation3URLVvp",
            "moduleName": "MWUHCWNetworkServicePlugin",
            "declAttributes": [
              "HasStorage",
              "AccessControl"
            ],
            "isLet": true,
            "hasStorage": true,
            "accessors": [
              {
                "kind": "Accessor",
                "name": "Get",
                "printedName": "Get()",
                "children": [
                  {
                    "kind": "TypeNominal",
                    "name": "URL",
                    "printedName": "Foundation.URL",
                    "usr": "s:10Foundation3URLV"
                  }
                ],
                "declKind": "Accessor",
                "usr": "s:26MWUHCWNetworkServicePlugin28PatientInfoInterventionsTaskV5input10Foundation3URLVvg",
                "mangledName": "$s26MWUHCWNetworkServicePlugin28PatientInfoInterventionsTaskV5input10Foundation3URLVvg",
                "moduleName": "MWUHCWNetworkServicePlugin",
                "implicit": true,
                "accessorKind": "get"
              }
            ]
          },
          {
            "kind": "Var",
            "name": "credential",
            "printedName": "credential",
            "children": [
              {
                "kind": "TypeNominal",
                "name": "Optional",
                "printedName": "MobileWorkflowCore.Credential?",
                "children": [
                  {
                    "kind": "TypeNominal",
                    "name": "Credential",
                    "printedName": "MobileWorkflowCore.Credential",
                    "usr": "s:18MobileWorkflowCore10CredentialV"
                  }
                ],
                "usr": "s:Sq"
              }
            ],
            "declKind": "Var",
            "usr": "s:26MWUHCWNetworkServicePlugin28PatientInfoInterventionsTaskV10credential18MobileWorkflowCore10CredentialVSgvp",
            "mangledName": "$s26MWUHCWNetworkServicePlugin28PatientInfoInterventionsTaskV10credential18MobileWorkflowCore10CredentialVSgvp",
            "moduleName": "MWUHCWNetworkServicePlugin",
            "declAttributes": [
              "HasStorage",
              "AccessControl"
            ],
            "isLet": true,
            "hasStorage": true,
            "accessors": [
              {
                "kind": "Accessor",
                "name": "Get",
                "printedName": "Get()",
                "children": [
                  {
                    "kind": "TypeNominal",
                    "name": "Optional",
                    "printedName": "MobileWorkflowCore.Credential?",
                    "children": [
                      {
                        "kind": "TypeNominal",
                        "name": "Credential",
                        "printedName": "MobileWorkflowCore.Credential",
                        "usr": "s:18MobileWorkflowCore10CredentialV"
                      }
                    ],
                    "usr": "s:Sq"
                  }
                ],
                "declKind": "Accessor",
                "usr": "s:26MWUHCWNetworkServicePlugin28PatientInfoInterventionsTaskV10credential18MobileWorkflowCore10CredentialVSgvg",
                "mangledName": "$s26MWUHCWNetworkServicePlugin28PatientInfoInterventionsTaskV10credential18MobileWorkflowCore10CredentialVSgvg",
                "moduleName": "MWUHCWNetworkServicePlugin",
                "implicit": true,
                "accessorKind": "get"
              }
            ]
          },
          {
            "kind": "Function",
            "name": "convertToURLAsyncTask",
            "printedName": "convertToURLAsyncTask(using:)",
            "children": [
              {
                "kind": "TypeNominal",
                "name": "Optional",
                "printedName": "τ_0_0?",
                "children": [
                  {
                    "kind": "TypeNominal",
                    "name": "GenericTypeParam",
                    "printedName": "τ_0_0"
                  }
                ],
                "usr": "s:Sq"
              },
              {
                "kind": "TypeNominal",
                "name": "ContentProvider",
                "printedName": "MobileWorkflowCore.ContentProvider",
                "usr": "s:18MobileWorkflowCore15ContentProviderP"
              }
            ],
            "declKind": "Func",
            "usr": "s:26MWUHCWNetworkServicePlugin28PatientInfoInterventionsTaskV017convertToURLAsyncG05usingxSg18MobileWorkflowCore15ContentProvider_p_tAG05AsyncG0RzlF",
            "mangledName": "$s26MWUHCWNetworkServicePlugin28PatientInfoInterventionsTaskV017convertToURLAsyncG05usingxSg18MobileWorkflowCore15ContentProvider_p_tAG05AsyncG0RzlF",
            "moduleName": "MWUHCWNetworkServicePlugin",
            "genericSig": "<τ_0_0 where τ_0_0 : MobileWorkflowCore.AsyncTask>",
            "sugared_genericSig": "<T where T : MobileWorkflowCore.AsyncTask>",
            "declAttributes": [
              "AccessControl"
            ],
            "funcSelfKind": "NonMutating"
          }
        ],
        "declKind": "Struct",
        "usr": "s:26MWUHCWNetworkServicePlugin28PatientInfoInterventionsTaskV",
        "mangledName": "$s26MWUHCWNetworkServicePlugin28PatientInfoInterventionsTaskV",
        "moduleName": "MWUHCWNetworkServicePlugin",
        "declAttributes": [
          "AccessControl"
        ],
        "conformances": [
          {
            "kind": "Conformance",
            "name": "AsyncTask",
            "printedName": "AsyncTask",
            "children": [
              {
                "kind": "TypeWitness",
                "name": "Response",
                "printedName": "Response",
                "children": [
                  {
                    "kind": "TypeNominal",
                    "name": "Array",
                    "printedName": "[MobileWorkflowCore.ListStepItem]",
                    "children": [
                      {
                        "kind": "TypeNominal",
                        "name": "ListStepItem",
                        "printedName": "MobileWorkflowCore.ListStepItem",
                        "usr": "s:18MobileWorkflowCore12ListStepItemC"
                      }
                    ],
                    "usr": "s:Sa"
                  }
                ]
              },
              {
                "kind": "TypeWitness",
                "name": "Input",
                "printedName": "Input",
                "children": [
                  {
                    "kind": "TypeNominal",
                    "name": "URL",
                    "printedName": "Foundation.URL",
                    "usr": "s:10Foundation3URLV"
                  }
                ]
              }
            ],
            "usr": "s:18MobileWorkflowCore9AsyncTaskP",
            "mangledName": "$s18MobileWorkflowCore9AsyncTaskP"
          },
          {
            "kind": "Conformance",
            "name": "URLAsyncTaskConvertible",
            "printedName": "URLAsyncTaskConvertible",
            "usr": "s:18MobileWorkflowCore23URLAsyncTaskConvertibleP",
            "mangledName": "$s18MobileWorkflowCore23URLAsyncTaskConvertibleP"
          }
        ]
      },
      {
        "kind": "Import",
        "name": "Foundation",
        "printedName": "Foundation",
        "declKind": "Import",
        "moduleName": "MWUHCWNetworkServicePlugin",
        "declAttributes": [
          "RawDocComment"
        ]
      },
      {
        "kind": "Import",
        "name": "MobileWorkflowCore",
        "printedName": "MobileWorkflowCore",
        "declKind": "Import",
        "moduleName": "MWUHCWNetworkServicePlugin"
      },
      {
        "kind": "TypeDecl",
        "name": "PatientInfoTask",
        "printedName": "PatientInfoTask",
        "children": [
          {
            "kind": "Var",
            "name": "input",
            "printedName": "input",
            "children": [
              {
                "kind": "TypeNominal",
                "name": "URL",
                "printedName": "Foundation.URL",
                "usr": "s:10Foundation3URLV"
              }
            ],
            "declKind": "Var",
            "usr": "s:26MWUHCWNetworkServicePlugin15PatientInfoTaskV5input10Foundation3URLVvp",
            "mangledName": "$s26MWUHCWNetworkServicePlugin15PatientInfoTaskV5input10Foundation3URLVvp",
            "moduleName": "MWUHCWNetworkServicePlugin",
            "declAttributes": [
              "HasStorage",
              "AccessControl"
            ],
            "isLet": true,
            "hasStorage": true,
            "accessors": [
              {
                "kind": "Accessor",
                "name": "Get",
                "printedName": "Get()",
                "children": [
                  {
                    "kind": "TypeNominal",
                    "name": "URL",
                    "printedName": "Foundation.URL",
                    "usr": "s:10Foundation3URLV"
                  }
                ],
                "declKind": "Accessor",
                "usr": "s:26MWUHCWNetworkServicePlugin15PatientInfoTaskV5input10Foundation3URLVvg",
                "mangledName": "$s26MWUHCWNetworkServicePlugin15PatientInfoTaskV5input10Foundation3URLVvg",
                "moduleName": "MWUHCWNetworkServicePlugin",
                "implicit": true,
                "accessorKind": "get"
              }
            ]
          },
          {
            "kind": "Var",
            "name": "credential",
            "printedName": "credential",
            "children": [
              {
                "kind": "TypeNominal",
                "name": "Optional",
                "printedName": "MobileWorkflowCore.Credential?",
                "children": [
                  {
                    "kind": "TypeNominal",
                    "name": "Credential",
                    "printedName": "MobileWorkflowCore.Credential",
                    "usr": "s:18MobileWorkflowCore10CredentialV"
                  }
                ],
                "usr": "s:Sq"
              }
            ],
            "declKind": "Var",
            "usr": "s:26MWUHCWNetworkServicePlugin15PatientInfoTaskV10credential18MobileWorkflowCore10CredentialVSgvp",
            "mangledName": "$s26MWUHCWNetworkServicePlugin15PatientInfoTaskV10credential18MobileWorkflowCore10CredentialVSgvp",
            "moduleName": "MWUHCWNetworkServicePlugin",
            "declAttributes": [
              "HasStorage",
              "AccessControl"
            ],
            "isLet": true,
            "hasStorage": true,
            "accessors": [
              {
                "kind": "Accessor",
                "name": "Get",
                "printedName": "Get()",
                "children": [
                  {
                    "kind": "TypeNominal",
                    "name": "Optional",
                    "printedName": "MobileWorkflowCore.Credential?",
                    "children": [
                      {
                        "kind": "TypeNominal",
                        "name": "Credential",
                        "printedName": "MobileWorkflowCore.Credential",
                        "usr": "s:18MobileWorkflowCore10CredentialV"
                      }
                    ],
                    "usr": "s:Sq"
                  }
                ],
                "declKind": "Accessor",
                "usr": "s:26MWUHCWNetworkServicePlugin15PatientInfoTaskV10credential18MobileWorkflowCore10CredentialVSgvg",
                "mangledName": "$s26MWUHCWNetworkServicePlugin15PatientInfoTaskV10credential18MobileWorkflowCore10CredentialVSgvg",
                "moduleName": "MWUHCWNetworkServicePlugin",
                "implicit": true,
                "accessorKind": "get"
              }
            ]
          },
          {
            "kind": "Function",
            "name": "convertToURLAsyncTask",
            "printedName": "convertToURLAsyncTask(using:)",
            "children": [
              {
                "kind": "TypeNominal",
                "name": "Optional",
                "printedName": "τ_0_0?",
                "children": [
                  {
                    "kind": "TypeNominal",
                    "name": "GenericTypeParam",
                    "printedName": "τ_0_0"
                  }
                ],
                "usr": "s:Sq"
              },
              {
                "kind": "TypeNominal",
                "name": "ContentProvider",
                "printedName": "MobileWorkflowCore.ContentProvider",
                "usr": "s:18MobileWorkflowCore15ContentProviderP"
              }
            ],
            "declKind": "Func",
            "usr": "s:26MWUHCWNetworkServicePlugin15PatientInfoTaskV017convertToURLAsyncF05usingxSg18MobileWorkflowCore15ContentProvider_p_tAG05AsyncF0RzlF",
            "mangledName": "$s26MWUHCWNetworkServicePlugin15PatientInfoTaskV017convertToURLAsyncF05usingxSg18MobileWorkflowCore15ContentProvider_p_tAG05AsyncF0RzlF",
            "moduleName": "MWUHCWNetworkServicePlugin",
            "genericSig": "<τ_0_0 where τ_0_0 : MobileWorkflowCore.AsyncTask>",
            "sugared_genericSig": "<T where T : MobileWorkflowCore.AsyncTask>",
            "declAttributes": [
              "AccessControl"
            ],
            "funcSelfKind": "NonMutating"
          }
        ],
        "declKind": "Struct",
        "usr": "s:26MWUHCWNetworkServicePlugin15PatientInfoTaskV",
        "mangledName": "$s26MWUHCWNetworkServicePlugin15PatientInfoTaskV",
        "moduleName": "MWUHCWNetworkServicePlugin",
        "declAttributes": [
          "AccessControl"
        ],
        "conformances": [
          {
            "kind": "Conformance",
            "name": "AsyncTask",
            "printedName": "AsyncTask",
            "children": [
              {
                "kind": "TypeWitness",
                "name": "Response",
                "printedName": "Response",
                "children": [
                  {
                    "kind": "TypeNominal",
                    "name": "Array",
                    "printedName": "[MobileWorkflowCore.StackStepItem]",
                    "children": [
                      {
                        "kind": "TypeNominal",
                        "name": "StackStepItem",
                        "printedName": "MobileWorkflowCore.StackStepItem",
                        "usr": "s:18MobileWorkflowCore13StackStepItemC"
                      }
                    ],
                    "usr": "s:Sa"
                  }
                ]
              },
              {
                "kind": "TypeWitness",
                "name": "Input",
                "printedName": "Input",
                "children": [
                  {
                    "kind": "TypeNominal",
                    "name": "URL",
                    "printedName": "Foundation.URL",
                    "usr": "s:10Foundation3URLV"
                  }
                ]
              }
            ],
            "usr": "s:18MobileWorkflowCore9AsyncTaskP",
            "mangledName": "$s18MobileWorkflowCore9AsyncTaskP"
          },
          {
            "kind": "Conformance",
            "name": "URLAsyncTaskConvertible",
            "printedName": "URLAsyncTaskConvertible",
            "usr": "s:18MobileWorkflowCore23URLAsyncTaskConvertibleP",
            "mangledName": "$s18MobileWorkflowCore23URLAsyncTaskConvertibleP"
          }
        ]
      },
      {
        "kind": "Import",
        "name": "Foundation",
        "printedName": "Foundation",
        "declKind": "Import",
        "moduleName": "MWUHCWNetworkServicePlugin",
        "declAttributes": [
          "RawDocComment"
        ]
      },
      {
        "kind": "Import",
        "name": "MobileWorkflowCore",
        "printedName": "MobileWorkflowCore",
        "declKind": "Import",
        "moduleName": "MWUHCWNetworkServicePlugin"
      },
      {
        "kind": "TypeDecl",
        "name": "MWUHCWNetworkServicePluginStruct",
        "printedName": "MWUHCWNetworkServicePluginStruct",
        "children": [
          {
            "kind": "Var",
            "name": "allStepsTypes",
            "printedName": "allStepsTypes",
            "children": [
              {
                "kind": "TypeNominal",
                "name": "Array",
                "printedName": "[MobileWorkflowCore.StepType]",
                "children": [
                  {
                    "kind": "TypeNominal",
                    "name": "StepType",
                    "printedName": "MobileWorkflowCore.StepType",
                    "usr": "s:18MobileWorkflowCore8StepTypeP"
                  }
                ],
                "usr": "s:Sa"
              }
            ],
            "declKind": "Var",
            "usr": "s:26MWUHCWNetworkServicePlugin0abC6StructV13allStepsTypesSay18MobileWorkflowCore8StepType_pGvpZ",
            "mangledName": "$s26MWUHCWNetworkServicePlugin0abC6StructV13allStepsTypesSay18MobileWorkflowCore8StepType_pGvpZ",
            "moduleName": "MWUHCWNetworkServicePlugin",
            "static": true,
            "declAttributes": [
              "AccessControl"
            ],
            "accessors": [
              {
                "kind": "Accessor",
                "name": "Get",
                "printedName": "Get()",
                "children": [
                  {
                    "kind": "TypeNominal",
                    "name": "Array",
                    "printedName": "[MobileWorkflowCore.StepType]",
                    "children": [
                      {
                        "kind": "TypeNominal",
                        "name": "StepType",
                        "printedName": "MobileWorkflowCore.StepType",
                        "usr": "s:18MobileWorkflowCore8StepTypeP"
                      }
                    ],
                    "usr": "s:Sa"
                  }
                ],
                "declKind": "Accessor",
                "usr": "s:26MWUHCWNetworkServicePlugin0abC6StructV13allStepsTypesSay18MobileWorkflowCore8StepType_pGvgZ",
                "mangledName": "$s26MWUHCWNetworkServicePlugin0abC6StructV13allStepsTypesSay18MobileWorkflowCore8StepType_pGvgZ",
                "moduleName": "MWUHCWNetworkServicePlugin",
                "static": true,
                "accessorKind": "get"
              }
            ]
          },
          {
            "kind": "Var",
            "name": "asyncTaskServices",
            "printedName": "asyncTaskServices",
            "children": [
              {
                "kind": "TypeNominal",
                "name": "Array",
                "printedName": "[MobileWorkflowCore.AsyncTaskService]",
                "children": [
                  {
                    "kind": "TypeNominal",
                    "name": "AsyncTaskService",
                    "printedName": "MobileWorkflowCore.AsyncTaskService",
                    "usr": "s:18MobileWorkflowCore16AsyncTaskServiceP"
                  }
                ],
                "usr": "s:Sa"
              }
            ],
            "declKind": "Var",
            "usr": "s:26MWUHCWNetworkServicePlugin0abC6StructV17asyncTaskServicesSay18MobileWorkflowCore05AsyncfB0_pGvpZ",
            "mangledName": "$s26MWUHCWNetworkServicePlugin0abC6StructV17asyncTaskServicesSay18MobileWorkflowCore05AsyncfB0_pGvpZ",
            "moduleName": "MWUHCWNetworkServicePlugin",
            "static": true,
            "declAttributes": [
              "HasInitialValue",
              "HasStorage",
              "AccessControl"
            ],
            "hasStorage": true,
            "accessors": [
              {
                "kind": "Accessor",
                "name": "Get",
                "printedName": "Get()",
                "children": [
                  {
                    "kind": "TypeNominal",
                    "name": "Array",
                    "printedName": "[MobileWorkflowCore.AsyncTaskService]",
                    "children": [
                      {
                        "kind": "TypeNominal",
                        "name": "AsyncTaskService",
                        "printedName": "MobileWorkflowCore.AsyncTaskService",
                        "usr": "s:18MobileWorkflowCore16AsyncTaskServiceP"
                      }
                    ],
                    "usr": "s:Sa"
                  }
                ],
                "declKind": "Accessor",
                "usr": "s:26MWUHCWNetworkServicePlugin0abC6StructV17asyncTaskServicesSay18MobileWorkflowCore05AsyncfB0_pGvgZ",
                "mangledName": "$s26MWUHCWNetworkServicePlugin0abC6StructV17asyncTaskServicesSay18MobileWorkflowCore05AsyncfB0_pGvgZ",
                "moduleName": "MWUHCWNetworkServicePlugin",
                "static": true,
                "implicit": true,
                "accessorKind": "get"
              },
              {
                "kind": "Accessor",
                "name": "Set",
                "printedName": "Set()",
                "children": [
                  {
                    "kind": "TypeNominal",
                    "name": "Void",
                    "printedName": "()"
                  },
                  {
                    "kind": "TypeNominal",
                    "name": "Array",
                    "printedName": "[MobileWorkflowCore.AsyncTaskService]",
                    "children": [
                      {
                        "kind": "TypeNominal",
                        "name": "AsyncTaskService",
                        "printedName": "MobileWorkflowCore.AsyncTaskService",
                        "usr": "s:18MobileWorkflowCore16AsyncTaskServiceP"
                      }
                    ],
                    "usr": "s:Sa"
                  }
                ],
                "declKind": "Accessor",
                "usr": "s:26MWUHCWNetworkServicePlugin0abC6StructV17asyncTaskServicesSay18MobileWorkflowCore05AsyncfB0_pGvsZ",
                "mangledName": "$s26MWUHCWNetworkServicePlugin0abC6StructV17asyncTaskServicesSay18MobileWorkflowCore05AsyncfB0_pGvsZ",
                "moduleName": "MWUHCWNetworkServicePlugin",
                "static": true,
                "implicit": true,
                "accessorKind": "set"
              },
              {
                "kind": "Accessor",
                "name": "Modify",
                "printedName": "Modify()",
                "children": [
                  {
                    "kind": "TypeNominal",
                    "name": "Void",
                    "printedName": "()"
                  }
                ],
                "declKind": "Accessor",
                "usr": "s:26MWUHCWNetworkServicePlugin0abC6StructV17asyncTaskServicesSay18MobileWorkflowCore05AsyncfB0_pGvMZ",
                "mangledName": "$s26MWUHCWNetworkServicePlugin0abC6StructV17asyncTaskServicesSay18MobileWorkflowCore05AsyncfB0_pGvMZ",
                "moduleName": "MWUHCWNetworkServicePlugin",
                "static": true,
                "implicit": true,
                "accessorKind": "_modify"
              }
            ]
          }
        ],
        "declKind": "Struct",
        "usr": "s:26MWUHCWNetworkServicePlugin0abC6StructV",
        "mangledName": "$s26MWUHCWNetworkServicePlugin0abC6StructV",
        "moduleName": "MWUHCWNetworkServicePlugin",
        "declAttributes": [
          "AccessControl"
        ],
        "conformances": [
          {
            "kind": "Conformance",
            "name": "Plugin",
            "printedName": "Plugin",
            "usr": "s:18MobileWorkflowCore6PluginP",
            "mangledName": "$s18MobileWorkflowCore6PluginP"
          }
        ]
      }
    ],
    "json_format_version": 8
  },
  "ConstValues": [
    {
      "filePath": "\/Users\/vagrant\/git\/project\/MWUHCWNetworkServicePlugin\/MWUHCWNetworkServicePlugin\/MWUHCWNetworkService\/Steps\/Anonoymous Login\/AnonymousLoginStep.swift",
      "kind": "StringLiteral",
      "offset": 176,
      "length": 18,
      "value": "\"MWUHCWNetworkServicePlugin.AnonymousLoginStep\""
    },
    {
      "filePath": "\/Users\/vagrant\/git\/project\/MWUHCWNetworkServicePlugin\/MWUHCWNetworkServicePlugin\/MWUHCWNetworkService\/Steps\/Login\/LoginStepViewController.swift",
      "kind": "StringLiteral",
      "offset": 143,
      "length": 23,
      "value": "\"MWUHCWNetworkServicePlugin.LoginStepViewController\""
    },
    {
      "filePath": "\/Users\/vagrant\/git\/project\/MWUHCWNetworkServicePlugin\/MWUHCWNetworkServicePlugin\/MWUHCWNetworkService\/Steps\/Login\/LoginStep.swift",
      "kind": "StringLiteral",
      "offset": 119,
      "length": 9,
      "value": "\"MWUHCWNetworkServicePlugin.LoginStep\""
    },
    {
      "filePath": "\/Users\/vagrant\/git\/project\/MWUHCWNetworkServicePlugin\/MWUHCWNetworkServicePlugin\/MWUHCWNetworkService\/Steps\/Login\/Views\/LoginFormView.swift",
      "kind": "StringLiteral",
      "offset": 361,
      "length": 8,
      "value": "\"header\""
    },
    {
      "filePath": "\/Users\/vagrant\/git\/project\/MWUHCWNetworkServicePlugin\/MWUHCWNetworkServicePlugin\/MWUHCWNetworkService\/Steps\/Login\/Views\/LoginFormView.swift",
      "kind": "BooleanLiteral",
      "offset": 529,
      "length": 4,
      "value": "true"
    },
    {
      "filePath": "\/Users\/vagrant\/git\/project\/MWUHCWNetworkServicePlugin\/MWUHCWNetworkServicePlugin\/MWUHCWNetworkService\/Steps\/Login\/Views\/LoginFormView.swift",
      "kind": "BooleanLiteral",
      "offset": 1065,
      "length": 5,
      "value": "false"
    },
    {
      "filePath": "\/Users\/vagrant\/git\/project\/MWUHCWNetworkServicePlugin\/MWUHCWNetworkServicePlugin\/MWUHCWNetworkService\/Steps\/Login\/Views\/LoginFormView.swift",
      "kind": "BooleanLiteral",
      "offset": 1559,
      "length": 4,
      "value": "true"
    },
    {
      "filePath": "\/Users\/vagrant\/git\/project\/MWUHCWNetworkServicePlugin\/MWUHCWNetworkServicePlugin\/MWUHCWNetworkService\/Steps\/Login\/Views\/LoginFormView.swift",
      "kind": "BooleanLiteral",
      "offset": 1634,
      "length": 5,
      "value": "false"
    },
    {
      "filePath": "\/Users\/vagrant\/git\/project\/MWUHCWNetworkServicePlugin\/MWUHCWNetworkServicePlugin\/MWUHCWNetworkService\/Steps\/Login\/Views\/LoginFormView.swift",
      "kind": "IntegerLiteral",
      "offset": 1922,
      "length": 2,
      "value": "12"
    },
    {
      "filePath": "\/Users\/vagrant\/git\/project\/MWUHCWNetworkServicePlugin\/MWUHCWNetworkServicePlugin\/MWUHCWNetworkService\/Steps\/Login\/Views\/LoginFormView.swift",
      "kind": "BooleanLiteral",
      "offset": 1987,
      "length": 5,
      "value": "false"
    },
    {
      "filePath": "\/Users\/vagrant\/git\/project\/MWUHCWNetworkServicePlugin\/MWUHCWNetworkServicePlugin\/MWUHCWNetworkService\/Steps\/Login\/Views\/LoginFormView.swift",
      "kind": "BooleanLiteral",
      "offset": 2280,
      "length": 5,
      "value": "false"
    },
    {
      "filePath": "\/Users\/vagrant\/git\/project\/MWUHCWNetworkServicePlugin\/MWUHCWNetworkServicePlugin\/MWUHCWNetworkService\/Steps\/Login\/Views\/LoginFormView.swift",
      "kind": "BooleanLiteral",
      "offset": 2349,
      "length": 5,
      "value": "false"
    },
    {
      "filePath": "\/Users\/vagrant\/git\/project\/MWUHCWNetworkServicePlugin\/MWUHCWNetworkServicePlugin\/MWUHCWNetworkService\/Steps\/Login\/Views\/LabeledTextField.swift",
      "kind": "IntegerLiteral",
      "offset": 268,
      "length": 1,
      "value": "1"
    },
    {
      "filePath": "\/Users\/vagrant\/git\/project\/MWUHCWNetworkServicePlugin\/MWUHCWNetworkServicePlugin\/MWUHCWNetworkService\/Steps\/Login\/Views\/LabeledTextField.swift",
      "kind": "BooleanLiteral",
      "offset": 402,
      "length": 5,
      "value": "false"
    },
    {
      "filePath": "\/Users\/vagrant\/git\/project\/MWUHCWNetworkServicePlugin\/MWUHCWNetworkServicePlugin\/MWUHCWNetworkService\/Steps\/Login\/Views\/LabeledTextField.swift",
      "kind": "IntegerLiteral",
      "offset": 628,
      "length": 2,
      "value": "10"
    },
    {
      "filePath": "\/Users\/vagrant\/git\/project\/MWUHCWNetworkServicePlugin\/MWUHCWNetworkServicePlugin\/MWUHCWNetworkService\/Steps\/Login\/Views\/LabeledTextField.swift",
      "kind": "BooleanLiteral",
      "offset": 688,
      "length": 5,
      "value": "false"
    },
    {
      "filePath": "\/Users\/vagrant\/git\/project\/MWUHCWNetworkServicePlugin\/MWUHCWNetworkServicePlugin\/MWUHCWNetworkService\/Steps\/Login\/Views\/LabeledTextField.swift",
      "kind": "BooleanLiteral",
      "offset": 889,
      "length": 5,
      "value": "false"
    },
    {
      "filePath": "\/Users\/vagrant\/git\/project\/MWUHCWNetworkServicePlugin\/MWUHCWNetworkServicePlugin\/MWUHCWNetworkService\/Steps\/Login\/Views\/LabeledTextField.swift",
      "kind": "BooleanLiteral",
      "offset": 2830,
      "length": 5,
      "value": "false"
    },
    {
      "filePath": "\/Users\/vagrant\/git\/project\/MWUHCWNetworkServicePlugin\/MWUHCWNetworkServicePlugin\/MWUHCWNetworkService\/Services\/Login\/LoginService.swift",
      "kind": "StringLiteral",
      "offset": 2852,
      "length": 55,
      "value": "\"(?<tagheader><string xmlns=\\\".*\/ValidateService\\\">)\""
    },
    {
      "filePath": "\/Users\/vagrant\/git\/project\/MWUHCWNetworkServicePlugin\/MWUHCWNetworkServicePlugin\/MWUHCWNetworkService\/Services\/Login\/LoginService.swift",
      "kind": "StringLiteral",
      "offset": 2918,
      "length": 19,
      "value": "\"(?<response>.*)\""
    },
    {
      "filePath": "\/Users\/vagrant\/git\/project\/MWUHCWNetworkServicePlugin\/MWUHCWNetworkServicePlugin\/MWUHCWNetworkService\/Services\/Login\/LoginService.swift",
      "kind": "StringLiteral",
      "offset": 2948,
      "length": 24,
      "value": "\"(?<tagend><\/string>)\""
    },
    {
      "filePath": "\/Users\/vagrant\/git\/project\/MWUHCWNetworkServicePlugin\/MWUHCWNetworkServicePlugin\/MWUHCWNetworkService\/Services\/Login\/LoginService.swift",
      "kind": "StringLiteral",
      "offset": 3015,
      "length": 14,
      "value": "\"Login Failed\""
    },
    {
      "filePath": "\/Users\/vagrant\/git\/project\/MWUHCWNetworkServicePlugin\/MWUHCWNetworkServicePlugin\/MWUHCWNetworkService\/Services\/Anonymous Login\/Tasks\/AnonymousLoginTask.swift",
      "kind": "StringLiteral",
      "offset": 909,
      "length": 11,
      "value": "\"anonymous\""
    },
    {
      "filePath": "\/Users\/vagrant\/git\/project\/MWUHCWNetworkServicePlugin\/MWUHCWNetworkServicePlugin\/MWUHCWNetworkServicePluginStruct.swift",
      "kind": "StringLiteral",
      "offset": 463,
      "length": 69,
      "value": "\"https:\/\/4246f6c6-f789-43b3-9dd1-41cf91296fbf.mock.pstmn.io\/patient\/\""
    },
    {
      "filePath": "\/Users\/vagrant\/git\/project\/MWUHCWNetworkServicePlugin\/MWUHCWNetworkServicePlugin\/MWUHCWNetworkServicePluginStruct.swift",
      "kind": "StringLiteral",
      "offset": 630,
      "length": 43,
      "value": "\"io.mobileworkflow.UHCWNetworkServiceLogin\""
    },
    {
      "filePath": "\/Users\/vagrant\/git\/project\/MWUHCWNetworkServicePlugin\/MWUHCWNetworkServicePlugin\/MWUHCWNetworkServicePluginStruct.swift",
      "kind": "StringLiteral",
      "offset": 700,
      "length": 52,
      "value": "\"io.mobileworkflow.UHCWNetworkServiceAnonymousLogin\""
    },
    {
      "filePath": "\/Users\/vagrant\/git\/project\/MWUHCWNetworkServicePlugin\/MWUHCWNetworkServicePlugin\/MWUHCWNetworkServicePluginStruct.swift",
      "kind": "StringLiteral",
      "offset": 630,
      "length": 43,
      "value": "\"io.mobileworkflow.UHCWNetworkServiceLogin\""
    },
    {
      "filePath": "\/Users\/vagrant\/git\/project\/MWUHCWNetworkServicePlugin\/MWUHCWNetworkServicePlugin\/MWUHCWNetworkServicePluginStruct.swift",
      "kind": "StringLiteral",
      "offset": 700,
      "length": 52,
      "value": "\"io.mobileworkflow.UHCWNetworkServiceAnonymousLogin\""
    },
    {
      "filePath": "\/Users\/vagrant\/git\/project\/MWUHCWNetworkServicePlugin\/MWUHCWNetworkServicePlugin\/MWUHCWNetworkServicePluginStruct.swift",
      "kind": "StringLiteral",
      "offset": 1083,
      "length": 10,
      "value": "\"Username\""
    },
    {
      "filePath": "\/Users\/vagrant\/git\/project\/MWUHCWNetworkServicePlugin\/MWUHCWNetworkServicePlugin\/MWUHCWNetworkServicePluginStruct.swift",
      "kind": "StringLiteral",
      "offset": 1129,
      "length": 10,
      "value": "\"Password\""
    },
    {
      "filePath": "\/Users\/vagrant\/git\/project\/MWUHCWNetworkServicePlugin\/MWUHCWNetworkServicePlugin\/MWUHCWNetworkServicePluginStruct.swift",
      "kind": "StringLiteral",
      "offset": 1172,
      "length": 9,
      "value": "\"Sign In\""
    }
  ]
}